index,tweet,label
6933,"gapapa masih ada besok, ayoo tetap menyerah jangan semangat!! :(",Sad
2985,wkwk sama bangga banget merasa bener nebak jeongwoo walaupun sempet ragu sama bahunya tapi yakin suara jeongwoo,Joy
6412,sedih aa. tahan ngantuk kot,Sad
1791,tolong panik ini melanda lagi,Fear
6490,"rindumu sajak sentuhan. kalimatku pernah pucat pula. sama halnya dengan keriput lengan ibunda; mengelus hangat, sepi kulitku.",Sad
2877,"barakallahu fii umrik dok.. sehat, panjang umur, bahagia dunia dan akhirat. aamiin.",Joy
6728,"happy birthday tapi sedih season ni maybe tiada hadiah silverware with club epl sudah sah jauh ketinggalan. ucl je lah tinggal, itupun kalau mampu.",Sad
2053,semangat ngantornyaa,Joy
3950,nah ini suka banget,Love
71,gausah kaget kalau tiba2 gue jadi benci sama sodara gue. dasar orang gatau diri. benalu. kacang lupa kulit. bajingan sama sodara sendiri.,Anger
2288,alhamdulillah kayanya enak tuh kak,Joy
4165,"menjalani operasi pada senin, 31 januari. sejak itu, ia menerima perawatan rawat inap dan tes pcrnya negatif sebelum keluar dari rumah sakit. jimin tidak menunjukkan gejala luar biasa selama berada di rumah sakit. dia menderita sakit tenggorokan ringan saat masuk ke rumah sakit+",Neutral
1260,eh anjir woozi takut bgt gue takutt,Fear
1666,hahaha iya benerr aku pun kaget ternyata ujung2nya anak bio,Fear
5277,"6. mata berkunang2, kalau main hp makin stress dan panik dibuatnya (paling kerasa pas siang hari) 7. perasaan ku akan timbul gak enak kalau berada didalam kamar yg berkedap, tapi kalau diluar ruangan yg ada hawa2 anginnya gak ada. justru oke banget. sudah jalan 8 hari.",Neutral
5684,"trus pas pulang, kn aku dianter sma kak yer, nah aku bilang deh ke kak yer.. trus kta kak yer, dikantornya tuh banyak banget yg suka sma kakak, sering ngajak lunch bareng or keluar pas weekend bareng.. tapi ya gitu gk ditanggepin aja malas soalnya",Neutral
6317,"banyak fans tersakiti. entah dr bws atau shipper main couple di series. posisi win sama female lead di series baru jg jadi serba salah. mereka mau deket ke bright nanti dihujat, gak deket dibilang gak ada momen dan itu jg ngebuat fans kecewa.",Sad
2423,semangat mas bogs,Joy
6740,ayang w kemanaasiee sepi bgtt .mingyu,Sad
1695,malu bgt kalo inget moment jaman main rp,Fear
1095,"tapi keselnya sih ya itu, ada pertanyaan dari base yang mewakili gue banget, tapi kok sepi banget, gue udah nungguin padal",Anger
3936,"hai, jinni! cantik banget profilenya. aku lagi suka lagu-lagunya cigarettes after sex sih, apalagi yang ini. kalau kamu akhir-akhir ini lagi suka dengerin apa? btw selamat ya untuk debutnya!",Love
4198,"kalau menurut etika menaiki kereta yang kucari di internet semalam, tidak ada yang melarang tiduran di kompartemen kereta. dia lalu tersenyum. ""asal kau tidak berisik dan mengotori kompartemen, itu saja.""",Neutral
2937,alhamdulillah ga malu,Joy
1630,cuma kaget doang..,Fear
4319,"gue ga kenal anak mipa 3, ga kedengaran kabar nya",Neutral
1881,yg blm gw fb bentar ya aksjsj gue takut limit,Fear
4738,udah biasa ini mah,Neutral
1612,masih kaget tb2 di jepang,Fear
978,demi tuhan risih banget. twitter ada fitur kayak gini di timeline ih. udh di silang masih suka muncuull,Anger
6215,"baru bangun rumah dh sepi, gatau pada kemana jadi kesepian",Sad
5022,"sabar je, debat sama orang tolol minim edukasi emang ya gitu gabakal ada abisnya",Neutral
3859,"sayang istri liat suka beli baju pesta di ig shop langsung cushh beli baju dehh, enak nya kalau terhubung indihome mempermudah dan memperlancar kebtuhan online",Love
848,udah deh ngaku aja siapa yang mbeking nih bupati. ga takut dihisab panitia hari akhir tah?,Anger
3477,"bangun tidur, gitaran, no make up, ngegame, doing sport thingy (baseball dll) duh gue suka semua",Love
4645,"pernikahan yang biasa saja, sudah tidak mudah, apalagi kalau anda masukkan orang ketiga",Neutral
4294,"jangan terlalu banyak memikirkan sesuatu,pikirkan saja apa kepentingan mu dan apa yg menjadi tujuanmu, sisanya lupakan saja.",Neutral
6426,ga ngestan sn tapi bias gue dia.. sedih banget asli,Sad
47,yg dinamakan org prik bin tolol,Anger
5252,grgr teminum kopi kah jadi gugup tadi?,Neutral
1350,"takut gue, mau hidup tenang",Fear
6515,"page 36/365 seharusnya jujur dari awal si kalo emang sebenernya gak pernah tulus, jangan terpaut karna kasihan datangnya. yang ikhlas ya jangan buat orang yang mengharapkan mu kecewa",Sad
446,"mungkin ngerasa gaenak pak karna gopal udah tinggi jabatannya di aafikabbogor, dan mungkin juga dikira cuma bercanda, mau negur ga berani mau marah juga ga berani mungkin gitu yaa",Anger
1743,klo bener semua takut,Fear
844,"ini maksutnya malu shy apa malu ""palu"" sih?! yang jelas dong!!",Anger
6583,baru bangun tidur woyy elah sedih bgt denise left padahal masih positif thinking dia bakalan cb ot7 mana vine gk ada pengumuman resmi lg emg agenshit,Sad
5918,"jangan sedih, mereka tiang, kita normal kok.",neutral
6527,pagi pagi langsung dapat berita sedih,Sad
2669,demi apapun suaranya niji enak banget ya allah. sanji mengmaaf aku gonggong buat niji dulu,joy
4914,"pedri : ""atletico? merekaa akan keluar untuk menekan seperti biasa dan mencuri bola dari lapangan lawan. mereka memberikan banyak intensitas dalam permainan. kami berharap untuk menguasai bola dan memainkan permainan kami.",Neutral
1294,terkadang kita selalu memaafkan seseorang hanya karena takut kehilangan.,Fear
2184,semangat yaa para pejuang keluarga.. semoga dilancarkan rezekinya yg berkah.aamiin,Joy
3049,"wow hari ini rasa rajin banget. belanja ke pasar terus bikin ebi furai nge-recook resepnya ci devina hermawan. untung berhasi dan enak, jadi semua orang rumah suka.",Joy
3881,kakakk bagus banget suka suka alaska florida sgt super duper bintang 5 ilyy - terima kasih glad you like it! waduh bintangnya ada 6 tuchh,love
6611,versi selesai anjir sedih bgt,Sad
6930,sayangnya kanra masih belum puas.,Sad
4217,woohh boleh tuh caakk.. labu siam kan? yg ukuran normal atau yg buat lalapan biasanya lu?,Neutral
1112,"anj j1min aing udah mau sedih, sialan lu ngetiknya kek gi mati aja, gk jlas lu ji udah lah gi gak usah d kasih jatah 5 bulan aja",Anger
776,"berkoar-koar sajalah yg kek gini sudah di sumpal pakai duit la diem la termasuk yg ngamuk-ngamuk di sebut jin buang anak, jin nya saja gak marah kok..yg manusianya ngamuk-ngamuk, Sadarkah kalian itu sudah di provokasi woii ? di kampung saya jg ada tempat yg disebut gitu",Anger
6690,duh.. gimana ya buka pola pikir orang-orang kayak gini.. sedih aja ngebacanya..,Sad
2153,semangat.,Joy
4897,apa kabar ya pak raimu din a¿?,Neutral
3889,"suka banget sama lagu barunya kangen band, gak tau udah berapa lama gak ngehype mereka dan biasku kak izzy masih tetep ganteng sama kayak belasan tahun kemaren",Love
4508,"ya makanya aneh banget, bukan perkara gue punya anak atau enggak, gue nih emang anti bgt sama kekerasan, dan dia beranggapan bahwa normal untuk bentak/nyubit anak.",Neutral
3901,"gua selalu suka kalau pagi-pagi buka tello terus ada yang kirim ginian huhu please lu cepet sembuh yaa makasih banyak karena udah baca ajay dan kugi, nanti gua update lagi oke?? cepet sembuh banget ini gua benerannnn",Love
5681,rata2 klo cuma follow ngga ada deh yg pake proof. aku pribadi suka kasih karena biar ga ke kelewat jeda waktu yg 3 menit,Neutral
1851,takut abis barbar,Fear
1963,baru nyadar dulu kenapa suka banget beli boneka babi. jadi numpuk di lemari gini astaga,Fear
4303,di ft galak2 bgt diteriak2in sm kating di sini saking baiknya sblm mulai apa2 ditanya dulu apa kabar semalem tidur jam brp sm katingnya,Neutral
3980,"waktu awal suka banget tuh karena sering dicengi di kokomz perkara gua pasang bio leebit di rp jadi dicengin lee kn*w cubit bgstt padahal itu nama skzoo-nya lino. -,- terus lama kelamaan baper sih gua.. maaf baperan terus confess, ternyata cubit menerima confessan gw.",Love
3043,"amanda, dia temen sekelas aku waktu kelas 7. dia tuh cantik banget masyaallah, baik jugaa kalo ngomong tuh anggun, bawaannya adem aja kalo ketemu dia, trus anaknya solehah + pinter, dia suka ikut2 organisasi gitu. kurang apalgi coba",Joy
485,arghh emosi liat bang ziel,Anger
6200,"aku sedih diputusin pacar, katanya aku udah gak tampan, gak mapan. aku harus bilang apa? “ akurapopo ¦",Sad
3770,dear cowo : kenapa si kalian suka banget ga gasi kejelasan sama cewe apa kalian itu aslinya lagi deket sama banyak cewe dan ga mau mereka hilang,Love
5424,bahagia rasanya putri asli papua kakak fientje maritje suebu sebagai duta besar ri untuk selandia baru. papua = torang torang = indonesia indonesia = papua papua harus tetap bersama indonesia.,Neutral
30,emosi bung,Anger
1879,"ngeri, nganti dimakamkan di satu liang",Fear
5270,takut boongan ya ??,Neutral
5623,punten mama rossa beneran melupakan al andin baby z. al bukan anaknya mama rossa ya. sampai ketika mama rossa bahagia aja ditinggalin al,Neutral
3612,"saya pasti maulah dipeluk sama ibu guruku sayang...... saya suka kehangatan dari wanita dewasa seperti ibu karena ibu adalah wanita berpengalaman. begitu saya dipeluk ibu lalu saya ciuman dengan ibu, netek asi ibu, dan pipis enak lagi dan lagi",Love
4560,"aku udah open seperti biasa ya! hehe yuk yang mau order bisa banget nih langsung dm atau wa aku, have a nice day guys!",Neutral
6296,sedih banget onlen lagi,Sad
3337,aku nda suka dispet tp makasi y udah kasih foto ini,Love
636,hukum penguasa beraninya ke rakyat kecil bangsat plus bajingan!!,Anger
4650,"kalau kebalik gmn?jangan jangan semua dari nusantara skrg jg udah biasa kita kirim barang baku, balik balik barang jadi yg kita anggap ""asli luar"" catatan sejarah adalah potret waktu peristiwa, bukan sejarah itu sendiri",Neutral
2406,good morning ka sky! semangat ngeba hari ini yah sama jangan lupa sarapann,Joy
1083,"orang cuma bisa nya ngeliati hidup orang lain saja, tp mereka nggak pernah ngeliati hidup mereka sendiri aja belum bener!",Anger
861,"pake pura2 kaget segala, sok iya -_-",Anger
5538,lah anj enak banget??,Neutral
903,kalau emang mau negakin syariat jangan setengah2 dan yang enak aja. orang2 kayak gini yang bikin citra poligami buruk dimata orang2. banyak orang jadi nganggap poligami karna sangean doang. bikin emosi,Anger
6946,"kamu jahat tapi nikmat, aku bingungggg :(",Sad
109,akhirnya bangun siang. tp si bodoh ini kaga solat subuh,Anger
6809,sedih mart mu takde piala musim ni,Sad
5816,"oke, pertama-tama. ulangi kalimat enih. ""cih, kudaranai watashi bangun di 2022 dan belum menjadi character anime serta belum tinggal di isekai. ck watashi sangat kecewa.""",Neutral
4401,"ada yang terlihat tenang padahal sedang berantakan, ada yang terlihat bahagia padahal sedihnya luar biasa.",Neutral
4253,gapapa ko nder santai aja,Neutral
5946,kok sepi rep nya gak kek pas masa-masa penjilat,Neutral
5033,"bahan bakar marah & benci, juga kekerasan adalah rasa takut. kalau mudah marah & benci, bisa jadi di dalam diri penuh ketakutan. tanpa takut, seseorang enggak akan bisa marah & benci. tidak adanya takut barangkali di situlah sebenar-benarnya cinta",Neutral
4348,halo apa kabar samporasun kepriye kabare om suastiastu nara gerotelo napa habar thats all from indonesia,Neutral
1831,"walaupun danpuspom anak buahnya emangnya lu kebal hukum, tugas puspom ga liat lu jendralnya tapi liat kasus hukumnya. bilang aja dung emang takut dikerangkeng.",Fear
6813,"jd rayyan positif guys, sbg tante yg lemah ini gbs bgt denger berita keponakannya sakit hh sedih bgt gbs bantu nemenin anaknya blm bangun jd blm dikasi tau aa gatega",Sad
782,benci banget gw sama yg jualan agama.. agama cuma topeng.,Anger
6913,"somehow agak ragu kalau dibilang yg dicari 'talent' karena pada dasarnya yg diliat ada dua = visual sama talent tapi wajar sih namanya jg showbiz. indo aja begitu, gimana korea.. cukup menyedihkan",Sad
6576,"ih sedih bayanginnya, gimanapun suatu hari semuanya pasti mencapai akhir kan ya :(",Sad
2820,"tengok orang lain bahagia sangat in relationship, jadi ingin",Joy
3951,"aku sering banget ngeluh soal muka yangg sensitif, suka muncul breakout gak jelas dan dimana-mana, dan aku pengen deh punya muka yg glowing kayak cewek lainnya. kadang juga capek sama muka sendiri karna sering breakout",Love
1825,kalo yang hockey summer masi bisa diliat lah ini kek pas oper oper pucknya tuh bisa ngepas gitu mana kan mereka lari sana sini liatnya takut pada kepleset,Fear
1094,akibat?? pernah liat plat b bawa kendaraan di luar jakarta? ugal2an padahal jalanan sepi kayak dikejer setan bego gitu,Anger
5007,"yah kok marah, padahal cuma ngasi tau yg bener..",Neutral
5951,kalo gak takut sedih emang gak waras,Neutral
3133,"aku bukannya nda suka sih tp ngga bisaa, karena punya alergi rhinitis dan kt dokter kalau bisa di kamar jangan ada terlalu banyak barang biar nda memperparah, jd wkt itu siklusnya beli - baca - jual/kasih orang. untungnya sekarang udah ada e-reader puji tuhan!",Joy
4287,tuli-tulis saja nama2. rakyat kurang lebih 200 juta.,Neutral
6841,mantap ah sedih kucing mati pun aku kerja lagi. hamba sistem nampaknya.,Sad
5461,malah minyak satu harga adanya cuma di awang awang.. kudu produksi sendiri minyaknya..,Neutral
1654,yep truee lagi lagi the oldies kan semua macam takut for booster sebab baca news regarding post-booster effectsi mmg ingat nak walk in ppv dkt pwtc tu je nanti hahah,Fear
5798,kenapa hati mu lagi sepi ? ya karna kalau rame lanjut part 2,Neutral
5420,"wts acc rp y13 f1k - v email (dpt pass email), vall + 1k - go green - masuk ht mt - jarang ke ?72h - bukan bekas sus - enak di upfoll 65k,,t. wts tawarin need murce ijo",Neutral
2858,"yosh semangat teruus! maacii asmakdoen pantjen ouye! semangat jg buat elu maakk, penasaran nih w sama hari senin lu nanti :d",Joy
4743,"kenapa belum? sarapan dong, apa ngga biasa sarapan?",Neutral
4597,"baru saja mengirim foto jayapura, indonesia",Neutral
4848,"imam al-barbahari rahimahullah: jika engkau melihat seseorang duduk bersama ahli bidaah, ingatkan dan beri tahu dia. jika ia masih saja duduk bersama ahli bidaah setelah mengetahuinya, jauhilah dia karena sesungguhnya dia adalah pengikut hawa nafsu syarhus sunnah 144/121",Neutral
4410,boleh ikut pa kabar ratu ?,Neutral
4022,"cewek itu suka berpura-pura dan menutupi semua masalahnya, karena dia gak mau ngerepotin dan bikin khawatir orang yang dia sayang",Love
4538,"biasa nya gitu kalo abis ke lock, bakal balik kok",Neutral
2955,masih paling nanti agak cacat aja dikit wkwk,Joy
5924,twitter makin sepi apa yang fake udah pada mati ya,Neutral
1204,"ga bolehh, soalnya udah makan mie kemarin' takut lambung aku kambuh lagi kalo keseringan wkwk",Fear
2202,"pelan pelan sama yvyv h*jnya dibalikn ke ranjang. ga kasar ga kenceng,""sayangnya, yvyv nakal ya. ditinggal malah main sendiri. ya udah main aja situ sama bantal hyung lagi. "" h*j geleng geleng panik. asli suara y*hnya lembut bgt. ga kaya marah. ""ga mau, ga puas. pingin yvyv""",Joy
5381,aph yg membuat mu ragu nak?,Neutral
3326,"iya bangett suka minderan, kalo nemenin temen yg suka nya cuma liat2 aja kadang suka malu banget",Love
5456,dia memberi kekuatan pada yang lemah dan menambah semangat kepada yang tiada berdaya,Neutral
3176,"jangan khawatir boy, gw juga gagal pinalti tadi kok. apalagi ini cuma kompetisi haha hihi piala fa aja, santai boy.. kata babang ronaldo.",Joy
7041,pernah nolak orang yg padahal gua suka banget ama dia alhasil gw gamon ampe 11 tahun berlalu,Sad
1770,"tambah ngeri aja ni,,",Fear
829,"ngimpi koq bikin emosi org .. bikin laper lg.. pokok'e maadyaaaaang.. sugeng enjing, happy weekend",Anger
6749,"pdhal w ga stan secret number, tp kok ikut sedih denger denise keluar",Sad
6588,gw yakin kedepannya lockey sedih kalo liat gambar ini,Sad
627,kdrun bego tuh..,Anger
4149,gatau man reflek saja,Neutral
925,"susah bgt liat orang lain bahagia sih, dasar para pelakor",Anger
295,"twt w mulai nga jelas ni keknya, mulai sedih, marah, kesel, nyinyir, lambe turah. bukan kind human lagi:(.. ok let's go ke pak ayi, aku ngobatin mental ku dulu gais",Anger
1052,"hh benci banget sama akgae, akun yg suka bahas 1 member aja trus suka berantem sama akun lain udah aku bub berantem gitu lama lama bakal saling jelekin member lain trus berubah jadi akgae aku maless mutualan sm ornag kaya gituu",Anger
4378,"wta, kalo gini gimana biar kaya normal lagi? money!",Neutral
4653,"yang dilihat itu progress nya bukan stuck pada cerita silam, bagaimana kamu bisa menilai orang lain berubah jika pandangan mu saja masih pada cerita lama",Neutral
2271,semangat deh gw,Joy
944,"eh kok papa kenal? namira liatin bokapnya penasaran. ""ini alex anaknya pak adin yg kecilnya suka kelai itu kan?!"" alex ngangguk, ""sampe sekarang juga masih suka kelai, om. cuma gak ada lawannya."" berani banget emang ini anak, bikin malu campur kesellll",Anger
5631,"orang-orang yang suka berkata jujur mendapatkan tiga hal, kepercayaan, cinta, dan rasa hormat. (khalifah ali bin abi thalib)",Neutral
5872,"baru pertama kali ada yang ingin lihat kami berkelahi, biasanya banyak yang bingung. karena terlihat serius ketimbang bercanda. jangan terlalu sedih dan jangan banyak dipikirkan, ai. banyak berdo'a saja mudah-mudahan abangmu berubah.",Neutral
12,"pagi-pagi dikerjain orang haha dikira gua bego, ya gua ladenin lahh liat sampe manaa",Anger
1117,"kebiasaan banget selalu bawa member lain, selalu ngebanding bandingin. dikira member lain gak sedih juga apa?",Anger
5153,"05.02.2022 tepat 1 tahun banyak penyesuaian, adaptasi, jengkel, nyebelin, walopun gw suka ngambekan kadang frontal tapi tetep harus faham dan cepet diselesaikan. ahh beli kue tart dulu dehh",Neutral
4556,aku selama dapet nilai nggak remidi disyukuri saja,Neutral
4449,"09.20 simpang agus salim : antrian kendaran normal diketiga kaki simpang, situasi arus lalulintas lancar",Neutral
3792,"suka banget keknya bawa dy buat dibanding"" in, habis itu jadi dy nya yang di drag",Love
1319,"di ig cuma sesekali doang bikin story, itu pun random isinya, cuma biar keliatan masih hidup aja, takut dikira dah mati",Fear
3994,cinta mati banget sama yang namanya pizza,Love
6919,bahkan jika itu palsu terimakasih telah membuatku merasa penting :),Sad
6473,semangat.. jangan nangis eiya air mata lu lebih berharga dari apa ye gue juga gatau :( tapi gue juga sedih si mana gak bisa ngedadahin :(,Sad
3011,kaget tapi senang aa changmin,Joy
6819,"guye ak lagi sedih bgt, kucing aku satu meninggal",Sad
3210,luar biasa pak,Joy
653,"kek apa ya gasuka sm teman yang ngasih tau tapi kaya sambil marah marah gitu, apa ga bisa kalem gitu",Anger
2570,ih enak bgt aa mau jg,Joy
3752,"me time adalah salah satu cara terbaik yang bisa dilakukan di weekend ala aku. kalo aku suka banget weekend sambil nonton drakor sepuasnya pake indihome ditemenin jajann, kalo weekend versi kamu apa nih bestiiee",Love
4030,"jika seseorang tidak mencintai anda janganlah di benci, karena mungkin akan tumbuh benih cinta kembali",Love
4865,ga nikah aj aku klo nurutin ini maaf saya cuma wanita biasa yang kurang ilmu agama,Neutral
6905,"dia baik , dia tanggung jawab , dia perhatian , dia pengganti sosok papah,dia mengerti aku , orang tuanya sayang anggap aku seperti anaknya , dia tidak membiarkan ak sedih , selalu khawatir kalo aku kenapa napa.. and now , i lost him forever",Sad
3355,"kelebihan vr aku mah paling suka pake vr buat nyelem di laut. hahaha itu kocak banget. anakku suka banget tuh main itu, sama bola.",Love
3751,"kedua, ada seth yang terlihat seperti ccn alias cold city namja padahal aslinya dia tuh warm banget! seth ini kayak air (loh?)” maksudnya, dia nih aura nya nenangin gitu. dia suka ngobrolin banyak hal dan anaknya juga receh punya banyak jokes bapack2",Love
3617,"sebagai anak perempuan bapak yang suka bangun siang terus dibangunginnya karena perkara disuruh makan aja, gak relate kalau harus berjuang sendirian demi laki-laki. aku dicintai begitu penuh sama cinta pertamaku :d",Love
5156,"saya aja suka sudu, kalau suka kamu, nanti garfu marah",Neutral
2431,"halo, siapapun kamu dan dimana pun kamu semangat terus ya. masih ada langit di atas langit, semoga apa yang kamu takutkan ga terjadi ya! dan semoga hal baik yang kamu ingin kan bisa tercapai. klo msh ngerasa bingung cerita kesiapa, maybe kamu bisa mulai cerita ke aku, be happy",Joy
5665,suka banget ga bales wa. btw kak ian kenapa marah-marah,Neutral
570,tuhkan marah..,Anger
1448,aku belum makan siang makji gak selera ga belum nyangkut mau nangis gak menang rasanya malu..,Fear
5705,"sakit tenggorokan awalnya, trs jadi demam naik turun, kepala suka pusing banget, trs flu dan batuk dehh, kalo nemj gejala gitu mending swab pcr aja, kalo emg (+) ntar suruh lapor ke puskesmas/rtmu klo emg gejala ringan disuruh isoman aja, rajin rajin berjemur, makan sehat, vitamin diperbanyak",Neutral
4535,alhamdulillah kabar baik,Neutral
1745,"kompakan niyee, kaget, heran, geram sudah gak asing ditelinga.",Fear
3473,"lagi suka banget lagunya tbz summer time, judulnya aja dah summer tuh oh sama ini luizy - baby ride",Love
3575,"justru aku seneng banget ama event ini dan lebih suka ini dibandingkan lantern rite (tpi demen cut scenenya bagus), lucu liat kichiboushi, paimonnya juga gemesh, liat lumine ngejawab setiap pertanyaannya juga lucu2",Love
287,"haduh jangan pjj dong, udah mulai ngerti pelajaran tiba tiba pjj jadi bego lagi ntar",Anger
1738,kaget langsung bener,Fear
4424,"ok, jangan berlebihan sewajarnya saja",Neutral
6246,diam nder sy sedang kecewa berat,Sad
2698,mandi air anget pake garam enak jugaa yaa langsung freshh ke badan..,Joy
3879,suka banget enak keras2 alot,Love
6299,"pas lewat jg kaget banget, gini banget deh netizen indo sempet record saking kagetnya. beda banget sama komen orang luar. orang tua nya kalo liat terus ditranslate pasti sedih banget",Sad
4880,jangan pernah merendahkan diri sendiri karena kita itu luar biasaa,Neutral
5394,"bolos, katanya takut kena congorna",Neutral
1684,iya itu di sana takut,Fear
4609,siapa saja yang melakukan pengelolaan pertambangan di indonesia,Neutral
1338,"sebagai penderita agoraphobia, anna gabisa keluar rumah guys, dia bakalan panik dan takut kalo terjebak di suatu ruangan atau bahkan situasi yang ngga familiar gitu. jadi susah ya ges si anna gaboleh keluar rumah dah intinya.",Fear
3404,"gua kalo cinta sama orang suka bucin banget sampe kayak orang bego,tapi kalo tuh orang udah cinta balik,gua malah ilfeel",Love
5809,"salah lah wkwk ntar orang orang pada ikutan sedih, ya walaupun gua gk sedih sih",Neutral
4614,katapat 14 4/6 sekali lagi melakukan kesilapan yang sama. hampir saja terciduk! tak tahu mengapakah ini terjadi buat diriku!,Neutral
4113,"lagi males bales pesan wa, mau deact tp komunikasi cuma disitu. jangan smpai tangan gatel buka wa kalau ga urgent deh beneran muales",Neutral
2258,"pantesan ada istilahdek cinta gak enak padaku? si adek bilang cintamu abang trus si babang bilang adek ku kalau kau cinta pada ku usir bapak mu..,..",Joy
4063,"kemarin hari jumat fun banget entah kenapa, jalan bareng sama sahabat sma (kurang lengkap si) tp one thing gue sayang kalian banget, terima kasih ya udh ngeluangin waktu, terutama kalau gue sedih. gabisa dijelasin rasa sayang gue ke sahabat-sahabat terbaik gue. luv u sekebon",Love
5771,"terima kasih dasom-ah, kamu suka kah kopi seperti ini?",Neutral
3089,"selain itu, saat ini belut juga sudah menjadi cemilan yang dikembangkan oleh beberapa umkm lho. wah, keren banget kan. paling suka makan hidangan apa nih dari belut?",Joy
2531,"happy b'day dedek jiee. adek nuna udah gede. ttap jd maknae yg sabar menghadapi kelakuan abang2ny yah. nuna syang jisung. bahagia terus yh. tenang aja, jisung ttap jadi maknae kesaayangan & yg pling kiyowok,,",Joy
6549,bukan lockey tapi sedih bgt denise hengkang dari secret number. menurut gue denise dan monday vocal terbaik di gen4 sih (menurut gue ya jgn salty) ditambah lagi mereka dari company kecil,Sad
1564,"hi kak, mohon maaf terkait kendalanya. terkait kendala tersebut, untuk saat ini kami tidak dibekali informasi tersebut. apabila ada kendala lain jangan ragu untuk menghubungi kami ya kak. terima kasih ^wh",Fear
5402,bersabar itu jauh berbeda dengan tidak bertindak karena pesimis dan takut. bersabar itu bertahan dalam sikap baik,Neutral
3698,"buat yg suka wangi2 kelapa smooth rileks gitu pasti suka yang vs coco sleep sama coco zen. asli calming banget wanginya, pas dipake agak watery dan hasilnya ngelembabin banget. def my fav, i do repurchase 2 ini ganti2an",Love
3494,happy bbovely dayy!! selamat bertambah usia teteh cantikku park bo young meski wajahnya tetap tidak menuaa.. ditunggu projek2 lainnya __ (fotonya rada ngiklan tapi suka banget sama foto ini),Love
2185,terima kasih pak ri 1 presidenku tetap semangat ya pak membangun bangsa ri,Joy
3235,senang banget dia udah seperti biasa lagi mantappp,Joy
1231,"malu tp gw gak diapain2 mer wkwk udah dibalikin gitu aja, dia tes detak jantung doang kali ya. gw beneran deg2an soalnya tapi ya tetep gak ada yg berubah, cuma emang tau sih kalo dipretelin, tettep takut",Fear
4724,bukan siapa2 tapi merasa prihatin saja sebagai sesama anak bangsa,Neutral
1258,"tbl tbl takut banget loh yang sering tiktokan pasti pernah dengar frasa yang diciptakan ini. sejak viral, tbl digunakan oleh perusahaan besar untuk promosi. penciptanya pun kecewa karena tidak minta izin emangnya frasa bisa dilindungi? [a thread]",Fear
2254,asli enak banget. apalagi kamunya sambil desah kencengg uuhh,Joy
1951,kdg suka ngayal nemenin doi wisuda beh bahagia banget kali yak rasanya wkwk. tp takut juga kalau pd akhirnya bukan aku yg nemenin,Fear
6577,sepi,Sad
113,aku dendam sama ntu dua orang itu.,Anger
6009,morning ninyan! awak jangan ikut murung jugak okay?,Neutral
5178,pura-pura bego padahal tau semuanya seru banget ya,Neutral
6904,"dan pada akhirnya lu menjadi bingung sama perasaan lu, sama pola pikir lu, terlalu takut untuk maju. termenung dalam diam, overthinking tiap malam, masuk dunia virtual dan menjadi nyaman, aman, tentram. gak mau keluar, mau tetap di sana bersama orang-orang yg bisa ngertiin lu.",Sad
507,"hdeuu gw marah yhh tempe digituin, pdhl tempe makanan terenak dimuka bumi inie",Anger
3849,"banyak hal hal kecil yg aku lakuin ke kamu, ternyata kamu suka banget!! aku ngelakuin itu semua pure to make u happy",Love
5001,"tapi tetep ga membenarkan kalo sampe harus kasarin pasangan. se marah apapun mentok banting barang aja, ga sampe nyentuh fisik",Neutral
5992,lune mau temenan ga? nanti gue mention sepi banget ga ada temen ngobrol. rep panggil nama gue ya,Neutral
2548,ada ga si yg semangat siap siap kemana gitu eh sampainya disana jd bdmd gatau karena apa,Joy
3541,pap poca yang kamu suka banget dong sampe kapapun bakal tetep suka sama poca ituu,Love
6082,"sch! soalnya di sekolah ku (jateng) kekurangan guru bangett,,banyak guru yg bukan bidangnya justru ngajar di bidang tsb,dan bahkan kepseknya juga rangkap sama sekolah lain. kl emg ini bener sedih banget,gimana generasi kedepannya :(",Sad
6657,penonton kecewa,Sad
350,"giliran sgala hal yg berbau islam dikebiri,dpojokkan dg alih omikron. srius yg muslim kaga marah??imannya turun atau emnx pura2 muslim?",Anger
6408,"untuk comeback kemaren dan adanya hiatus. hiatus untuk mempersiapkan hati lockey biar tidak luka, iya tidak ada luka tapi sakitnya tetap ada. thanks buat member yang lain telah melewati ini, pasti mereka sedih dan sakit juga. udah sampi di sini aja, aku mau lanjut nangis",Sad
6808,benerbener sedih pagii yg harusnya bahagiaa karena keluargasuami tp dibuat ancur dijam 6 pagi gini..salah keluar rumah di pagihari,Sad
3805,"mimpi pergi bareng ma papuy vespaam, pulkam nek mobil, hft ternyata suka rindu juga",Love
1114,"suka heran sama orang yang udah ngasu tp ga ada effort sama sekali buat mastiin gue sakit ati gak, gue kecewa gak.maksudnyaa lo tuh Sadar gasih kalo habis ngejahatin gue, emang repot kalo kita ga pernah ngambek sekalinya ngambek dianggep yaudah, mungkin ga ngambek beneran!!",Anger
4987,dia punya keinginan besar buat hidup dan bales dendam makanya dia tetep hidup meskipun setengah zombi,Neutral
298,bisaa dong yah! jgn bikin emosi dulu pagi-pagi !!,Anger
3357,"masih nggak ngerti sama orang yg suka maen kode-kodean, padahal to the point itu enak banget",Love
6957,"posisi sendiri itu emang enak, tapi kalo lagi ngerasa sendirian gak enak banget :v kalian gt juga gak si?",Sad
2666,"semangat, semoga lancar ya",Joy
5499,"q lak pas dolan nang pondk mojo, area pethok-keniten-bendo mojo ada lho, malah seng enak iku keniten.. pernah soale q mas",Neutral
6005,pernah kah anda mndengar crt kbahagian yg hakiki di dunia yg fana ini.. trus kesenangan yg hakiki itu yg bgmn.. tak pernah merasa sedih gitu.. trus misal kalo laki sudah tidak kuat lemah cari nafkah apa layak di tinggal pergi.. di usir..,Neutral
6689,"barusan nonton ini, sedih ngeliat il-rak jadinya dia beneran anaknya si ha so itu? atau salah sangka doang?",Sad
229,kesel bgt anjir pagi2 udah ribet lu bangsat,Anger
3707,"paling ga suka rambut, jujur anjir kek struggle banget gue gambar rambut",Love
2906,"kalo dijawabkan dengan member nct. diriku di real life seperti jaemin,di sosmed seperti chenle and haechan. kalo emosi seperti renjun. kelakuan macam jisung. kalau baku hantam ya kek jeno lahh. mark terlalu sempurna jika dijabarkan dengan diri ku wkwkek",Joy
4903,gak sedih. biasa aja. kesel juga engga. tapi air mata tiba-tiba keluar padahal feeling lagi kosong haha. gilss.,Neutral
3262,"aaaaa sender seneng banget akhirnya au sender mulai rame dulu ga ada yang nungguin, sekarang yang nungguin hampir 300 orang semangat para author!! jangan sedih au kalian masih sepi, pasti akan ada waktunya buat rame okayy",Joy
4545,baru lihat kabar denise astagaa andwee,Neutral
2103,"kalo abis pup pas pagi pagi tuh enak banget ga sih, perutnya jadi rata & langsing",Joy
5568,yuu semangat mekipun ga keluar air susunya,Neutral
4552,haii po di mirfa yuk dp 100k bookslot 50k aja dicicil santai dom tAngerang bisa shopee all payment,Neutral
2588,"tersenyumlah mi_christychibi, tinggalkan sedihmu. bahagialah, lupakan takutmu. tetap semangat dan terus menjadi yg terbaik :)",Joy
6744,gue sedih bgt kaya huhuu kisah mereka mulus sekali t__t mana relate banget sama lirik di samping,Sad
1614,jd takut buat pacaran lagi,Fear
607,kamu marah gak kalo digetok?,Anger
3014,sehat selalu panjang umur aamiin,Joy
1093,wehh bngt sedih bngt anjing w campur kesel gegara muka lo kayak orang bego,Anger
5733,"jadi kemaren di kasih sama temen sekerdus gitu, katanya isinya acak dan ada ceker. gue kan suka ceker jadi seneng dong, gue buka ini karena gue kira ceker tanpa tulang gitu. pas udah di buka sachet nya taro di piring, anjir belalang gede",Neutral
6955,ga enak mau ngapa-ngapain,Sad
6719,ko sedih,Sad
203,sabar sabar gak boleh marah,Anger
2890,mau marah tapi bener gimana dong happy taehyun day _21_,Joy
4085,"pagi ruby, apa kabar?",Neutral
837,malaysia ni. tokey besar la jadi payung orang politik. sebab tu nak kawal harga barang pun takut. nak tekan orang tengah tak berani. tokey besar bagi komisen banyak kat orang politik. subprojek dekat tokey besar. dapat komisen pun dah boleh kaya 7 keturunan,Anger
4239,"biasa ada mau nya manis dulu dukung rakyat, sudah kecapai maunya ya gimana gue, menjelang 2thn lagi pemilihan lagi ya manis lagi, ke pilih lagi ya gimana gue lagi..",Neutral
1230,"makji aku pengen mam mie ayam, udh bm 2 minggu lalu boleh gk makji? takut ileran ini cacingnya",Fear
5369,"ku bantu benerin nder :""",Neutral
1609,agak ngeri ga segrup jangan2 ketemu di final,Fear
5451,"menteri bumn 2 mengajak para warga memanfaatkan lahan perumahan menjadi lokasi2 pertanian. erick thohir pun menggagas program bernama2 energi tani2 atau et. dia menjelaskan, gerakan energi tani bertujuan membumikan semangat bertani.",Neutral
4391,oke saya berangkat sendiri saja,Neutral
4043,"bestiee happy birthday,bahagia terus ya, sehat terus, jangan galau terus, cakep terus, wish u all the best deh. semoga semua yg baik di dunia datang ke lo. Love Love uuuu",Love
3246,kabar baik utk kita semua,Joy
5432,kirimlah bangsa 10 kg perbulan.... perjenisnya..,Neutral
5862,daripada kecewa mending kecewe,Neutral
2517,semangat sender,Joy
5397,"apa lah nak jadi. cuba terapkan dalam diri kehidupan, kalau mampu jangan ambil bahagian orang yang tak mampu. sebab takut atas sebab ketamakkan kita, orang yang betul2 perlu tak dapat bahagian dia. kau rasa halal ke bahagian yang kau ambil tu kalau dah menipu?",Neutral
2471,mau athan sehat trs sama bahagia trs ok !,Joy
2647,nangiss bahagia kak,Joy
657,record of youth walau gue benci bgt sama endingnya,Anger
790,ekspresif marah di tl iya ke temen juga iyaa,Anger
5506,"kalo emak ku koleksi kopi top yg gratis gelas kata mas kopi nya enak, yaudah ibuk beli, sekalian dapet gelas nya",Neutral
5332,aku sebenernya panik tpi ttp cantik,Neutral
1359,soonyoung aku takut sama jihoon hiks.,Fear
5190,"jadi inget waktu kakak menikah, ayah juga bilang hal yang sama. dia bilang, ""sebelum ada lelaki lain yang mencintai dia (kakak), ada seseorang yang mencintai dia terlebih dahulu. itu adalah ayah. jika memang istrimu membuatmu kesal, tahan kesabaranmu, jangan pukul dia.",Neutral
2347,aamiin! semangat ngeba nyaa sayaang,Joy
5460,"karena blm dapet gantinya, karena blm tentu kerjaan yg baru lebih enak drpd yg lama",Neutral
2650,"kak caa semangat terus yaahh!! u can do it well!! kalo capek, istirahat duluu, tapi jangan lupa balik lagi biar ga makin numpuk sending a lot of virtual hug buat kakakk!!",Joy
5371,"dana receh buat 10 org gaiss, doain aku bigwin siang ini makasii",Neutral
6182,"aku sedih ada anak biologi masi nanya, trs harus dgimanain ya buat tau kenanya omicron ato bukan?",Sad
7042,"lebih nyaman sendiri sebenernya karena ngga nyusahin orang lain. cuma kadang suka mikir masa ma sendiri terus, emang aku ngga se worth it itu tes tes nangis",Sad
4684,haah.. tidak banyak yang bisa didapatkan dari grup obrolan itu. sudah berkali-kali hela napasnya mengudara. sudah berpuluh berita ia baca untuk mengetahui lebih dalam soal kasusnya. bahkan sistem database-nya pun berulang kali mengirimkan pesan terkait kasus itu.,Neutral
6227,jgn gitu dong bang.. jadi sedih neh,Sad
5519,isu pasal pendidikan yang paling aku tak puas hati dari dulu is kenapa sjk boleh dapat fasiliti lengkap compare dgn smk?k.,Neutral
3263,"cape nyari kerja, nyari judul ta, masalah di rumah, ditambah diputusin pacar wkwk murung bbrp hari di kostan tp ada my bestie yg selalu bilang gini. alhamdulillah skrg udah dapet kerjaan yg bener bener aku pengen, dan lupa sama kesedihan2 sebelumnya",Joy
6045,"sudah dikejutkan tampa di bangunin lagi, kamar sudah sepi dan berangkat ke masjid, sholikhah semunya anak"" ada perkembangan ni",Neutral
1780,pertama kali beli kolbuk lucu bgtt tapi rada ragu buat makenya,Fear
2651,"cari bubur ayam yang ada malah bubur sumsum but issokey lah, sama sama enak juga. met mamam",Joy
803,yaallah kenapa sih pagi-pagi udah dibikin emosi aja please ini weekend tolonglah kalau mau pulang ya pulang aja kaga usah tanya-tanya gue kan gue juga jadi ikut mikir!,Anger
857,"sok""an kaget , dasar beban",Anger
3941,"ga sih. tp jujur aku suka bgt kalo kak uju lagi main alat musik kayak, halo .. kamu ganteng banget ..",Love
6748,ekspektasi berbanding lurus dengan rasa kecewa.,Sad
4990,"karena di otaknya dia pen balas dendam, akhirnya sarafnya masih berfungsi buat jadi half zombie",Neutral
219,luv emyuu tolol sumpah,Anger
1288,sumpah takut banget,Fear
582,pagi2 udah dibuat emosyennnn gAngerti pikirannya apa posting2 foto cewe mau marah emang yaa nyokap udah gaada tapi mau ga marah jujur pengen marah jujur jadi ga mood hari ini,Anger
43,harus nya dihukum mati itu bangsat. rusak nama sumut karena dia,Anger
1234,"berharap ada yang cancel nendo bokuto dan akaashi yg di kyou biar bs co lgsg di web kyou aja mau ambil opslot tp takut krn harga nya ga murah dan rilisnya msh lama, nunggu sampe ina lbh lama lg tp takut jg sih klo ga dapet lg krn pasti war lg wkwk :"")",Fear
2691,"pagi, ibuk! semangat menjalani harinya~",Joy
6850,"ini tadi w beres2, w kagak tau kalo ada plastik yg digantungin di kursi meja makan itu isinya rambutan masih kecil2 tinggal dikit w kira kulitnya doang. jadi ya w buang aja. maklum gaada yg beres2 kalo gak pas w libur. dimarah dong sampe marah banget. ya maap w rabun.",Sad
1892,"takut bgt karna kepala pusing, tenggorokan mulai serak dan badan anget :"" untung kemajuan teknologi di tahun 2022 ini menyelamatkan anak kost sepertiku :') terimakasih gomart",Fear
4292,apa aku coba gambling 50:50 seperti biasa ya?? ngetest napas lagi wkwk,Neutral
6195,"setuju, padal aku termasuk orang yg kepo bgt sama ayato pas tahu ayato ke leaks duluan jadi kek kecewa dan ga excited lagi sama ayato mending drip marketingnya dari mihoyo langsung..",Sad
5199,seaweed costume vs hello kitty motif pertempuran paling asburd lagian kenapa denise marah bajunya dibilang motif hello kitty,Neutral
6832,"sedih, liat kamu bisa lebih bahagia dengan orang lain..",Sad
1071,"hebatnya indonesia .. gak cuman pemilunya saja, tes covid pun juga begitu !?!?",Anger
718,"wanita ini pamer ogah beri tip ke pelayan, ternyata balas dendam karena pernah jadi korban ghosting",Anger
2364,semangat cii,Joy
1505,eh iya jujurr takut ketauan,Fear
670,punya lama guna sonicator. pastu semalam najmi cakap tahu tak sonicator ni boleh buat jadi mandul? i was like aneh aneh lah dia ni. pastu tanya akmal. akmal iya kan. benci aa tanya diorang ni double confirm kat google dengan adnin. tipu je diorang ni,Anger
5897,"dok hari ini sendiri ya, perawat gigi nya libur lah pantes kok jm segini masi sepi",Neutral
5664,happy weekend .. siapa hayo yang suka ga enakan ? jangan diterusin loh mitra mtb. malah susah sendiri yang ada .. kalau mitra mtb termasuk orang yang susah bilang tidak atau apa adanya meski bikin ga enak suasana ? kasih tau donk di,Neutral
4078,apa kabar dunia twitter ? masihkah selucu dan seabsurd dulu ?,Neutral
897,"ngga ngotak emg. adenya positif, ngajak diskusi ngomong ga enak-enakan. pinter doang tapi ga ngerti psikologis org down.",Anger
5700,"gue tim yang kalau dikasih coklat, itu coklat gue kasih lagi ke orang lain. karena gue gak suka coklat.",Neutral
5608,engga. tetep tergantung calon pasangan sikapnya gimana. jangan takut. oke? kalau jodoh nanti dimudahkan jalannya. jangan lupa untuk memperbaiki diri sampai menemukan tirik terbaikmu semangat senderr,Neutral
1530,"mau siapapun lawan ina w tetep takut, tembus semifinal pun juga lawan dari grup b serem semua",Fear
2706,"gue juga lagi sebel sm keluarga, tapi liat u aku ngerasa kek masalahku gaada apa2nya dibanding kamu aku ngerasa malu:( buat kamu semangat ya kalo mau temen buat something talk boleh kok yuk dm an",Joy
5653,saya lebih suka otoriternya alm pak harto. harga dikontrol mafia pangan gak berkutik. migas dikontrol gak ada yg berani nimbun. preman disikat masyarakat aman tentram. sayang org2 disekelilingnya kurang baik. ada gbhn dan repelita arah pembangunan yg jelas.,Neutral
4110,baru saja mengirim foto special region of yogyakarta,Neutral
2851,"ada badutan ga semalem chingu, butuh badutan 2 ayang biar semangat menjalani hari",Joy
2943,ihh takut bgt loch wkwk makasyii,Joy
2646,"soalnya my biggest mistake utbk kemarin aku hopeless duluan, terlalu banyak kekhawatiran kalo aku ga lolos dan itu bikin ga fokus ga enJoy yaa kekhawatiran itu beneran terjadi taun kemarin wkwk semangat buat sendernya ya!! pasti bisaa!!",Joy
5396,kaget? takut karna kemarin mintanya kurang banyak..??,Neutral
1874,"ngga sih, gue malu soalnya pake baju haram. ga terbiasa juga pergi2 pake baju begitu",Fear
2370,kongkalikong paling enak emang sama beliau aja juaranya.,Joy
1769,kaget bgt tbtb mas crush ngucapin aaosjskajskansnsj sygnya dia pcr org gmn dong gue gabole baper,Fear
5143,"_harusnya anda bijak dalam kasih data,awal mereka bisnis itu sejak jaman sby atau jokowi..? . . _"" kalau bodoh diam,kalau pinter ajari "".. . .",Neutral
5837,astagfirullah gak jadi sedih baca tweet sendiri,Neutral
1983,kalau dia lgi marah omongannya pedas banget suka banting barang apa pun yg ada didekatnya,Fear
531,bukan emyu namanya kalo ga tolol ya goblok,Anger
5357,"aku pernah, jadi nanti dikasih pertanyaan kamu seorang individualis atau berkelompok jawab iya tidak ragu ragu, gitu doang",Neutral
4899,"percayalah tidak ada wanita yang baik-baik saja, ketika mengetahui pasangannya berkomunikasi dengan mantannya",Neutral
3589,kayaknya paraga suka banget ngajak wgl akun chaewon ya.. awas aja kalau di prank lagi:),Love
5224,kaget nikah bagus juga walaupun sedikit gimana gitu okee besok-besok nonton di wetv,Neutral
2163,nggak dong~ aku beli loyang 14cm 1 biji juga kemarin wkwkwkwkwk sempet mau beli yang 14 itu 2 sekalian kan enak kl mau kasih incip tetangga. tp nggak jadi beli 2 jadi besok gak bisa langsung ngovennya,Joy
731,"knp au yg ak baca masi pd on going, aku kesal",Anger
2339,"aamiin semangat yaa, tim arkeolog juga nihh",Joy
6096,yatuhann sedih bgt gue juga dritadi bacain review orang2 pda jelek2 bgt abis minum bukannya langsing malah pada sakit parah2 ngeri,Sad
2232,"iyaa wlaaupun gajadi sma yg di video (pen nyebut nama tp takut) wkwk, tapi dia bahagia bgt with his lil family trus suka cerita2 kelakuan baby layla, kek bapak2 yg banggain anaknya bgt deh pokonya gemoyy. emg iyaaaaa enak bgtt, ini kesayangan sebelum exo",Joy
6945,ternyata ngekos sendirian ga seenak yg aku bayangkan mending ada temen kamarnya jadi enak ada temen ngobrol,Sad
6730,"gajian aja belum, udah ada yang ngomong ""nanti kalau gajian pinjem uang yah"", sedih kieu euy",Sad
1255,kaget ke logout sendiri,Fear
2104,semangat om,Joy
3593,aku habis itu wkwk suka banget,Love
6796,kangen dan sedih+overthinking wkwk. apalagi kalo baca komen2 di buku lama,Sad
898,"mari thn 2024 semua bangsa ini pilih pks, agar negara indonesia bisa seperti syiria, irak, yaman, iran, afganisthan, krn sbg bgs indonesia bosan kan..?? klau adem ayem saja. khan bahagia klau lagi bercinta sebelah kita bom meledak, truss ada yg jual anak gadis kita bisa beli..? idiot",Anger
428,btw perayangan ini lama lama bikin jengkel ya hmm,Anger
4885,"kemarin malam sehat saja dan tidurpun pulas. kok tadi malam timbul sakit sekali rasa badan sampai susah tidur. baru bisa tidur pas subuh, ehh jam 6 malah ada yang nelpon.",Neutral
4567,"365. kalau mau gestun limit kamu di spaylater, gopay coin, gopaylater, akulaku, kr3divo, indodana dll langsung saja ke cair cepat gak sampai ber jam-jam!",Neutral
6361,sedih aingg,Sad
6404,hari ini aku lagi sedih krn makanan tumph,Sad
1222,sengaja dibiarkan soalnya takut melanggar ham,Fear
5076,aku nak ni bodoh,Neutral
2575,", salam, melv. semangat skripsiannya, lu sekarang skripsiannya buat diri lu sendiri aja cukup kalau orang tua gak nganggep apa-apa mah. tapi masih dikasih uang jajan kan?,",Joy
5341,sini q tmnin biar mm gk takut klo gelap,Neutral
4086,beredar kabar haji faisal kini mulai pasang tarif rp 5 juta untuk sekali wawancara,Neutral
4024,"aku masih mencintaimu, entah karena sayang atau bodoh",Love
3213,yey ada kabar baik pagi ini. Love you jiminie,Joy
1096,wes kesel + kecewa,Anger
2072,"ga enak, apalagi kalo orang lain yang pake kamar mandi itu jorok. kemarin pas ngekos suka nemu piring kotor, padahal di sana ada tempat cuci piring.",Joy
6391,sedih tapi juga lega. akhirnya ada kejelasan walaupun bukan announcement langsung dari agency. good luck mm we always support you no matter what happens,Sad
3790,suka banget jadi munafik adalah jalan ninjaku.,Love
2549,mayan cerah buat nyuci,Joy
5973,"jangan jari shamming nder kasian sedih ntr dia, km gak mau kan dibilang jelek aneh di antara temen""mu",Neutral
1788,ngeri ya canda nya,Fear
5130,hanya orang bodoh melakukan kesalahan yg sama berulang2 kali ..,Neutral
4080,saja ka dorg suro beli medium 2 set,Neutral
528,kriting bego syiah laknat,Anger
5671,"orang yang suka berkata jujur mendapatkan tiga hal, : kepercayaan, cinta, dan rasa hormat",Neutral
192,"anjir bsbsnya mimpi iparku ternyata jelmaan siluman babi, y tp kalo dipikir2 ada korelasinya si sm sikap, sifat dan tingkah lakunya yg ga layak disebut manusia wkwk cok baru kali ini aku bisa benci banget sama manusia",Anger
3836,"haechan ini setiap fansign pasti ada aja gombalannya. manis bgt emang orangnya, semuanya aja dikasih kata-kata yang bikin iri. bener-bener deh suka banget godain orang.",Love
1126,"aa kesel bgt anying. dia sudah di bandaraa, gift gue blm siap. ya allah sedih bgt gue uda gbsa nepatin janji buat meet up dari desember trs harini gbsa nganter dia ke bandara, ngasih gift jga engga!!",Anger
6212,"fun fact, menggaruk bagian gatal itu engga bikin gatalnya hilang, yang ada malah kulitnya iritasi. sama kayak kalo lagi patah hati lebih milih galau n dengerin lagu2 sedih. emang kitanya suka nyakitin diri sendiri ya kayaknya..",Sad
2676,pagi2 hujan enak bgt dah,Joy
4687,minimal 6 bln stlh vaksin kedua baru bisa ke 3..gk papa kok..demamnya biasa koj,Neutral
304,yg membuat rakyat tdk mempercayai penguasa: 1. sering bohong pemimpinnya 2. melarang rakyat melakukan sesuatu tp dia sendiri yg melakukannya 3. terlalu vulgar mempertontonkan kebodohan dan mengaggp rakyatnya semua bodoh,Anger
2789,"pagi ini gk sengaja ketemu bestie yang baru nikah, seperti biasa kalau ketemu suka cerita dari hal yg gk penting sekali pun. sampai dimana! dia gk sengaja bilang kalau gk bahagia, dan gk ada rasa sama lakinya. syok? pasti! jadi intinya, nikah gk cukup hanya dengan kata' ""mampu""",Joy
1292,beuhh kaget,Fear
70,km nyinyirn q sma antek2 nya berharap q marah tenang q punya jurus jitu q bales pake solawatan dzolim kesel sendiri kan hahaha,Anger
3260,alhamdulillah pagi2 kabar baik,Joy
3942,"krystal suka banget ama masakan tradisional nya mexico, yaitu burrito",Love
2648,hmm romannya ga enak nii,Joy
831,baru kemarin ketemu spesies yang begini. mana dia ngomong dibesarin lagi suaranya sampe sekelas denger. aku balas lah emosi kali aku wak,Anger
5347,"aku last seen aja sih, sampe kadang lupa kalo wa tuh ada last seennya, tapi enak aja gitu gatau kenapa, kalo centang biru aku tetep nyalain biar yg ngechat tuh ga panik dan udh yakin aku baca kalau hal penting",Neutral
1456,"iya ya kalo dipikir gitu.. tadi udah aku takedown tadi bilangnya badge ijo itu squad leader, kayak hyotion sambil ngasih nunjuk foto takut jelek dimata fans mereka yaudah tadi langsung aku takedown",Fear
4620,numpang nanya ; kira2 bakso beranak itu lahirannya cesar apa normal sih??,Neutral
238,masi pagii tahan jangan emosi:),Anger
92,bodoh punya statement ..baik gi minum arak ..melacur ..main judi ..baru betul thrill,Anger
2722,lebih semangat dari hari sebelumnya,Joy
5300,hi kak! lagi cari app prem? pengen cepet juga? ada nih! lengkap + fast respon + testi on pinned yaa yuk langsung dm! t jual netflix murah spotify wetv kaget nikah all of us are dead,Neutral
5603,semangat loyonya,Neutral
3684,"thank for this ga minn kalo ditanya sebenernya suka dua2nya krn gemes bgt pliss, tp krn emg hrs pilih aku pilih lao yan dehh walau aku sayang a qiao jugaa",Love
2677,"enak kan, apalagi mie ayam yamin",Joy
3378,kamu tuh kadang suka ngeselin tapi sering banget bisa bikin aku kangen.,Love
4442,baik lah begini contoh yg baik nanti saya bagi upeti yaa diam diam saja,Neutral
1001,"eh buset gedeg bgt bacanya anak setan lu pada, justru ini yg gua suka dari 2gether di ceritanya bener bener nunjukin cinta ya cinta, bukan cuma tentang nafsu doang.",Anger
6598,"udah tau bikin sedih, masih aja dibaca terus",Sad
6785,"bener, ini pikiran suka banget mikirin hal yg bikin sedih",Sad
2377,"janlup sarapan, semangat buat hari ini",Joy
4587,ada kabar kalau smt ini masih tuweb nder dr upbjj ku (belum pasti),Neutral
6288,sedih banget jadi luvies miskin gak bisa bela member langsung di saat kayak gini :(,Sad
2579,"aamiin allahumma aamiin,doa yg sama buat maak yaa sehat & bahagia selalu ya maak",Joy
1532,malah takut ga si,Fear
2410,"done bismillah makasih banyak buat ganya semoga banyak hal baik yg dateng ke kamu, semoga impian kamu segera tercapai aamiin buat jaehyun dan soobin jg semoga sehat selalu, pokoknya be happy__anw let's be moots? oiya have a nice day kamu, be happy too okay, semangat",Joy
4279,"seperti biasa, selalu nyoba dari tontonan yt yang viewnya banyak tau taunya kali ini gak mempan",Neutral
411,pagi pagi dah bikin emosi yaa,Anger
3328,"sama-sama, dia gak suka pilih-pilih makanan, ya? kayanya nina juga kasih makan yang banyak sampai dia gembul, lucu..",Love
6792,"capek bgt packing barang"" mna bnyk debu. tpi sedih krna bnyk knangan sih walopun cmn setahun tpi itu rmh udh bnyk aktivitas kita lakuin di situ",Sad
6537,"ayoo, yang lain juga boleh new acc ni masi sepi :(",Sad
5201,ya ga bego bego amat lah ya gw,Neutral
3731,"nah iya, gak enak gara gara dia. taeung jadi gak ngerti mana prioritas karna sifat 'gak enakan' dia. udah gitu si temennya suka drama nanges dan beneran berdedikasi banget gitu ke taeung gitu. kan bingung!! jadi yaudalah bye",Love
3505,"gara-gara f4 thai gw jadi suka dew sama win, mereka tuh ganteng banget skjsjskaksks.",Love
5540,"dulu pake pinguin, beli merek yg ad tasnya aja gitu. bei yg ponco aja lebih enak dinpake",Neutral
6456,sedih banget kalo support system gue adalah seorang nicholas. kalo gue sedih atau lagi sakit gitu masa mau nangis meraung-raung sambil manggil nichol kan ga mungkin mau ke jepang gara-gara pengen ditenangin nichol,Sad
5391,alamat palsu,Neutral
3322,"awalnya mas firman suka masak ini karena suka nonton masterchef australia season 2 pada 2010, nah mulai dari situlah benih-benih cinta terhadap masakan mulai muncul. untuk chef favorit atau panutannya sendiri ada gordon ramsey, sebastian fitarau dan marion grasby.",Love
633,abang mantannya gemini ya? emosi kali kayaknya,Anger
498,"makin benci sama jumat. 24 jam termual untuk sebuah perjalanan darat, tasik cirebon tasik. sabtu udah kerja lagi, mantaaaap. badan makin ancur udah ini, tinggal tunggu matinya aja lah.",Anger
2463,"enak banget kerja gak ada bos sambil dengerin lagu jeketi, nikmat sekali rasanya",Joy
3838,"baikk banget, banyakk banget kebaikan yg dikasih mama ke gue ga akan muat tapi paling suka mama tuh selalu ngutamain anaknya dan selalu berusaha buat ngertiin anaknya contohnya kalau gue lagi bad mood pasti ditanya ""kamu kenapa dek, ada masalah?"" terharu rasanya pengen nangis",Love
637,wkkw ribet banget. udah paham kok di paksain jadi tolol gak paham. hadeh,Anger
720,gatau lg gaada lg tempat buat lo curhat gada lg tempat buat lo cerita karna satusatunya tempat udah lo sia siain tolol,Anger
288,"bener bgt sih. banyak bgt yg benci ama gw. salah satunya pas gw kerja di penulis. ada nih 1 tmn gw yg didepan baik, dibelakang malah bilang ke kakak ipar gw kl dia gk suka gw, malah cenderung ke benci. pas gw diputus kontrak, dia tuh seneng bgt njir.",Anger
757,"tlong jgn bikin emosi pagi-pagi, aku lg puasa",Anger
2576,"ututu semangat bum, aku masih lama.. 7 maret",Joy
3460,suka banget liat taemin pake baju ini cantikk,Love
6341,ngeliat barang2 udah hampir kosong makin sedih -_-,Sad
4231,"ketika kamu mengalami cinta sepihak, yaudaah santai ajaa.. kamu akan bernilai tinggi di mata orang yang tepat. cheers",Neutral
6289,"udah gak mood mau unboxing paket shopee, keburu sedih deluan hehe",Sad
596,"two twts rj ni, bikin emosi,, mmpir kuy",Anger
2827,walah ak bantu pke semangat!!,Joy
1068,"serpihan apa? si anis beruntung mewarisi hasil kerja jokowi ahok jarot, dia tinggal cengar cengir gunting pita kayak badut goblok . mrt sudah jadi, busway sudah pakai bis eropa,kampung pulo sudah normal, kalijodo udah rata, coba sebut 1 aja pembangunan si anis yg berguna..?",Anger
1942,"masih kepikiran ji ung kenapa rela suka sama yeon su lama banget yak padahal dah dari jaman kapan tau emang yeon su cuma buat choi ung sepaket, pemeran utama. ga akan yg tiba2 moveon ngga si org kayak yeon su. eman waktunya mas",Fear
1647,gw panik tadi sempet ga balance trs gw ulang lagi dari awal,Fear
3101,udh solo stan masih aja dukungnya stengah stengah wkwk apa rasanya faves kalian lebih sayang sama member yang kalian ga suka?? lol wkwkwk,Joy
1700,"kena razia rok plisket padahal yg ngerazia pake rok plisket jg (kating) takut kalah saing padahal gada niat nyaingin, cm mencontoh",Fear
5678,keringet itu reaksi tubuh yang normal dan gak bisa kita kontrol ini peraturan nyusahin banget terutama buat orang yang gampang keringetan kayak aku. lagi duduk diem aja suka keringetan. makanya pas istirahat banyak yang lebih milih duduk diem aja biar gak keringetan wkwk,Neutral
4462,"gaiss, boleh saranin aku micellar water untuk skintype normal to dry yang sensitif sama kandungan fragrance ga? terima kasih!!",Neutral
2732,parfume kok ga ada yg enak sie aromanya,Joy
6385,sedih bgt ya..,Sad
6666,sedih banget gila denise,Sad
3782,"dalam hubungan pasti ada tipe wanita yang selalu menanyakan pertanyaan yang sama kepada pasangannya. entah itu ""kamu cinta aku gak?"" atau ""aku cantik gak?"" terus yang lebih ekstrim lagi ""aku gendutan ya?"". aku pribadi lebih suka dibilang cantik, suasana hati langsung goodmood.",Love
86,"benci tasik, benci jakarta",Anger
2308,semangat..! . tetap sehatt. .,Joy
4769,"zenwalk gnu linux 15.0-220204 diumumkan, apa saja yanga baru?",Neutral
5657,"sender suka banget member di era-era di bawah ini. sehenernya ini pilihan yang sulit, mengingat semua member pada cakep2 di era apapun itu, hehe. kalau versi kalian gimana nih?",Neutral
2882,wkwkwk gk marah padahal,Joy
1029,"semenjak bisa belanja online, beliau suka beli barang yang sebenernya nggak dibutuhin banget, ujung ujungnya disimpe di sembarang tempat terus ibu ngedumel karna jengkel",Anger
3091,"inilah yang sudah lama kunanti. akhirnya ngadain webinar yg topiknya nendang banget, yaitu tentang toxic relationship. yuk lah bestie yang masih suka galau2 masalah percintaan mending ikutan ini!!",Joy
3832,"cowok jujur tu cowok yang bilang suka kalo dia suka, bilang sayang kalo dia sayang dan kalo lapar, dia makan!!",Love
2144,semoga keterima ya semangat!,Joy
4428,"halo admin, kenapa sekarang ada stasiun yg tidak bisa tap in/tap out dgn menggunakan tapcash? sy tadinya biasa pakai tapcash utk pp dari stasiun tigaraksa. sejak bln januari tdk bisa lagi.",Neutral
1200,w jd takut pke jnt,Fear
2025,"sedikit sedih kmren ngga jadi tindakan injeksi tp emng bener kata dokternya, aku dah vakum 3 bulanan, jd kalo langsung injeksi lg nanti kaget malah kmren cuma dikasi obat sama salep gt banyak bener, jadi takut sendiri",Fear
621,hahahha bangsat team bingung ini diservice tp senin uda mulai kegiatan aduh gmn yak layarnya kelap kelip takut klo musti ganti trus mahal babikk takut filenya ilang kalo tau2 diinstal ulang mager nginstal2 lg mn blom dibek up mn hari sabtu tutup semua begee,Anger
6435,udah di share ke base blm fan? sedih bgt liatnyaa,Sad
566,pen marah marah tanpa sebab,Anger
1837,ngeri ye..,Fear
1334,"pengem nonton kukira kau rumahh tp takut kena mental,,",Fear
3034,"ini gua ketawa banget liat komennya, lu bedain bg mana yang deket sama yang kaga. lu kata exo temenan cuman satu tahun dua tahun? kaga anjr wkwk. suka duka udh di lewatin sama"", ngejokes bgtu udh biasa. lah notabenya yang baru kenal udh sokap? lol,lu pikir sendiri aja apa bedanya",Joy
6732,"dear! hi aku umur 19 punya sepupu cewe umur 22 nahh dia mau nikah trus dikira mua nya aku yg mau nikah, si sodaraku ini bilang intinya mukanya borosan aku, ada ngga sih skincare yg gabikin muka boros, sedih banget dikatain gitu :(",Sad
2099,"wow sangat berbeda hahah, semoga hari sabtunya ikutan cerah juga",Joy
2996,ampun kenapa para seme pada risih atau malu buat manja? hey kalian begitu tuh lucu banget tau malah mau kekep ampe bengek .g,Joy
2678,selamat ulang tahun adekk sehat dan bahagia selalu yaa,Joy
3551,iya suka banget,Love
1688,ngeri banget temenmu nder,Fear
745,"kesel bangett apalagi d masukin ke grup ga jelas begini, rasanya emosi bgt, kenal jg enggak, hadeh.",Anger
5940,"kalau yg berkunjung ke suatu daerah itu spt , , dijamin pasti sepi kerumunan, ga ada satu pun masyarakat yg keluar!! kuncinya jgn yg ke daerah, biar mrk aja yg ke daerah.",Neutral
2855,"hafal yang penting2 je. paling penting, accio. senang kalau malas amik barang.",Joy
2187,makasih nokaav bahagia selalu juga,Joy
195,pickaw punya dendam kek nya,Anger
1152,"halo kak paket saya masih belum ada update dari tanggal 29 januari sampai sekarang dan belum sampai juga, bagaimana ya kak? saya khawatir jika paket saya hilang soalnya saya banyak lihat kasus paket hilang di twitter, mohon bantu follow up ya kak,saya sudah 12 hari menunggu paket",Fear
2684,mau bgt,Joy
4661,daftarkan diri kaka buat raih kesempatan menang puluhan juta cukup modal 10.00 saja !! daftarnya bisa pakai rekening apapun tanpa dipungut biaya admin!! untuk daftar klik link disini ya,Neutral
802,dgr suara org yg makannya ngecap asli emosi aink,Anger
4328,"temenku klo ngechat pake assalamu'alaikum ke aku rasanya gimana gitu mksdnya ak gak nge judge dia terlalu baik atau apa cuma aku merasa kita tdk sedekat itu.. pdhl ak pngn di chat biasa aj kyk manggil nama org dia sm circleny ya biasa, kok sma ak pake salam",Neutral
2350,kalau bubur kaya gini nggak diaduk enak banget plis,Joy
6406,rasa tetawa lwn sedih ih meingat sisa libur sehari aja lagi sampai tanggal 20,Sad
5049,"pria, jika wanita marah, ajaklah dia berbelanja atau ke salon. niscaya amarahnya langsung hilang.",Neutral
2068,"benar guys, nasi goreng.,simple, cepat, dan enak.,saatnya lanjut beres2 dah, ini rumah udh kaya' gak ada penghuninya, debu udh mulai bermunculan lagi.",Joy
5465,namanya juga hidup enak ga enak ya tetep harus kita nikmati,Neutral
644,"meme gk jelas. tangganya ki step by step proses gitu harusnya, mosok random, bego banget.",Anger
6255,"aamiin selamat pagii juga kak sedih , hasil draw gk ada yg nyangkut",Sad
5302,sorry tp kenapa takut eh kalau cert mysj jadi putih? as long kite bertegas dah amik 2 dose. should be fight jela balik kan? even kj ugut mcm tu,Neutral
6028,maksutnya kenapa sedih.,Neutral
4912,biasa dirapel ya makannya?,Neutral
120,permulaan yang bangsat untuk febuari 2022,Anger
1777,bingung takut panik,Fear
3475,"you deserve it! aku suka banget sama karya-karyanya kakak, bagus sekali",Love
5689,"suka ngga suka, sukanya karena panggilannya lucu2 aja sma dah akrab dan dikasih sma mbah dan ortu. ga terlalu suka karena terlalu pasaran banget, selalu nemu yg namanya ""putri"" dmn2 wkwk",Neutral
2135,"morning win win metawin semoga makin banyak solo projek, solo endorsement, series baru dan projek-projek lain yang bikin win bahagia.,",Joy
3306,happy birthday semoga ga sedih dihari ulang tahun nya malah gagal penati,Joy
4306,agus andrianto menduga berdirinya kerangkeng seluas sekitar 6x6 meter selama 10 tahun itu dibekingi organisasi kemasyarakatan dan pemuda (okp). kita sebut saja pp.,Neutral
134,"mun sepatah ku becakap, kau utuk. baik tah ku diam. pastu kau marah pulang aku diam? ngak paham",Anger
6249,mendekap sepi di sudut sunyi. menyimpul tali mengikat diksi. menggapai rindu tercabik pilu. hatiku selalu terukir namamu ilu,Sad
3433,"penggemar masker miisoo cek suka banget sama masker ini, bahan dalamnya lembut enak banget gak bikin gatel. walaupun longgar tapi bisa diakalin talinya diiket biar rapet.",Love
3131,sampe temen temen aku inget aku suka banget sama lagu ini haha,Joy
2559,harus bahagia terus dong,Joy
62,tak sempat la ni nak balas dendam minggu depan. mesti sakit dh hilang time tu,Anger
4615,"kan udh biasa juga kita kayak gini, gak usah serius kali",Neutral
6162,rl ku sumpah messed up ku kira yg online udah fine fine aja jir. taunya.. ya udh kecewa bgt gk si,Sad
3527,"galak tapi pas udah tau sifat dia lewat beberapa video, jadi suka banget sama dia aa",Love
6802,"guys, crush sender jadi sering reply sw sender..ini sender kudu seneng karna di reply trus, atau sedih kayanya dia nganggep sender sebagai temen doang..btw kita udh hampir ga chatan selama sebulan trus dia tbtb sering reply sw sender gtu",Sad
3817,aku sih suka. kayak solar system gitu. huhuhu entah kenapa aku suka banget liatnya.,Love
679,"dia marah yae di ship sama ayato, katanya yae miko based on yae sakura on honkai yang emang canonically lesbian tapi ini kan genshin impact",Anger
3997,serius ibu nya suka begitu ini sayang hati hati *ngasih karung beras*,Love
741,"saya gak habis pikir petani kita sudah dibeginikan tapi masih aja mau pilih yang itu lagi dan lagi. dikasih tau malah marah, kapan Sadarnya??",Anger
1211,"ga ada waktu, apa takut ada mata2 ww",Fear
2170,"wkwkwkkwkwk semangat nguli, cla",Joy
3733,"ls lama, tapi suka banget",Love
4832,mood ku bagus sejak masuk sma,Neutral
567,sender tolol bikin emosi aja pagi2 gini,Anger
1873,anj suaranya deep bgt takut,Fear
6285,"sedih ngga sih,harus dengar hal yang kaya nya kalo di denger bikin ovt,sedih dan yang lainnya:)",Sad
2596,gm gm keep streaming guys semangat,Joy
1717,"pp! boleh minta kritik dan saran? worth gak ya kalau jadi ready stock? takut malah flop gitu, tia",Fear
1392,anda tau ga sie rasanya lg bengong kaget anjrt,Fear
5312,"follow aja deh nel coba, nnti lo kenalin sendiri ankanya kyl gimna. tp jgn kaget aklo kisah cinta dia sangat amat teramat kasihan nih acc nya .nnajeaa",Neutral
5893,"baru nyadar klo jomblo itu tak selalu berarti sepi, dan pacaran itu tak berarti selalu happy!",Neutral
4236,masih pagi sudah mulai senggol sana sini saja man,Neutral
489,emosi mulu nih lansia,Anger
6541,gatauu lg sedih kalo liat foto2 cogan,Sad
690,paling benci kalo emak bapak udh ngomongin jodoh. im still fuckin 19,Anger
3408,akuu suka banget,Love
602,anjing babi bangsat abang gw kecelakaan pelakunya kabur setan,Anger
1911,udah dong marah nya,Fear
4861,semoga bisa cepat pulih,Neutral
6820,"kalau udah drop gini baru terasa. sepi, hampa, dan ga guna. :')",Sad
5009,"oh, sayang. kenapa tidak beritahu aku kalau kau kesini? sapaan ramah untuk menyembunyikan rasa kagetnya itu mungkin tidak akan mempan untuk membuat lee dan tidak marah. bila dilihat dari raut wajahnya itu, jelas lee dan siap menyemprot sejoon dalam berbagai cara.",Neutral
3032,"suka korea tapi level kebodohan bucin hanya untuk diri sendiri dan gak nyinyir kesukaan orang. so, gw setuju sama ini",Joy
4159,baru saja mengirim foto bekasi,Neutral
5673,"manusia suka banget sm angka, salah ga menurutmu?",Neutral
2366,iya mending batalin aja dripada kayak belanja sama batu anyway semangat upraknyaa!!,Joy
1187,pengen blink selca day tp malu.,Fear
274,"ternyata gue di block sama cowo kr di ig gegara dia pas minta foto yg aneh"" ke gue trs gue tolak, lagian minta foto yg aneh"" mulu dikata gue bego apa",Anger
4852,tidak biasa sekali sikapmu bre,Neutral
1361,kok om sih. *gugup*,Fear
3827,ga suka banget kalau didominasikan. yaudh jangan di gua klu gua ya kesetaraan,Love
1526,takut disomasi sm klien,Fear
5105,"tapi tetap para pemuja vaksin akan menolak informasi itu, shg mereka tetap menunggu dengan penuh harap go itu disuntikkan kembali ke tubuh2 mereka. dan kita yg dianggap bego. dan kita yg dianggap sok nalar. dan kita yg dianggap hoax. padahal",Neutral
6521,"astungkaraa , oh grgr ini sedih",Sad
6978,ya allah mau nyerah tapi harus semangat :(,Sad
3248,pagi pagi dapet kabar baik huhu nangis banget makasih ya allah,Joy
3238,senang rasanya sehat kembali makan normal habis smpai bersih piringnya melihat senyum ibu2 semringah seorang penjual,Joy
6653,sedih aku lagi berantem mereka saling cemburu akhirnya win ngembek,Sad
1337,sekalinya muncul ngegebraknya bikin kaget ya mas topo,Fear
945,"risih, gak suka banget soalnya kayak yang terlalu .. gimana gitu",Anger
5890,"huuh pasti ada dari mereka yang mau menjatuhkan 1: sekian juta orang.. allah sayang sama kamu, allah mau kamu istirahat dulu skrg gpp nikmati aja rulesnya gak boleh marah ataupun sedih semua pasti ada yg lebih indah dari ini",Neutral
2250,"assalamualaikum, semangat..",Joy
6997,"gua baru Sadar muka gua pas nikahan ga ada yg beres, kek terpaksa bgt senyum sampe photographernya blg biasanya penganten mah suka bgt di foto tapi kalo ini mah susah banget di foto",Sad
3513,"baik banget, baiknya juga ke semua orang. mana cakep lagi, wajar banyak yang suka",Love
3080,"kalo indonesia aku lebih suka per artist sih kayak kunto aji, tulus, sama yura yunita soalnya liriknya bagus-bagus bangett",Joy
2346,wahh semangat uprak ny kakk:d,Joy
68,bangsat masih berani main sosmed,Anger
6762,ya allah aku salfok tempatku pulang gini aja aku sedih. kayari kayanya sudah tau rumahnya ya,Sad
5025,dia ngajak balikan cuma buat bales dendam kek nya wkwk gara-gara aku putusin sepihak tanpa kejelasan. padahal aku gak bilang kalau mau balikan dan dia anggap aku pacarnya. teakhir kali diselingkuhin dan aku biasa aja wkwk,Neutral
1598,takut lah tgk draw gp b ni ya allah,Fear
4176,dah ratusan woi.. apakah baik-baik saja ada 149 lubang bekas tambang di kawasan ibu kota negara (ikn) nusantara dengan luas 256 ribu hektare. lubang itu dihasilkan dari total 25 konsesi perusahaan tambang.,Neutral
4154,kadang pesan dari allah ada pada org yg ga banyak bicara dan sangat sederhana.,Neutral
4586,"marv! tiba2 kepikiran, kan hank pym bilang kalo ant man ini walaupun berubah jd ukuran semut, kekuatan nya tetep kayak manusia biasa yaa, berarti pas si scott ini berubah jd raksasa itu kekuatannya seharusnya tetep seukuran manusia dong? tolong jelasin ke aku",Neutral
1503,takut di photo tuh mak,Fear
3875,"suka bang sama ketek bauk, aroma kringet, ketek basah. pokoknya suka aroma bauk ketek khas jantan ( tanpa rexona/parfum ) bisa bikin gairah, bisa sampe muncrat",Love
150,"bangsat, ngagetin aja",Anger
2874,i made it. akhirnya minggu berat kemarin terlewati dan puas bgt sama hasilnya. minggu dpn lebih berat tp setelahnya libur yuk bisa yuk,Joy
2086,enak ga?? Kalau ga ya ga mau,Joy
6450,sedih bacanya,Sad
2259,"enak daring bs sambilan nyantai"" dirumah",Joy
6673,hal paling sedih itu di saat gue ga tau mau ngeluh sama siapa,Sad
5149,2022 tetep bodoh..,Neutral
5455,asal bapak senang,Neutral
5806,"lah itu mah kesntuh semua sarafnya, stres sedih marah frustasi cemas mual tegang langsung bablas ilang mana cantik banget genggamannya",Neutral
859,"pejabat kaget itu budaya kumpulan orang 2 bego bermain drama, prestasi menjilat , korupnya ga kira2.",Anger
6705,"gw yg udah nonton kim sabu berulang kali apa kabar? yg ada nonton di net bikin gak nyaman, yg harusnya gw udah terbiasa nonton adegan di meja operasi malah diginiin sumpah kecewa. dr romantic tayang di net beda rasa, feelnya jdi gak sedapet kyk pas nonton di netflix",Sad
2753,nasi di godong jati.. enak bnget mbak,Joy
5325,"introvert juga tidak sama dengan pemalu atau takut dengan sosialisasi. introvert sama aja kayak org pada umumnya, sosialisasi itu tidak sulit bagi mereka cuman sosialisasi itu menguras energy.",Neutral
4919,sibuk santai hehe,Neutral
366,aduhh si tolol keceplosan,Anger
1432,"beh, mangkug tut bah malu nae",Fear
4952,bisa gua jelasin hyung.. jangan.. jangan marah..,Neutral
1779,takut puasanya ga sah,Fear
4305,realita mengagakan tydack anak moeda. kita turuti saja,Neutral
3297,"harus sub unit/foto lebih dari 3 member biar agak rame wkwk c/o : cbx me, sc me.. klo solo sepi bat berdua doang (tapi udah bersyukur bisa sama salah satu member, seng penting exo xixiixizi^",Joy
1818,malu banget tadi nangis dipergokin nyokap,Fear
4513,"betul phi!! dah ga pernah merhatiin tanggalan, kyk udh ganti hari tuh ya udh biasa aja, tak ada hari spesial",Neutral
841,lebay bgt anjir nangis smpe tersedu sedu kaya diapain org malu anjir,Anger
2704,"morning, nie semangat yaa",Joy
1189,"mau balik kampus nemuin kajur badan malah lemes gaenak badan jadi takut mau ke kampus lagi, moga aja ga kenapa"" aku",Fear
175,"makanya anjir gue emosi, kesel banget nontonnyaa",Anger
3728,"pitnah itu! kompensasi crosong aja belum di kasih, eh udh pitnah aku gak suka waffles. sekalian aja bilang aku suka croffle?",Love
617,pertanyaan tolol,Anger
2093,"duuh ga lama lg insya allah ngalami masa2 ini, melepas anak lanang kuliah..pasti ambyar hati mamak ya mbak,selamat belajar mbak n, sehat, bahagia n sukses sll, smoga tercapai apa yg disemogakan, aamiin",Joy
3323,heh crush sya ko lucu banget ya pengen jujur deh sama muhammad kenzie rafael bahwa sya suka sma diaa,Love
82,marah btol bang,Anger
5170,"merasa pintar, bodoh saja tak punya",Neutral
1030,"bener banget. gue exol dari jaman overdose. pas orang tau gue exol pada bingung gitu, kok gue masih suka sama mereka padahal mereka udah ga terkenal dan udah tua. pengen banget gue sumpel mulutnya pake kaos kaki. gue ga jawab karna takutnya jadi ribut, langsung gue tinggal aja.",Anger
3195,my! baru bangun terus buka hp dan dapat kabar kayak gini. seneng banget ya ampun,Joy
300,kalo marah balik kek anjg lah,Anger
1472,"gak papa sebenernya, masih bagus hasil fotonya gak ngaruh tapi gw takut tambah parah aja",Fear
283,selamat pagi mari memulai hari dengan emosi yuk mampir~,Anger
2028,"karena rasanya aib banget gue takut stigma orang2 mandang gue orgil:"") setakut itu padahal sekarang udah banyak banget yg speak up tentang mental illnessnya masing2. makanya gue agak gedeg sama orang2 yg ngaku2 punya mental illness bermodal self diagnose. sedih bgt gue liatnya",Fear
5831,eiyy ngga repott seriuss duariuss deh apa yang ngga buat daraa¼ soo jangan sedih yaa pasti ada kok yang mau baca cerita kamuu,Neutral
4325,"ku terbangun lagi di antara sepi hanya pikiran yang ramai mengutuki diri tak bisa kembali tuk mengubah alur kisah ketika mereka meminta tawaternyata rela tak semudah kata tak perlu khawatir, ku hanya terluka terbiasa 'tuk pura-pura tertawa namun bolehkah s'kali saja ku menangis",Neutral
5614,"udah cari grabmart lah, tokopedia fresh, aplah semacamnya tetep sih paling enak mah wassap kang sayur soalnya bisa nitip apaan aja yang gak ada di cart",Neutral
1813,jangan deh kalo balikan ntar takut muncul perang dunia lagi,Fear
1271,"bener lily. malu banget dah.. minim literasi. kirain tuh paling muda, ternyata muda dari kakak. terus kirain tuh ada n-nya, taunya dia nulis kurang huruf n, bukan ada n-nya. malu banget.",Fear
2751,masih pagi jadi harus semangat dong!!,Joy
5205,orang islam gk butuh orang bodoh.,Neutral
4216,sejak kapan masyarakat mau dilibatkan..sesama anggota dpr saja tidak boleh dan tidak mau dilibatkan oleh beliau apalagi cuma masyarakat.apa udah pikun mic dimatikan supaya orang lain tidak terlibat..,Neutral
2313,semangat..,Joy
2008,4 bln ya desember lalu gw kaget mulu klo om gw dateng. takut ngasih kabar kematian.,Fear
4761,menjadi biasa itu terlalu biasa.,Neutral
2642,ya allah enak banget libur btw bulan ini sy cek out shopee isinya bantal sama blender jus mau memperbaiki kualitas bobok sama kesehatan wkwk ( saran dari dokter ) karena abis kontrol n sumpah rekor bb 64kg bhakk makanya beban badan makin berat ye shay,Joy
5015,kenapa aku marah dengan mahadir selepas batalkan projek hsr ? dengar sini,Neutral
6594,"tersesat dalam tangis menginginkan kehadiranmu, tapi kau tak kunjung hadir bahkan hanya untuk sekedar mengabari. Sadar dan damai dalam jalan yang lurus, tapi merasa tak berarti karena hadirmu benar-benar sudah tak disini. bagaimana bisa aku melihat sosokmu dalam diri orang lain?",Sad
3842,huhuu suka banget bangettt sama konsep cb taeyeon kali ini,Love
3480,"siapa nih yg ketagihan nonton all of us are dead (2021) di netflix? walaupun takut, tapi rasanya kenapa ya gak bisa berhenti nonton? kenapa ya kita suka banget nonton film horor? ternyata ada alasan ilmiahnya, lho! yuk, kepoin di sini",Love
3231,alhamdulliah jimin happy bgt dapet kabar baik. sehat sehat terus ya kesayangan banyak orang. untuk yang lain juga tetep jaga kesehatan ya,Joy
99,emosi yaa........,Anger
5368,"sini ka! dijamin file kamu bakal aman karena no repository, no self plagiarism fast proses murah (start from 2k aja) bisa qris pastinya trusted 100% bisa liat testimonials di pinned ku ya! jangan ragu mau cek di aku! fastresp?",Neutral
744,"cjr bangsat! perusak moral ! masih kecil udh ngajarin cinta""an, belum sunat aja sombong ! dah sono pergi kelaut aja ! cc : all comati",Anger
6547,ini ga ada niatan digaji gt ya? sedih amat isip,Sad
480,"cuy ajg wkkwkw tolol semua di rnjna uda paling bener emg aku cuma baca lfs aja, karakternya bener semua tida seperti di rnjna yg mostly pada problematic toxic selfish",Anger
4678,halahh cuma bisa memenangkan pilkada lewat isu sara saja kok bangga.trus kerja nyatanya yang pling kelihatan adalah klewar klewer berkata kata.tapi buktinya 0% seperti rumah dp0%,Neutral
6874,"gmn ya. rasanya hidup gue g bergairah. gue tinggal dgn org yg gue gkd rasa tapi gue menggantungkan ekonomi sama dia meski dia pas2an. dan org yg gue suka d rp bokek, trs bego dan penghianat. ntah rasa gue masih ada apa gk. gue juga g berharap ketemu yg lebih menarik. g mungkin",Sad
4991,"ntah lah.., kata ustad, gk boleh dendam, cuma teringat trus. sbb ulama kami yg mendukung total msh dipenjara smpe hari ini",Neutral
1157,"hari ini gk dl,ngeri",Fear
1437,"sch! gais tgl 8-15 masih bisa unggah foto kann, td pagi aku unggah foto tapi pas lagi loading malah error, please notice sender panik bgt nihh servernya error",Fear
2414,"maksud ak tp itunya yg gua melaka ga enak bgt bestiee, gatau sih tp kalo yg suka manis2 dan ga suka kopi kayanya bakal suka",Joy
6271,sedih sihh tapi yaa mau gmana lagi bukan kita tokoh utamanya,Sad
402,sumpah bikin emosi aja pagi pagi,Anger
2195,"semangat, hati-hati dijalan meii!!",Joy
949,sumpah anjrit ngerjain revisian tuh kenapa berat banget siihh males nya ituloh. kek paling beraat banget suka heran sama diri sendiri,Anger
3918,suka banget dong gw,Love
2067,"wkskwkw aku juga pernahh jadinya sampe gabisa buat buka galeri ya allah cape banget ya hp penuh tuh, wkskwk semangat anya bersih bersihnya wkwkw hapus apk yang udah ga dipake aja",Joy
4558,"belum, bahkan udah bertahun tahun belum pernah lihat shanks bertarung. gue udah ikut dari sma. boleh dm aja sini, gue masih sering banget nonton ulang. banget banget daripada gabut juga kan ya, mendingan nonton op gak sih.. episodenya banyak jadi santai nontonnya",Neutral
4947,bisa kak start 15k/hal. aku mhs smt akhir bahasa sastra indonesia murni udh biasa nyunting teks dan analisis kebahasaan penjurusanku linguistik juga. langsung chat,Neutral
668,srs benci giler dgn org yg tak sabar n tak hormat cuti org.,Anger
218,tolol bgt nilo jilat tai sebdiri guwvtakut siiii bayangin omar marahh eumm,Anger
1962,"aaakk sama banget kaya temen sma aku, dia teriak2 di sekolah minta cutter buat bundir astagah. legend banget si. dan masalahnya ya dia putus sama cowonya trs cowonya suka sama cewe lain, ngeri bangettt",Fear
4800,gpp dek. santai aja. gw pernah kok tahun 2008. tapi bedanya ga jadi kalah. kalau ini ga jadi menang awikwok siiuu,Neutral
3559,almarhumah ibuku suka banget nolong orang-orang sampe sekarang tiap aku ketemu salah satu dari mereka aku selalu didoain yang baik-baik,Love
2213,enak loh lagunya,Joy
2633,"selamat pagi.. tetap semangat, tetap optimis biar bisa bigwin. amin amin",Joy
1659,gue takut dah jeongwoo merah,Fear
2843,"apapun yang sedang terjadi, sesulit apapun yang ka arra hadapi. harus tetap kuat dan semangat yya! pacarnya renjun harus selalu kuat dong^^ so be strong and fighting pacar injun",Joy
6780,"sama kak gw juga dari semalem sampe kebangun pagi² buta tuh karena itu, mikirin komentar² orang² itu, pada jahat² banget tau ga komenya, ada juga yg ngomongin win gw. sedih bgt gw asli, dari tadi aja rasanya badmood bgtt anjirr",Sad
4685,kabar baik untuk hari yang biasa,Neutral
2145,pagi pagi dapat kabar bahagia,Joy
777,"tbh pengin marah karena dia yg mendadak pake ikut masuk mobil. cuman yg ditakutin bukan diri sendiri sakit, tapi takutnya bawa penyakit ke orang rumah",Anger
2434,"yukk, semangat nih",Joy
3973,"masih bingungg, kenapa yaa akhir akhir ini suka banget sama boker",Love
3956,"sayang ini indah banget.. aku selalu suka gimana kamu selalu mengasosiasikan orang2 yang kamu sayang dengan setiap pelosok kota, kesannya mereka bener-bener ada di sana di samping kamu. aku setuju chan memang penuh dengan renjana, maka kita antar dia ke polaris sama2 ya?",Love
4284,"2 korintus 3:14 (tb) tetapi pikiran mereka telah menjadi tumpul, sebab sampai pada hari ini selubung itu masih tetap menyelubungi mereka, jika mereka membaca perjanjian lama itu tanpa disingkapkan, karena hanya kristus saja yang dapat menyingkapkannya.",Neutral
1491,"mau meluk takut dosa, gak meluk mubadzir astaghfirullah bestie",Fear
2952,makasiih.. iya ya ampun kaget bangett,Joy
6105,jadi ikut sedih anjir,Sad
2821,"kalo ke canggu, wajib banget sih ke moana sih. ini pesennya super random tapi enak semua. apalagi black sauce nya",Joy
5366,"itu maksud sendernya "" alhamdulillah nggak malu "" gitu yorobun",Neutral
4965,kok marah,Neutral
517,bikin gue emosi aj,Anger
3082,iyah enak banget coba denger banyak idol yang suka juga dan tentunya ost main vocal gfriend hehe,Joy
5888,bersyukur itu adalah tidak mudah kecewa dengan apa pun yang terjadi dan tidak mengeluh dengan semua yang harus dihadapi.,Neutral
3870,aku suka british accent pas masuk kuping itu keren banget tapi ya itu ngga paham jadi suka bingungan,Love
6378,gue kangen bgt anjir btw gimana ya caranya biar aktif di sini soalnya sepi anjir,Sad
6906,"saat tetangga muslim meninggal meski kelakuannya srg jd omongan, bertaburanlah doa di wag,tp saat tetangga non muslim yg jarang berkonflik,hanya ucapan turut berduka yg terucap.apakah mereka takut atau tidak mau mendoakan?padahal allah sebaik baik pengampun dosa. astaghfirullah.",Sad
3379,"suka, banget.",Love
3757,"sekarang udah di remake sama authornya, nder. namanya l4dy 1n r3d di ijo (eng). tapi ceritanya udah berubah banget sih, gk kaya cerita p4tch1 yg dulu tapi p4tch1 nya masih suka b*nuhin orang wkwk ya masih tetap kurang sih",Love
568,"gue orang kota, tp tiap pulkam tuh waktu pake legging 7/8 diliatin mulu. apalagi sm yg laki, pdhl gue pake oversize hoodie ttp ngeliatnya ke daerah privacy mulu, risih lah bego. paling aneh, masa gue gowes pake sepatu di blg ""ra sah nggo sepatu, nyeker ae"" mkstlo ap njir ngatur",Anger
360,ckp macam ni pun tk rasa nk marah ke kecik hati ke hmm,Anger
3159,"uri markeu selamat buat solo stationnya yeayy proud of you, makasii udah nyiptain karya yg luar biasa, makasi jg udh nyiapin banyak hal di thn kemarin dan thn ini, sehata"" trs ya mark, aku tunggu projek selanjutnya, speechless bgt dan smg karyanya bisa jadi motivasi ya mark",Joy
4601,"ahaha~ kau ini bisa saja. karena tak ada kegiatan, akhirnya aku berkebun saja. jujur, katarina malu.",Neutral
3290,ya ngakak ya sedih enJoy aja,Joy
4756,mau request? langsung saja tulis di kolom komentar,Neutral
759,dih tolol,Anger
5900,"kita gabisa misahin org yg bucin meski pasangannya toxic. udah habis hampir 10 tahun nelen stress tentang hal yang gabisa gue kendalikan, kena imbas mental juga sampai bablas selfharming depan mereka. histeris saking meledak. kalau dia sedih gue gaperlu menyalahkan diri sendiri",Neutral
6650,":"")) kesel dan sedih alias kecewa bro :( yg tdnya semangat wts jd agak loyo",Sad
5747,"kata bang koi ""itu yg suka komen kpop plostak plastik plostak plastik itu uda kasih kerja ke berapa orang ya""",Neutral
6220,ko sepi lgi yanc,Sad
214,"salah sendiri baperan, tolol!",Anger
2966,akhirnya ga malu lagi,Joy
3880,suka banget ngegadoin susu bubuk. apalagi pake pisang goreng ato donat duuh jd laper,Love
2893,aduh si tolol wkakkwkak,Joy
4280,susu yg biasa ku minum dymatize. mau?,Neutral
2845,anda anak smp ? atau sma ? atau anda merasa keren ? gabung di di jamin puas ^^,Joy
3184,lagi seneng soalnya dapet kabar baik i vote for at the 2022,Joy
1473,takut skripsi,Fear
2244,markf! semangat 2±400k lagi buat mencapai target we can do it kok yuk semangatt,Joy
725,terlampau taksub pun susah ended up nampak macam orang bodoh,Anger
3542,"cewe emg suka ngeliat cowo ganteng, tp di hatinya ttp cuma km yg dia sayang.",Love
49,dipta kamu jangan bego bisa ga?,Anger
5544,"springhill f tier breakfast, yang enak cuma sosisnya",Neutral
887,"kek gimana ya, kadang tu melihat kebodohan orang tu bikin pengen hihh. udah tau ada gejala lu bilang lu sakit tenggorokan, waktu tes positif kok kaget g ada gejala lah itu yg lu tulis sebelumnya apaann",Anger
6192,"lucu banget, yeseo! sayangnya gak punya tiktok, nih. (sedih)",Sad
4878,mencoba santai meskipun hectic parah,Neutral
6821,bangun jam 5 tadi krn mimpinya sedih. barusan tidur lagi 15 menit mimpinya malah lanjut. another day of waking up with a heavy heart. ga enak,Sad
516,emosi bgt miu tahan aku supaya ga gebuk ele,Anger
4652,ya allah udah ada kabar euphoria bakal ada season 3,Neutral
139,"lah bego, itu all of us are dead kali gwinam",Anger
3039,"katanya dulu jeno pernah ngasih hadiah powerbank moomin ke renjun ya? kata jeno biar renjun selalu inget jeno terus pas renjun pake powerbanknya. oh terus jeno juga pernah bilang ke renjun ""bisa ga sih kamu suka sama aku kaya kamu suka sama moomin? aku cemburu"" wkwk lucu banget",Joy
3148,bismillah.. semoga saja beruntung done,Joy
3428,"sender! selamat pagii, selene mau ajukan si tristan karena cocok sama kriterianyaa. bisa jadi bro/boyfie kamu, suka kasih hugkiss sukaa banget kasih afeksi, he is full of Love and very affectionate. penyayang banget bangett dan perhatian. he will take care",Love
3538,"papi yiyan sukanya overwork sampe mampus, terus suka ngeyeel banget, papi suka yang manis manis gitu :d apalagi ya",Love
463,kau lagi bodoh kalau percaya papagomo yang kau panggil papa bodoh tu buat video bertaraf hollywood haha,Anger
4354,"ya karena mereka itu adalah kadal gurun yang hidupnya hanya brutal dan rusuh dipermukaan dan kejauhan saja, begitu dideketin dan ditengok saja langsung lari tersilit2 cari lobang seolah semesta mau kiamat, itu dilakukan terus menerus selama hidupnya.",Neutral
1233,"siapa yg salah disni bang , ngeri aq liatnya bah",Fear
594,apaan ini trending nft.. jijik bgt kalo mau abisin uang di hal yang gak membahayakan bumi bisa gak si tolol,Anger
450,pagi2 mmbuat emosi gan,Anger
5030,"enemies to Lovers tapi ga menye menye, bukan ""aku benci sama kamu"" tapi tautau dicium mau. enemies to Lovers yg slowburn, yg kissing aja butuh berchapter chapter.",Neutral
6505,sedih bgt sih ngemis2 sm org huft,Sad
3571,jatuh cinta karna suka jatuh cinta karna kasih sayangmu,Love
312,"halah hidup kok cuma modal kontol tapi pengen cewek banyak, berlindung dibawah sunah rosul. nih nabi yg denger pernyataan lo kayak gini nangis anjir, sesat bangsat! belajar agama boleh, tapi jangan sampe mabok kayak org ini ya teman.",Anger
5166,"kalo dia marah pacarnya di gandeng. tanya punya surat ijin pacaran gak. kalo mukul lapor polisi dong, 'penganiayaan'",Neutral
4269,ayo cepet mbuh biar biasa jajanan aku c:,Neutral
4763,"tadinya mau bilang ""jang naeoun?"" but then hmm ternyata untuk makan saja interesting",Neutral
451,"ada bws yg ngert tweet ku, dia ngira ak benci krna gaada moment bw tah?? ak benci krna trailernya penuh Sad moments..",Anger
5719,suka itu masalah rasa..dan kalo sudah tresno akan terus d puja..sama seperti para pendukung pak anies dan pak ganjar yg tidak pernah goyah sedikitpun walao kabar negativ menerpa,Neutral
890,gatau malu ya,Anger
2763,gembira dengan keadaan,Joy
4034,"done all the rules, thanks for the ga aku ijin ikutan yaa wish nya ada di foto, takut kepanjangan happy birthday cutest maknanya i Love you ;3 extraordinary day",Love
1506,"panik nya tuh di pikiran sih, sibuk mikirin ini mikirin itu, mikir kya ""aduh ini gimana, takut"" ""kaya apa ini"" smbil mau nangis",Fear
3135,"alhamdulillah jimin udah sembuhh amyy,plis seneng bangett lagi disekolah seharian bdmd gatau kenapa dengar kabar ini langsung naik moodnyaa,sehat-sehat terus yawwww",Joy
6621,pasar lagi sepi :(,Sad
999,bnsatt anjirr pagi2 bikin emosi. kalo ga suka anjing kenapa pelihara?! tiap hari selalu denger anjing nangis kena pukul. emosii. mending lu kasih orang dah tu anjing daripada disiksa setiap hari. kesel yatuhan dengernya ikut sakit denger anjing nangis,Anger
389,marah nih nunaa,Anger
2330,padang enak,Joy
1476,ngeri keinjek hp nya min t__t,Fear
2240,"sale pisang 8k, ini enak bangett . dom tAngerang 5 qa?link toko ada di bawah ya",Joy
6424,br tengok ni je dah sedih.,Sad
6370,"temenan 5 tahun hasilnya gini, sedih banget",Sad
5908,"seneng dan sedih di saat yang bersamaan seneng karena di kasih semangat sama abang tapi juga sedih, karena jadi inget sama autumn abang hobi",Neutral
6149,kecewa dikit,Sad
2775,semangat mboll saya support therapy kayak a blessing gt buat hidup gw goblgoblhlblb btw info tadi itu smua psikolog yak bkn psikiater?okter sp.kj jdi gapake medikasi gt treatment nya kcuali diarahin?ita minta arahan trs cocok2an emg jadi klo blm cocok jangan menyerah mbol,Joy
1923,"aku ga pake yang niacinn tp yang botol ungu gila bgt, kaget bisa langsung cerah sekali pake, agak ngeri",Fear
758,cuihh benci banget yg jualan agama basii,Anger
3971,"kalo skarang bakwaan! dulu gue ga suka banget bakwan, lebih suka risol. tp skarang bakwan selalu!",Love
6194,sedih tapi masih pagi,Sad
1293,: harap-harap cemas..,Fear
6239,iye elu yang disana. kok lu ganteng banget sih? maaf gabisa ngomong langsung :( sedih deh,Sad
5925,gak jadi sedih,Neutral
3307,aowkowkwok mau sedih tp udah terbiasa jd mari tertawa saja,Joy
1907,nnti pcr pcr ku marah kak,Fear
6579,lebih baik melihat dia marah dari pada melihat dia sedih.,Sad
4908,luar biasa.. parah,Neutral
368,"terpantau balas dendam goro"" sumpek ndek dosen sing sak penake dewe",Anger
1937,"takut banget, serius. enih mereka tempat gw curhat, tp gw suka lupa mau curhat",Fear
1151,thanks udh speak up bang. gua ngeri akun lu tiba2 kena petrus :(,Fear
4486,org mesti kata yaka aku byk diam. ye mmgla ckp banyak dgn close ones saja. tapi banyak diam dlm kenduri or gather with families especially aunts uncles. ckp byk salah. baik diam . sengeh jee pastu aku selfie bg ada memory. so okayla. nak cakap byk pun letih,Neutral
4942,"dari sebuah rumah pinggir jalan, seorang pria tua keluar membawa sepiring makanan. aku tidak memperhatikan isinya, lalu ia meletakkannya begitu saja di gang sempit samping rumahnya. tiba-tiba ada yang menghampiri, kira-kira 5-6 ekor. aduh, kalian, apa tidak pakai jaket?",Neutral
6965,"tau nih, padahal mah enak aku dm. yg lain udah di block duluan tuh :(",Sad
191,emosi bgt klo ada yg bilang cakep harus putih. makan taii!,Anger
4498,terus masih harus bayar kalau itu beban masih saya maklumi tapi kalau masih di sebut sebagai tagihan yang benar saja,Neutral
6829,sedih melulu nie,Sad
174,ntah tolol beneran atau 'pura-pura tolol' yang masih butuh informasi tentang saya ketika semua akun sosial saya terbuka untuk umum.,Anger
1903,"kita semua punya rasa marah sama wowo prof, jgn dendam ya prof. kan waktu milih kita serahkan semua pada allah.. tpi klo inget trus kejadian itu bole laah prof.",Fear
1099,"aku jengkelnya ke semuanya sih, mbulet kyk benang kusut btw udah selesai bacanya? kalau udah no spoiler please",Anger
4689,"wkwk sama, aku juga keliling liyue dulu ternyata nyaru kaya npc biasa. tar besok di wanwen book store, met ngobrol sm abah",Neutral
5064,"tuhanmu tiada meninggalkan kamu dan tiada (pula) benci kepadamu, (qs adh dhuhaa:3) perjuangan penerapan syariah .. allaahu akbar.",Neutral
2292,"bismillah hari ini aku sehat, aku bahagia, aku berkelimpahan, aku menarik rezeki dgn mudah, segala urusanku dilancarkan, aku diSadarkan dlm setiap ucapan serta tindakan dan aku dipertemukan dengan jodoh dan orang-orang yang baik. aamiin yaallah",Joy
6165,sedih banget temen gue.,Sad
6885,"kayanya gusti allah marah sama aku:""(",Sad
6442,"seru, plot twist banget ceritanya trs ada semua di situ romance nya, trs thriller nya, sedih sedih nya juga walaupun emang agak bikin pusing setelah nonton. aku nontonnya pas on going jadi bikin pusing nunggu next episode",Sad
3608,"ku suka dirinya, mungkin aku sayang",Love
1164,kenapa nak hasut orang tak vaksin? pastu bangga sangat bila orang vaksin takut nak cerita side effect kat dia.,Fear
3813,alasan kenapa suka banget sama karya2mu kak karna kadang bikin aku salting sendirii. ini ngena banget meskipun aku gapunya ayang kk,Love
5677,ini org kayaknya suka banget sama bruno mars,Neutral
4384,"siapa saja yang allah kehendaki kebaikan padanya, allah akan menimpakan musibah (ujian/cobaan) padanya (hr. bukhari) ..",Neutral
5271,akhirnya kita gak malu lagi soalnya bener,Neutral
5004,"benalu negeri bebas mencaci, krn ke adilan sdh mati.. ujar benci dan mencaci itu lah alat pekerjaan mereka, fitnah ulama, dan provokasi adalah pekerjaan sehari hari, memecah belah anak negeri.. demi uang utk nafkah haram anak2 nya dan istri..",Neutral
1661,"denger kata, foto-in satu-satu mukanya. dan yang bilang jendral bintang 4, mantang pangkostrad. warga kehormatan kopassus dan tentunya pimpinan tertinggi angkatan darat. ngeri bos..wkwk",Fear
508,ngomong dari pagi kek bangsat nyusahin bngt,Anger
166,"dipakai untuk acara pernikahan tuh, bodoh.. kunjungi ke tkp jangan cuma maen jempol aja luu.. keree gk punya ongkos, gw bayarin dah, gw mah gitu orangnya",Anger
3274,gajadi sedih pls inimah bikin semangat ngerjain skripsi,Joy
4862,"mereka yang ingin berkerumun, kami tetap menghimbau untuk tetap dirumah saja. mungkin itu adalah wujud kerinduan mereka kepada kami. semoga kita selalu diberi kesehatan aku meh gawe kaos tak sablon tulisan ngonokui, wangun mboten?",Neutral
3194,"omg!! finally ada kabar baik pagi ini. jimii syg kuat banget, hebat banget. bangga sama jimii skrg banyak2in istirahat dulu yaa syg! mam yg banyak. jangan capek2. semoga semakin cepet pulih, kesayangan lulls",Joy
5303,"jangan takut akan perubahan kita mungkin kehilangan sesuatu yang baik, namun kita akan peroleh sesuatu yang lebih baik lagi",Neutral
103,nape lo yg emosi?,Anger
3410,suka banget self pampering nih kak kayaknya?,Love
4329,"uwaha pagi lagi~ [menepuk kepalanya sekilas] hmm, aku rasa biasa saja..namun aku terlalu lelah merapihkan tasku kemarin, sampai tertidur di stasiun. untung saja aku dibangunkan. kamu sendiri? apakah ada kendala?",Neutral
3182,"bangun tidur dapat kabar baik tentang jimin seneng bangett, jagoanku udah sembuh",Joy
3841,single krna suka ilfeel kl dideketin org dan blm ada yg sesuai sm aku dan blm ada yg bs bikin nyaman,Love
5474,"ceria dan bersinar selalu itu aku melody | oshimen melodyjkt48 & officialjkt48 | share info , quiz , games | |",Neutral
1752,kaget bgt tbtb jamet,Fear
6319,haha sepi tanpa purwakarta tapi gpp :v,Sad
3837,"seru, runa. kalau ngga gangguin beliau, suka gangguin anak aku. kedengeran gabut banget ya aku tuh.. btw, runa lagi ada kesibukan apa akhir-akhir ini?",Love
2934,temenku non kpopers tbtb suka lagu ini wkwk terkejuttt wkwk,Joy
1658,"orang2 sudah pinter .. takut dosa, klo gak adil.. srkarang banyak yg pinter..tapu tidak ngerti, ilmu bukan diamalkan, tp disalah gunakan..",Fear
152,"pebenda lah org penuh dgn emosi last episode, time tu jugak dia nak sumbat ppl",Anger
3662,"waktu sma sering banget di giniin, tp yaudahlah. makanya aku kemana mana suka sendiri dan malah kena sindir jg, ya aku to the point aja. langsung bilang, lah biasanya gtkan gk pernah ngajak? kalo sekarang udh nggak, udh pada dewasa.",Love
2483,"semangat buat hari ini ya!! u deserve to be happy. anw, jgn lupa sarapan anna",Joy
1583,aku klu blh nk buat kerja gila pinjam hair dryer kt dept aku tp tulah takut plak kantoi dgn boss,Fear
5956,makin kesini makin sepi karena udah pada close sama inactive kan sha?,Neutral
2552,"semoga bisa jadi perempuan yang mandiri, semoga bisa terus nyari duit sendiri, semoga bisa tetep sayang sama diri sendiri, biar orang tua dan keluarga bisa bahagia , dan kalo suami banyak tingkah atau demen selingkuh bisa mantep ninggalin & mampu hidup sendiri.",Joy
3458,"ahh gw suka banget ini film, cuman sedihh ending nya begitu aja, haha mau nya kudu happy ending.. lol",Love
4932,"foto ootd yang aesthetic bisa dimana saja, tantri namirah tampil kece di depan warung dan bengkel",Neutral
3625,woi aku suka banget sama dia oke,Love
5196,kamu ngga zendirian kak zcazca.. kadang kakak zama temennya zuka bilang gini karena zaya dewaza zekali dan tau zcara bikin ibu koz ga marah zama zaya,Neutral
4221,"kalau mau saling mengerti, lakukan saja setelah membuat lawan mengalami hal yang samaa (yahiko, chapter 372)",Neutral
6180,"maauu, aku udh sebulan sepi banget :(( spes app prem",Sad
2209,baru bangun langsung disambut kabar bahagia,Joy
6116,sedih ada orang suka kita. hakhak,Sad
4257,"menjadikan seseorang sebagai rumah kedua setelah rumah pertamamu gagal menjadi tempat ternyaman untukmu pulang adalah kesalahan terbesar, karena seseorang yang kau jadikan rumah keduamu itu bisa pergi kapan saja tanpa kau tau.",Neutral
1822,panik bgt tadi akunku ke logout sendiri,Fear
5459,cucianku numpuk gara2 hujan semalam untung cuacanya cerah hari ini,Neutral
3982,"iyaa, suka banget gaya penulisannya ilana tan, ringan gt gampang dipahamii sksk",Love
6903,aku kok merasa ada difase maj up apapun malu ya sekarang :((,Sad
4479,"b aja, karna ada nama kembaran ak si haechan jadinya luar biasa",Neutral
309,orang2 itu perlu di ajarin attitude berbelanja deh kyk nya. emosi,Anger
212,konyol bego,Anger
3437,"ga tau kenapa kalau ngedit alam tu, tangan suka banget ngedit warnanya jadi gini wkwk",Love
4237,"udah biasa di panggil ibu sekarang, ibu boss",Neutral
3641,"suka dan jatuh cinta tu gak butuh alasan, suka ya suka aja",Love
495,"satu sisi teriak-teriak darurat pandemi, di sisi lain melakukan hal2 bodoh macam ini. kasian sekali nasibmu rakyat",Anger
205,"1. jangan main klarinet. 2. jangan pernah melambaikan lampu senter ke depan dan ke belakang terlalu cepat. itu dianggap undangan. 3. jangan pernah berhenti menatap sekitar. 4. jangan makan keju, kecuali yang kotak. 5. jangan pakai topi sombrero. 6. jangan pakai baju bodoh.",Anger
1434,aaksks tp w takut ntar mendadak s massal,Fear
1135,eh sumpah gw takut bangett. serem bangett itu orang,Fear
2584,"telor dikocok, butter dipanasin di atas teflon, masukin telornya, dorong aja atasnya kagak usah dibalik. jdi yg bawah mateng atasnya agak stengah mateng jdi shiny dan lembut gitu enak dah cobain wkwk",Joy
868,"halah ngaku aja na gak usah malu-malu, dasar munafik!",Anger
2749,"makasii, semangat juga buat hari ini pik!!",Joy
305,benci bat sama kumpulan ibu ibu,Anger
1849,takut ditabok,Fear
4264,"contohilah kkss (kerukunan keluarga sulawesi selatan) organisasi besar tp tdk mencari musuh. dimanapun mereka berada, selalu menyelesaikan masalah dengan musyawarah. luar biasa",Neutral
1988,"iya njir, deobo gada kabar samsek, agak kawtir",Fear
2798,pagiku cerah ku market ku hijau hijau,Joy
3887,si ceweknya tuh bajunya terbuka. trus dadanya gede gitu. jadi ya gitu deh. tapi sejujurnya ceritanya lucu kok. cowoknya polos banget soalnya tapi kalo gak suka fanservice ya rada kagak nyaman sih makin kesini makin makin soalnya,Love
1534,takut ga bisa makan,Fear
843,anjirr ini akun gilak bego dongo bikin gw kaget aja,Anger
1987,"kenapa ya orang suka banget ujar kebencian, ga mikirin perasaan orang lain tuh sedih atau kepikiran gituu, aku jadi takut makin banyak orang jahat",Fear
6171,sedih,Sad
4753,"ajarkan kepada anak lelaki anda: 1. menundukkan pandangan terhadap lawan jenis (terlebih lagi saat sudah memiliki istri) 2. cukup lah 1 istri saja, karena poligami bukanlah hal yg mudah 3. tidak boleh kdrt baik scr fisik/verbal 4. jangan memiliki pola pikir seperti orang di atas",Neutral
3592,lagi suka banget,Love
383,no 3 sama 4 tolol banget bngst,Anger
1538,ngeri banget,Fear
211,"taik gua benci twitter, suka ke refresh sendiri bangsaat, padahal tadi ada tweet lucu jadi gak kebaca",Anger
1957,"degdegan banget hari ini ya ampun.. semoga lancar,,sinyal bisa kerjasama ya please.. tabletku jgn suka tiba2 no connection ya! salam sehat waras semuanya",Fear
4629,stretching biasa yg gw lakuin tuh child pose dan cobra pose dan biasa in 8 detik.,Neutral
2438,"semangat dungs, pc & merchku blm dtg jdi hrs tetp semangat",Joy
2727,"sejak kita mengenal dunia, orangtua mengajari kita tertawa, namun sekarang kita sudah dewasa sering lupa membuat mereka tersenyum bahagia.",Joy
3296,"minta maaf abis cerita gitu? aku jadi bersyukur banget punya bestie, dia yg kujadiin tempat cerita sedih selalu ada, buat cerita random juga selalu ditanggepin sama dia. dia juga gitu ke aku, kalo nyeritain pacarnya bisa sampe berjam-jam.",Joy
3833,paling suka klo jaejoong nyanyi rock. suara seraknya jadi keluar banget.,Love
1349,2 atau 3 orang aja ya :d but! kalo flop mora hapus soalnya malu,Fear
4427,padahal vaksin kedua biasa aja,Neutral
5360,"kalo nggak kaget, ya heran.. cukup di situ saja",Neutral
6734,"sorry to sayy, kbe harus takedown jujur sedih bgt tp mau gmn lg teh rasanya tuh aduh sekalian jg nanti ak mw debutin kisah baru mungkin ini kbe mau reborn tp ceritanya berubah 360° lah pokoknya jd lebih ringan alurnya aduh sorry bgt dan tungguin cerita selanjutnya yaa",Sad
680,tolol lu,Anger
180,ya gimana ya bangsat ya gitu gasii,Anger
6737,sedih mau cd.,Sad
5140,aku benci menganggap enteng apapun tugas yang diberikan. -gildarts,Neutral
6538,aku sedih eh tapi kok kamu udah bangun,Sad
5562,modal semangat tok,Neutral
278,marah,Anger
3006,cb bayangin kl sbenernya itu foto idol kpop trs di edit sm si sendernya woaksowkak,Joy
3309,sepi bgt busyet wkwk,Joy
2480,"semangat buat kamu yang lagi latihan, ya walaupun gak ke notice. semangat",Joy
289,"gua steril kucing aja abis 1 juta 3 ratus 80 ribu men bangsat mahal kan tapi karna kucing gua udah tua jadi reaksinya lama bgt masih suka spray urine sembarangan, suka teriak2 minta keluar nah itu yg bikin gua pusing",Anger
4395,normal german pro globohomo dunno ya tell me,Neutral
5314,tida kaget karena u deserve it,Neutral
993,jends ngasih info kadang suka banget dadakan deh kampus bikin keki,Anger
2236,"aamiin, semoga hari ada yang nyantol ya! semangat",Joy
3666,hi gue suka banget final chorusnya,Love
39,bangsat ini akun sy di hack kah?,Anger
6544,"seneng akhirnya jenjang karir yg dimau abangku udah kecapai, tapi sedih juga harus jauh jauhan lagi. nanti kalo nelfon pasti sombong deh, : menejer ni menejer, jangan macem macem emang rada tai si, tapi gapapa uang jajanku nambah (bismillah)",Sad
2754,"anak muda kudu semangat, jgn letoy",Joy
6992,"sampe sekarang masih bertanya tanya kenapa orang suka banget buat sampah di halaman rumahku yaa, sedih harus bersihin terus",Sad
3127,dan ffvii juga! saya suka banget dengan konsep sekolah magic soldier di game ini. dan battle antar sekolah. pertama kalinya cutscene battle squall vs seifer memikat jutaan player (i hate rinoa!) jauh sebelum harry potter rilis,Joy
270,wkwkwk tolol,Anger
3038,"i play both! tapi lebih suka the electric one, karena amp sempet rusak jadi udah lama gak main! (tmi: when i was in a band, i play the keyboard though.) oh dua-duanya udah gue baca! your letter tuh artnya bagus banget.",Joy
2883,"8,5/10 enakk bgt suka rasa kuah pedesnya, apalagi kalo lagi emosi makan ini auto hilang emosi ku",Joy
5787,"ah kakiku nyaman! aku mau berdandan,tp tetap paling suka pakai sepatu kets! - miiko",Neutral
5090,mau dendam biarkan saja emang mereka suka dendam politik akibat kalah pilpres,Neutral
3164,"huaa alhamdulillah pagia"" udah dapet kabar baik dari jimin",Joy
5500,gak ileran ituu enak aja,Neutral
111,tetep aja namanya selingkuh kok ya tolol banget. kakean alesan,Anger
1391,lho kirain fest hahahha :'),Fear
2600,"hii ayaa, semangat ya buat hari inii, have a great day ;33",Joy
220,nah ini satu lagi cebong tolol nongol..,Anger
4251,dah biasa dah perangai dia aku dah masak,Neutral
3095,"sumpah no comment. brcnd. temen gue lumayan lama paling lama itungane udah mau tiga tahun apa?so far so good galak banget tapi sumpah keren banget anaknya kreatip dan suportip, suka minum kopi sehari abis dua liter abis itu bilang gabisa tidur :v",Joy
4302,"mungkin saja,dmn2 yang gak setuju pasti kedengaran bersuara keras..semua fraksi dpr hanya pks kan yang menolak?",Neutral
83,"auto belit apa? mmg ah dia org marah bila kena kencing oleh gov india. indira gandhi gunakan perkara ini sbg peluang untuk politikus dia, itu yg menyebabkan ltte bunuh indira gandhi. ko pergi baca sejarah kenapa ltte tu diwujudkan. tak sama langsung mcm taliban.",Anger
873,"tbl tbl takut banget loh, iri kan lo ga bisa gitu makanya jangan gatel",Anger
6558,"aku sudah dewasa, aku sudah kecewa",Sad
4416,luat biasa,Neutral
461,bego dimananyaa. eluu ihh,Anger
6221,tp kecewa bgt dia grgr aku gak ucapin,Sad
551,marah marahh:(,Anger
3121,entah suka banget kalo denger musiknya wagakki band.,Joy
2374,ini enak..semriwing,Joy
5952,"kenapa ya gue sering banget punya pikiran yang kontras kalau lagi sedih wkwkkw gue selalu nyalahin orang kalau gue sedih, tapi pas udah gak sedih i feel like i wantto cherish them",Neutral
2246,", hi pagi kakkamu udah sarapan belum?kalau belum cepet sarapan ya? jaga kesehatan dan istirahat yang cukup juga!! aku bingung mau ngetik apa lagi intinya aku cuman mau bilang kakak semangat terus yaa !! banyak yang sayang,",Joy
6661,"ape la mama ni. sory sayang. mama tak jaga dhyan dengan betul. mama leka. sory sayang. cepat sembuh lah dhyan. walaupun awak demam pn macam tak demam. tapi bila malam nampak awak mcm tu, sedih mama.",Sad
3916,suka banget sama part rapline disini,Love
2450,aowkaowkaowkoakw semangat ayy,Joy
2329,"bagaimana yang aku rasa. tak jauh beda denganmu! intinya, kita merasakan sama. sama-sama menderita sama-sama bahagia! semua bersama :)",Joy
5939,"kelas gue ya gitu deh kayak kelas biasa, sesi a ribut bgt tp sesi b nya sepi bgt huhu hobinya ngevlog dikelas apa aja kalau ada kegiatan selalu dibikin vlog",Neutral
2146,"aamiin, semangat",Joy
4487,"bukan cinta atau suka tapi lebih ke persaudaran yang sempat terjalin jangan sampai lepas begitu saja, saya masih mengingatmu dan tak akan lupa kebaikanmu ku tunggu di salatiga. meskipun ga pernah kontaka""an semoga kamu baca ini ya",Neutral
5899,"* malam 1 nenek pake baju tipis. malam 2 nenek pake bikini, kakek kaget doang. malam 3 nenek telanjang bulat, kakek malah bilang, ""baju kusut kok dipake!""",Neutral
6244,"sedih banget, gua yg ngurusin segalanya gua yg gak ikut:((",Sad
650,"makin kesini ya makin yaudahlah ya serah deh mau gmna pokonya kalau udh dibuat kcewa ya lepasin ,ga dendam cuma ya udah gtu aja ,jdi cukup tau aja lah ,intinya ga bisa sama orang yg ga bsa nghargaiin orng lain,,",Anger
708,"halah, ntar pas gw jawab, gw dikatain nyontek gugel lagi, jawab salah ga jawab salah. oalah, angel ancen lek wes debat karo banci tolol koyok ngene, aku seh isin wakak",Anger
6052,"rangnick: ""sangat kecewa, kami seharusnya menang dan menutup pertandingan di babak pertama. crossbar, tiang gawang, penalti yang gagal, dan banyak peluang. seharusnya 2-0 atau 3-0."" () bisa 5-0 malah..",Neutral
4316,monggo yg butuh tempat untuk santai bersama kawan dan saudara warung makan buka mulai pukul 09.00 - 21.00 lhoo jangan sampai kehabisan masakan ayamnya yang lezat di laburi dengan sambal bawang yang lezaat,Neutral
3407,emang bagus banget dah aku juga suka! seruuuuu bisa liat 3 spiderman di satu film.,Love
3319,"selamat pagi sender! sana avail nih pas hari valentine, nanti disayang-sayang sama sana, dia orangnya manja dan suka manjain balik terus juga suka usel-usel sama pacarnya. aku drop carrd sana ya kalau kalau tertari langsung ketuk dm aku ya!",Love
4747,ini bener..jam 9 malem..abis praktek.. bini wa di rs ada lem kertas ga? yang biasa gitu. besok ** ada tugas suruh bawa lem buat nempel2.a,Neutral
1424,"dikasih tau adik, simbah nanyain ""ini bajunya gak pernah lihat dipake keluar, dipakai di kamar ya?"" baju tidur tali spageti yamasa ku pake keluar2 kan malu. ini kalau beli lingerie yg aneh2 ya jelas jadi pertanyaan. udah paling bener beli daster midi aja.",Fear
1216,gamau tegang belum disuruh ayank gak usah di zoom ! gaboleh ayank,Fear
5403,"sebentar lagi mereka kaget, karena ada rencana akan ada ibukota halu",Neutral
1924,"berlaku buat seller juga sih. kalo sudah ada yang take, at least ngabarin ke calon buyernya biar sama-sama enak. kalo sama-sama ghosting ya gimana wkwk ngeri juga",Fear
3869,"suka dengan cara aan menuliskan permasalahan sosial di buku ini. selain tema itu, cinta yang luas ada di dalamnya",Love
3800,"temen2 deket aku tau banget aku suka jawab bebas kalo ditanya mau apa, jd mereka pasti lgsg pesenin aja apapun xixi Love u all",Love
314,ya ampun pagi pagi udah bikin emosi wkwk,Anger
6642,"tapi pas liat liriknya gw jadi merasa apakah ini yg dirasakan mark sesungguhnya, gw sedih dan merasa jahat,sebegitu depress nya seorang idol sampai kehilangan masa child nya,demi karya yang kadang juga masih di hujat",Sad
1427,"lo takut ga sih anjir selasa depan anjir, treasure beneran cb ya?!?!",Fear
4511,"patrick wilson yang berperan sebagai astronot dan john bradley sebagai 'whistle-blower' patut diacungi jempol karena totalitas aktingnya. tapi soal kualitas, tentu saja akting halle berry yang menjadi juara berkat profesionalitas dan jam terbang yang lebih lama",Neutral
5573,"cewek merasa bahagia ketika pasangan meng-anggap dia ada, meng-anggap dia penting, dan meng-anggap dia cewek satu-satunya",Neutral
4003,"boleh nder, soalnya gue juga suka dipanggil sayang sama ibu ibu grosir kalo nganterin emak belanja sembako",Love
6855,adik ajak jogging. pastu aku mimpi aku dh jogging dengan dia. aci la tu hahahahaha bodoh sekarang,Sad
3008,oke berarti dianya panik jd jawabnya ga konsisten wkwkw,Joy
5861,mjb dipancing pake lagu2 yang sedih ajaa,Neutral
1105,yg ngmg mana cita rasa budaya indonesianya? sedih gue liat org nge - gass tp klo suruh ngaca dianya kaga demen,Anger
6718,"kalo anggaran tiap bulan ya bangkrut, ya kalo lagi butuh aja dong..masa teroris pake musim kadang muncul nanti sepi nanti muncul lagi, kalo teroris ada ya terus dong aksinya sekalian sekarang lagi ada covid-19 pas pemerintah sibuk, ternyata terorisnya libur kalo pemerintah sibuk",Sad
4342,"wkwkwk karena bonek tidak hanya mendukung persebayang saja tapi persik,persela,psis,persis,pss,psid jombang awokawok,ini bukan basis ya tapi sengkuni mengadu domba contoh:arema indonesia vs psid jombang,sg main sopo sg teko sopo, pss vs arema endi onok lambang pss ndas bonek",Neutral
7079,this user sdg tidak.baik.baik saja sdg stress,Sad
4557,"oke karena salah ukuran pas beli, kita jual saja ato tuker size xl or l ya sabii jersey home timnas indonesia 2020 sz 2xl lok cibinong pakansari harga 320k bnwt sudah freeong se pulau jawa *foto hanya pemanis, yg asli masih rapih terbungkus plastik*",Neutral
684,ihh kok marah marah sihh,Anger
5184,kadrun pinter nyari pengikut dari kalangan publik figur yg bodoh,Neutral
2765,semangat tinaa,Joy
3100,"maria vania cukup memerhatikan fashion saat berolahraga jetski, main tenis, hingga golf!",Joy
6681,"ngga nder, kyk nya gara2 quarantine deh. soalnya dulu aku klo maju santai bgt, ngga nervous, ngga tremor bagus2 aja. trs skrg jd klo mau maju tuh masih enJoy aja, tp waktu udh mulai ngomong buyar semua. jd tremor, kata2 yg udh disiapin ilang semua gtu deh jd sedih",Sad
2451,semangat !!,Joy
4575,"jangan biarkan mimpimu terkubur perlahan oleh waktu, lakukan yg kamu impikan, hidup terlalu berharga melakukan sesuatu yang biasa gigitch",Neutral
326,tolol sampe ke dna nya ni orang..,Anger
4031,"aku kangen tapii kamu bangsat, aku harus kuat.",Love
5922,kalian bisa dengerin mitski tanpa ikut sedih padahal g bisa relate gitu?,Neutral
2176,semangat nidaa,Joy
6664,iya sedih bgt padahal udh nungguin dia comeback lagi sama sn,Sad
4169,"andai saja dia percaya.. skenario berikutnya adl (happy) ending. tp mmg belum di-ending-kan oleh sang penulis. kunci-nya percaya, yg biasanya dikonflikkan sepanjang waktua”dipercayai atau mempercayai dulu. saling percaya = (happy) ending of kemanusiaan. langka di kala ini.",Neutral
6126,dirumah sepi karna lagi pada pergi tanpa diriku,Sad
3305,jgn sedih. itu keren krna kmrn jg ada diksh temenku sekotak crosang. hahaha kan biar keceeh,Joy
2787,"haii nottie, semangat yaa hari ini jangan lupa sarapan yaapy weekend -paw",Joy
4818,"oke, kak wulan. sama-sama ya. beyar senang mendengar kabar baiknya. selamat menikmati layanan indihome-nya kembali dan selamat berakhir pekan :) -beyar",Neutral
3320,sopaa!! cuz akuu suka banget jurusan tari di sana aku sering ngikutin daily school nya anak sopaa dan itu asik asik bangett mereka juga suka ada event!!,Love
1676,ngeri angine soalna jeng wkwk takut sakit,Fear
348,aq sumpah benci nerd yng main romen buku setiap hari pastu poyo nn hotboys,Anger
5167,jangan marah-marah,Neutral
5933,kalo ada orang mukanya murung fix fans mu,Neutral
6613,"gue tim raydu, tapi liat ini sedih bgt fak",Sad
1626,gua jadi takut ada temen rl tau akun inii soalnya bisa diliat dri kontak kan apalagi gua dftr akun ini pake no hp..,Fear
6302,aku sedih pih? hehe. mau nangis..,Sad
3196,alhamdulilah kabar baik dipagi hari. ada yg bisa jenguk dong. stay safe and healthy uri jiminie,Joy
3487,cena cenaaa! cena suka pda karena cena suka banget pamerin pacar cena dan cena juga provide untuk gxg rls so no worries yaa cena avail mulai tanggal 15 nihh dan kalau mau bisa langsung hubungi mami cena yaa! see you calon pacar,Love
871,"07 februari 2022, hari ter shibal bgt kenapa gitu lo di bikin jatoh di depan jalanan mana di liatin byk orang sakit sm malu nya netral 7 februari prik",Anger
4647,faq : apakah artinya selfpublishing - print on demand? print on demand adalah sistem yang digunakan oleh artinya kami mencetak buku hanya berdasarkan pesanan saja,Neutral
3718,"emosinya natural banget, aku suka wkwkwkwkwk",Love
3317,"hanse mode anak rumahan gini tuh aku suka banget wkwk pake kaos terus bawahnya celana model apapun itu, misal jeans atau training tuh fav banget sih. atau pake kemeja.. sebenernya apapun style nya suka aja sih",Love
2218,"enak ya, bangun tidur langsung cuddle sama ayam",Joy
5553,"hi teman smartfren, biar makin semangat lihat kucing lucu, gemesin banget ya kak. terima kasih-alin",Neutral
2121,"selamat hari sabtu juga ibukk, semangat buat hari ini",Joy
3781,aakk ini bagus banget sumpahh aku suka banget sama penyelesaian konfliknya di buku terakhir,Love
3396,"selain kandungannya, aku suka banget sama teksturnya yang cepat meresap saat di apply ke kulit, & pastinya ngga lengket, packagingnya terlihat mewah & pemakaian serumnya gampang banget, tinggal ambil pipetnya lalu teteskan dan oleskan ke kulit wajah secara merata.",Love
85,bersabar dengan emosi yang ada di dalam diri ini.,Anger
3984,hohoho gpp gue suka malahan ajun cakep banget sial gue demen nih yg modelan begini,Love
1877,"iya bener, soalnya takut kelupaan, takut lama karena bingung terus kasian yg antri",Fear
2801,"salah dap, jadi gk suka",Joy
5589,"semangat nder, kalau mau cerita silahkan",Neutral
2640,denise semoga kamu bahagia y:)),Joy
6060,"kalo gigit bibir termasuk ga sih kak? ky aku kalo lagi emosi, lagi sedih, tu bawaannya gigit bibir bagian bawah sampe rasanya kebas gitu, pernah saking kencengnya takut sobek",Neutral
2880,cerah oy.,Joy
3362,"halo halo, kiel! ya ampun ternyata kamu pacarnya glo ya?? ih tau ga sih, kita sama banget, pasti sketch yang belum jadi numpuk malah buat sketch baru. salam kenal juga ya, ayo kita jadi teman baik, kiel suka yupi engga btw? random banget ya ahah",Love
494,bangsat ini siapa yang setel lagu galau pagi pagi,Anger
2019,takut aku kecewa,Fear
2525,"hello to you. memang kadang perasaan gak tenang itu suka nyamperin sih, nggak enak ya? tapi gapapa, everything is going to be okay. hang on there ya, kalau pengen cerita boleh ketuk dm ku juga kok. semangat, cantik!",Joy
4235,"kan jadi seenaknya memperlakukan ke kita, berhentilah berpura pura seolah olah semua nya baik baik saja. hatimu bukan baja",Neutral
3203,oit gmn kabar lu wkwk,Joy
3905,"tapi lebih nyaman kalo aku ga suka dia end then dia suka aku sih, jadi lebih ngerasa di cintai bgtt.",Love
1270,jd malu trims,Fear
5859,"gw bukan orang kaya, tapi gw orang senang. gw gak punya harta, tapi gw punya bahagia. obay kusut (cowok yg mudah dikenal sukar dilupakan) salam rock n roll..",Neutral
4247,"makanya g fanatik sama politisi bro.. hingga sy yg menilai obyektif,dikira benci.. sy rakyat biasa bro,jd politisi atau pendukung politisi yg cuma mentingin pribadi/golongannya saja",Neutral
2895,"guys klian hrus nntn mpua army sumpah,gemes bngttkontennya tuh nyobain eksperimen2 hng ad di tt atau video eksperimen buat sesuatu gtu.klo wksperimennya bhong atau ngk berhasil psti dia lgsg meong2 kek marah gtu,trs kabur",Joy
4656,"09.13 simpang air hitam : antrian kendaran normal dikeempat kaki simpang, situasi arus lalulintas lancar",Neutral
5853,"but if u get easily attached pasti sedih pisah sama dedek2 kucing, jadi ya siapin aja mental ya",Neutral
618,masih bisa menanggapi dengan candaan walaupun dalemnya emosi sih wkwk,Anger
6058,bukan hanya seperti hotel..tempat hiburan atau kuburan..shg sepi dari ibadah,Neutral
3720,kenapa aku suka banget banget sama cilor..,Love
4118,"mung piala ciki, fokus ucl",Neutral
3616,"happy birthday my Lovely eonni. suka banget sama bo young dari dulu, segi acting, visualnya, tubuhnya yg mungil itu perfect banget di dia, selalu nantiin projek drama nya awet muda bgt lagi. doa yg terbaik buat ayang, dan semoga karirnya makin sukses iya. Love you",Love
3149,seneng bgt bangun tidur dapet kabar jimin udh sembuh dr covid,Joy
4204,"halo, aku bikin akun karyakarsa yang mau dukung di sana, boleh saja terima kasih",Neutral
1413,korea pelapis ama utama ga keliatan beda saking gk keliatan sepak terjang pemain utamany di mens tapi takut aj kejutan racikan gado2ny sih suka surprise,Fear
2201,"program makmur dukung pertanian indonesia.,go petani sejahtera!!,,",Joy
2001,"dua hari ini, ngerasa flu tapi gejala omicron gtu. semoga aja si emng flu biasa, bismillah gpp meski takut",Fear
5282,"halo, cantik kebetulan aku sering di curhatin soal per move-on an, dan aku bisa kasih advice dengan jujur dan tegas but still in a gentle way, aku sering dijuluki counselor sama temen-temen aku, jadi jangan ragu ya buat cerita sama aku.",Neutral
869,ajuin aja kenapa takut untuk mencoba? ragu? mundur aja.,Anger
2358,terlalu semangat demi dapetin ayang,Joy
2006,"orang di rumah sakit sudah biasa ketemu dokter, lah aku malah takutan",Fear
3090,baca bitmoji stories suka ngakak sendiri. karakternya aku banget kayak gitu. tengil ngeselin,Joy
6898,"luka pling berat dan bikin trauma banget,benci banget tp kek ya udh,,udh terlanjur dan udh terjdi pengen putar waktu mending gk kenal dia dari awal,tp semua udh terjdi yah",Sad
4902,ibu gurunya menjelaskan siswanya biasa saja tidur ngumpet,Neutral
356,reply la ws apa yang susah sangat nak suruh fix app je pun kang aku tak masuk kelas pastu kata aku ponteng bodoh betul,Anger
1162,"kucing kota, panik dia dikejer",Fear
5377,exol juaranya malu-maluin fandom sendiri,Neutral
3064,"lucu banget ""kalo gak minta izin nanti ortu kamu gak suka sama aku"" ngakak awkakwwka",Joy
3161,alhamdulillah jiminiee. masi pagi udah dapet kabar baik! senengggggggggggg -pagi,Joy
3402,and he did! kl lu perhatiin fancam my treasure dia pasti dia seriing bgt senyum dan ketawa2 apalagi sama jeongwoo t^t makanya gue suka bgt my treasure soalnya dia enJoy the stage banget,Love
5306,"aku ga bisa rekomendasiin punya aku, soalnya ada cacat dikit trus bau karet nya nyengat banget banyak ko toko yang jual, kamu ketik aja sendal beruang",Neutral
3795,suka banget godain dia,Love
6982,"dulu di sekolah emang banyak banget yang ga suka sama aku sih, ditambah aku juga ga cantik.",Sad
1890,gw yang punya aja terkejut mei,Fear
579,"prettytitit pencitraan lo udah sampai kelangit 7 pemprov lo kekurangan dana pajak lo hilangkan itukan aneh ,gua gak tau itu namanya dungu atau bodoh dua""nya julukan kamu!!",Anger
2319,"semangat 45 biar bisa upgrade vivo y12 yang udah ngeleg, semoga ada rejeki aamiin",Joy
4126,"di aku ngaruh, pake pas malem mau tidur besoknya udah normal agak mendingan",Neutral
1691,"udah resign dri tempat kerja tapi kok masih degdegan ya, takut kalo ketemu mantan bos di jalan :'(( kenapaa??",Fear
862,"tolong adain fitur unsend, gua malu bngt jancok !!!!",Anger
4793,edisi spesial valentine samsung galaxy s22,Neutral
4352,"ingat lah rekan/partner/shohib ku, this is sabtu santai. enJoy.",Neutral
2380,"streaming nya enJoy sih, soalnya lagunya enak hehe",Joy
2378,semangat para atm wlm,Joy
4989,"lebih baik diam, dan biarkan saja orang lain menganggapmu bodoh, daripada banyak bicara, dan malah terbukti benar anggapan mereka.",Neutral
5482,"ular ,buaya , tikus jg klw udah dipanggang pasti enak",Neutral
4071,ngeliat teaser wonpil jadi sedih anjir apaan sih sebel tapi sayang,Love
1116,buat kali ini gw ga ngerti sama jalan pikira lo gar yang jelas jelas vara lagi hamil goblokk dan satu lagi buat lo zara gw tau lo kaget kecewa sama kk lo tpi dia lagi hamil anjritt dan lo gatau alesan kenapa kk lo ngelakuin itu semua anjing emosi bngt gw,Anger
1541,kami takut pada yang tidak berwujud,Fear
5947,"sepi bangett iyaa, kayanya sih paling fanlive sm cb. tapi klo ada schedule lain apa ya hmmmmm",Neutral
5447,enak aja,Neutral
6511,sedih yang perform cuma 6 member doang gegara jiyoon lagi kurang sehat gws jiyoon,Sad
4087,"yukk gass, sudah siap mental siapa saja yang mau pergi",Neutral
6860,"tapi cuy gue malah ke trigger lagi pikiran yg bikin sebel sama diri sendiri haha. ya emang si belom waktunya. cuma sebenernya gue tau, gue bisa banget kek gitu. cuma tiap mau melangkah, ada aja hambatannya. gemes aja gitu. kek manusia bodoh bat gue apus ig dulu fix!",Sad
5655,"terus suatu ketika ada temen aku bilang dia jadi suka sama youngk dan dia kasih tau aku day6, saat itu aku udah tau day6 sih tp membernya nggak tau siapa aja kecuali si jae sama youngk didengerin lah aku lagu day6 you were beautiful dan diracuni suara youngk eh tapi aku malah",Neutral
6036,tidak seharusnya kecewa dan terluka membuatmu terpuruk. tapi itu adalah indikasi bahwa ada yang harus kamu perbaiki dalam dirimu.,Neutral
4734,"terus ketemu al baqarah ayat 62 ""sesungguhnya orang-orang yang beriman, orang-orang yahudi, orang-orang nasrani dan orang-orang sabiin, siapa saja (diantara mereka) yang beriman kepada allah dan hari akhir dan melakukan kebajikan, mereka mendapatkan pahala dari tuhan-nya,",Neutral
5078,"sebelum reply ada baiknya mengerti dengan arti homebase dll, mas. daripada terlihat bodoh. ambil contoh, persija dari jakarta, sleman dari yogjakarta, apakah keduanya pernah bermain di rumahnya sendiri?",Neutral
2500,"jelek bgt sabtu mu semangat ya, jgn lupa sarapan!",Joy
6253,"eh asli sedih bgtt padahal debutnya juga belum lama, mana suara dia paling bagus di sn",Sad
3821,"mootss, temen aku lagi suka sama orangg. kasih tau cara atau tips dong, biar orang itu suka balik sama diaa. makasihh~~",Love
6272,"hypeask! album da wv 1press kalian yg waktu itu ""shipsoon"", skrg statusnya gimana? tolong jangan dianggurin,sender sedih bngt yg udah dirumah,nyampe ina dll jngn rep ya:'(",Sad
6280,"makasih yoongi udah bikin jumpalitan semalam dahal lg sedih, hush sedih pergi hush hush",Sad
6967,hari ini ga semangat gara gara belum di ucapin selamat pagi sama ayang,Sad
3395,"ya allah gw cinta banget sama ss501 high quality vocal mereka, lagu""nya catchy dan lumayan gampang pelafalannya buat dinyanyiin org indo variety show nya jg lucu"" menghibur bgt paling suka let me be the one, all my Love for u acapella nya",Love
5330,start 12k aja yu hi kak! lagi cari app prem? pengen cepet juga? ada nih! lengkap + fast respon + testi on pinned yaa yuk langsung dm! t jual netflix murah spotify wetv kaget nikah all of us are dead,Neutral
5738,"cannot relate kebalik, anak-anak malah suka banget nempel padahal akunya diem aja. tau-tau ngusel, tidur di pangkuan, minta digendong, disuapin, ngajak main, dll. beberapa kali juga nemu balita nyasar yang lari ke aku dikira aku emaknya. apakah aku infp kw?",Neutral
6746,"sedih banget rasanya aku, hatiku rasanya kretek kretek, rasanya gimana yah di crush-in seseorang yg seperti jeon jungkook?? jeles banget iya, tapi ya udahlah, mau gimana lagi. semoga aku dapet jodoh yg kayak jungkook",Sad
3857,"seneng banget sih ngadain webinar yg pas banget sama aku yaitu tentang toxic relationship, yuk lah bestie yang masih suka galau2 masalah percintaan mending ikutan ini!!",Love
6122,sedih bgt farewell giftnya yeppeoseo :((,Sad
5261,gajadi malu aw aw,Neutral
4705,"eh tak, biasa biasa ja",Neutral
6788,"ga punya ayang, sedih jadi fans man utd, sedih sedih²",Sad
2052,semangat kak. sudah terima chat wa dari kemenkes belum. disana ada petunjuk konsul gratis online dan tebus obat.,Joy
1776,jangan terlalu byk kepo kurang2in kepo cek urg mah ntr takut jatuh cinta lg awas nanti km cinta,Fear
3539,"halo cantik, temenan kita udah lumayan lama dan gatau kenapa gemi nyaman sama leci. soalnya leci lucu, manis, suka bikin salting dan suka ngambek lucu wkwk",Love
4472,denger kabar kageyama jualan baju koko ditanah abang,Neutral
2536,semangat pagii..,Joy
5729,"huhu jiheon graduation yaabakalan kangen belajar bareng jiheon,aku kalo ngerjain tugas suka sekalian nonton vlog jiheon yg belajar. biar kaya belajar bareng jiheon gt sedih banget jiheon ga bisa datang gradupadahal pgn liat dia",Neutral
6726,mau dong mutualan beb.. akun baru netes masih sepi bgt :(,Sad
1592,gue takut dm authornya apalagi boong umur pdhl dosaan baca gituan gasi gatau si,Fear
1723,"wordle 234 3/6 kaget sendiri, bisa-bisanya tebakan ketiga langsung keluar",Fear
5542,nasi cikur teh nasi goreng pk cikur kitu teh..?? enak? *pakenanyaa,Neutral
4320,"ahaha benar sekali. aku harus sering bermain dengan anak house lain. aku seringnya bertemu dengan gryffindor saja karena keluargaku ada yang anak gryffindor. jawabnya, dan michaelis baru menyadari ia tidak punya teman anak ravenclaw. ""kalau begitu, maukah kau menjadi temanku?""",Neutral
2611,"semangat dhii, rest well ya",Joy
4814,"hahaha, santai. dia bestie gw dari smp, orangnya emang gitu tapi sebenernya dia baik kok",Neutral
490,"kasian nih org, istilah ""anak kolong"" aja gak tw.. bisax main medsos tp malas membaca, bego beud",Anger
5954,"melankolis mudah untuk sedih, gelisah, galau dan melow.",Neutral
2910,pgn ketawa gue klo lu emosi,Joy
1006,"suka banget ya dikasarin, giliran ditampol beneran nangess, dasar orang ga jelas",Anger
4254,udah kek hal biasa ngga sih wkwk habbits gt,Neutral
2503,semangat dibantu doa,Joy
4461,"pesan saya kepada orang ahli agama atau ulama sekalipun,.berdirilah dijalur ilmu yg tegas dan benar jgn abu-abu sebab mereka para partai yg hanya butuh kalian disaat mereka butuh dukungan suara,.sifat yg demikian itu adalah munafik dan licik",Neutral
2314,enak loh,Joy
2554,"hey km tetep semangat yaa semoga cepet pulih. jgn lupa istirahat yg cukup, eat well & minum vit. speed recovery bestie",Joy
1417,"gw ragu mw bls make kata2 apa pake foto juga, dan akhirnya keluar dh",Fear
3096,"aslik suka banget sama natrep. msh ada produknya yg under 20k. cocok di muka pun, ga bkn break out",Joy
25,sei ini ya gue baru bangun tidur udh bikin emosi aja,Anger
2409,semangat nguli,Joy
1113,rame apa sepi nih!?? kasih info yg jelas napa,Anger
4581,baru saja mengirim foto bonn cafe,Neutral
1552,iyaa. aku juga jadi takut:((,Fear
6050,"setiap kali meeting, makin kusut and pressured. elek lah makin meeting makin tambah idea, ada usul aku ni master student kah research untuk 3 bulan jadi cam setaun dibuatnya sebelum tidur nebes, bangun tidur makin nebes",Neutral
6381,sedih budush bila ade orang mengingatkan mu mende hok lepas. sakit sia,Sad
3349,siap suka banget,Love
433,"halah taik. pagi2 dibuat emosi gw, support system support system tatai anjingan",Anger
979,"kenapa ya orang2 kok suka banget cari2 kesalahannya aespa? iri bilang sahabat. damn, kalo gasuka mending gausa diliat.",Anger
2655,semangat kak,Joy
6454,"sedih ya bu melihat negeri yg indah elok permai ini dirusak oleh bang*at"" bangsa yg memangku jabatan yg kata berkuasa atas sgalanya",Sad
6968,"pagi pagi udh dpt kabar aja dri temen, antara sedihh dan bahagia tp banyk sedihnya sihh",Sad
4140,"keadilan akan menang katamu..?? tentu saja, siapa yang memenangi perang ini akan menjadi keadilan. [dofalmingo]",Neutral
1127,"ini segala keresahan gua udah mau ilang nihh, pokoknya pikiran udah mulai enak deh tapi entah kenapa fyp gua isinya cuplikan film layangan kusut, ku kira kau rumah . kan anjing jadi ketriger lagi gua mulihin supaya mood gua muncul lagi tuh agak lama bgst",Anger
4338,"biasa rotii, atau apa gitu yang ringan""",Neutral
6710,"food is more than it™s fat calorie counts duuh sedih banget tiap bawa pulang cake/pastry yg riset, cari bahan, bikinnya berjam2 cuma buat dikomentarin aduh ini lemak semua ya?",Sad
4174,pagi pagi masih ngantuk,Neutral
2518,semangat yah,Joy
6804,"thanks denise udah menghiasi . akan selalu kami ingat sebagai mm, our super main vocal. kerandoman denise, keceriaan denise, thank you for all. sumpah sedih banget denise out dari sn, nggak tau alasannya apa kok out. tapi mau gimana pun, ttp dukung sn denise",Sad
1102,"kalo ketemu orang dan dia keliatan murung, coba tanya dia fans mu bukan? mu kalahh cukk !!",Anger
3442,huta suka banget robekin celana sih,Love
4801,"hidup terlalu singkat jika hanya menyesal. hidup hanya sekali, namun jika digunakan dengan baik, sekali saja cukup!",Neutral
4275,sudah biasa kan,Neutral
6828,"nyesek dipendem, kangen dipendem, cemburu juga dipendem, kecewa dipendem, bahkan nangis juga dipendem..sampe sakit dada :')",Sad
4918,120-150 nder biasa nya aku liat,Neutral
194,"lo yg menganggap poligami adalah solusi dari perzinaan. oiya dan ngga semua laki2 mau poligami juga. poligami ngga gampang. banyak orang yg benci poligami karna manusia2 kayak lo. inget ya, tanggung jawab poligami itu berat.",Anger
615,"gila ya, emosi lo aku liat komen-komennya, anjgggggg",Anger
643,"hadehh, bego bgt dah",Anger
5091,"5/24 wansen gemes bgt beixing ga peka ah, tpi bukan salahnya juga sih, wansen nya begitu, ya wajar wkwk terus itu gao ge malah bikin tambah salah paham cuma buat bpk nya kesal",Neutral
3116,"dulu nemenin mbah nonton ini sepulang sekolah atau kalau lagi libur waktu siang . mbahku juga kalau nonton ini serius banget nyimaknya wkwk. aku suka bercandain dgn ganta ganti channel, apalagi kalau pas scene naga terbang ngakak bgt ngeliatnya",Joy
5827,memang sedang sepi. selamat pagi. ^^,Neutral
2776,"d-day aku bener"" berdoa yang terbaik buat kamu, semoga bisa sehat"" dan bahagia selalu, diberi kelancaran dalam setiap hal yang dilakukan.,makasih banget udah terlahir jadi jungmo, yang senyumnya selalu berhasil bikin aku mesem-mesem.,(part 1)",Joy
5807,"dari pasa sedih, sini kita hibur di gdm dan have fun aja",Neutral
5984,sepi.. tidur lagi ah .,Neutral
5452,hoam semangat kerja,Neutral
330,"maaf nih mus, kl mnrt sy yg bodoh ini, bknya yg mau pdh ibu kotanya tok to, emange wong sak jakarta arep melu pindah kbh? kan kantor2 perusahaan2 kabeh isih neng jakarta, cm urusan administrasi negara sing pndh to? kui mgk ngko yo isih ono perwakilan kementrian2 sik neng jakarta",Anger
2207,rejeki enzi si anak imut! pagi-pagi zi dpt jajan dari yg lagi ultah! wuhuu maaci ya iden~ semoga bahagia celalu (¢Ì€á´—-),Joy
4639,"spotify a”indplan [anti bf] 1 bulan 20k [biasa, rawan bf] 1 bulan 12k garansi 14 hari a” famplan 1 bulan 13k",Neutral
5769,karena gue mutualan ig sama dia dan gue suka liat dia coment di postingan nya deobo. yaudah lah gue pengen kenalan tuh tapi takut banget soal nya dia kayak cuek gitu : lah kan lu mutualan sama dia kok lu mau kenalan lagi sih? dia itu temen tk gue,Neutral
2670,siap sayang!semangat yak!,Joy
972,"ga suka banget org sembarangan naik ke kasur aku pas keringetan, atau kakinya ga dibersihin dulu padahal abis dri luar trus berpasir, naikin kaki seenaknya, badan lengket sama keringet. kamar aku apek kan jdinya aku mesti bersihin ulang. dilarang ke kamar, dibilangnya rahasia2an",Anger
483,saja pilih yg kontroversi. mcm saja nak suruh org benci,Anger
2420,"haalooww bocil sunuu, selamat hari sabtuu, selamat weekend, jangan lupa senyum dan bahagia selalu hari ini, jangan lupa sarapan, trus minum air putih yang banyak biar kuat, have a wonderful day todayy",Joy
2602,"makasii, lu juga semangat yaa",Joy
719,"simpanse memiliki kecerdasan yg mirip dgn manusia - mampu menampilkan berbagai emosi, mengenali diri sendiri di cermin dll. juga dpt belajar bahasa isyarat utk berkomunikasi dgn manusia. bijimane dgn masih bodoh & betah jd jongos peng peng oligarki n cukong",Anger
6589,gua sedih bgt,Sad
2059,semangat kamuu,Joy
2803,bdsm bangun dengan semangat mengkangen,Joy
2566,"hii amaraa, semangat ya buat hari inii, have a great day ;33",Joy
5058,ikr diorang smpai mcm tu sekali benci dekat lucas tnpa buat sebarang usul priksa dulu..knapa dia dh debut dkt 2 tahun lebih baru nk buka mulut pasal ni kan.. siap ada lumis upah private investigator utk siasat issue ni.. mmg kerje sasaeng ahh sbb dia haters lucas,Neutral
32,opini lu jelek bro. menutup keburukan dg agama lu benarkan. poligami untuk menghindari zina? tolol! palkon banyak bacot ttg agama ya gini,Anger
664,"rawedi di benci, ramekso dikonco. be your self ngadek jejek tampo basa basi.",Anger
5572,"alhamdulillah..12 set lagi pagi ini dgn nafas ngos..ngossan..sebab kata adinda melawan si umi hrs dgn olah raga, istirahat cukup dan makan enak, ya kan,",Neutral
5037,"kita selalu bisa memilih, bersabar atau marah. bersyukur atau ingkar. bahkan saat situasi itu memang menyakitkan, boleh jadi tetap ada kebaikan disana. dan orang-orang yg sabar dan bersyukur akan mengingat hal-hal yg baik dibandingkan yg menyakitkan.",Neutral
5846,"apabila kita memiliki kebesaran hati maka kita tdk akan mudah marah, kecewa dan tersinggung.",Neutral
1444,wkt punya ld blm pernah deh iseng kenain ke aer wkwk takut..,Fear
6651,"kak laraa cepet sembuh yallah sedih bgt, istirahat banyak-banyak",Sad
2792,"semoga cepat sembuh , ga enak gatal-gatalnya",Joy
6115,sedih banget masi pagi.,Sad
6899,"sedih :(( tapi gapapa setidaknya masih bisa ngabarin fans, jadi ya ga khawatir banget karena ditinggal ilang",Sad
1705,gw takut bgt kaoru ngentott,Fear
3383,"kak makasih banyak ya udah bikin aku senyum tiap hari setelah baca au kaka, setiap liat kaka update aku seneng banget hehe rasanya kaya dapet kabar dari ay.. - makasih juga ya nder udh suka sama renjana. udh sayang, udh ikutin huhu aku..",Love
5349,"jangankan jatuh setetes air matamu, selembar daun jatuh pun allah tahu, jangan kau ragu akan kebesaran tuhan mu, yang telah mencukupi semua kebutuhan mu",Neutral
4834,inii!! ini totebagnya hand painted dan dijahit sama anak-anak luar biasa loh!! mungkin temen-temen yg mau beli totebag sekalian dukung anak-anak disabilitas bisa cek di ignya yaa!,Neutral
4105,"bahkan ruu-nya saja ada yg menentang kayak..ah sudahlah, gw mau muaythai aja biar bisa melindungi diri sendiri~",Neutral
4713,upcoming stream tes stream bikin itasha sambil ngobrol santai~ via,Neutral
3227,excited sebab dah lamaaaaa nak beli cincin. pastu dia selalu cakap dia tak biasa pakai cincin so tak suka sangat pakai so bila dia pakai tu ehehhehege seronokk,Joy
118,gabole marah  nanti cepett tua,Anger
2277,semangat!,Joy
2905,bales dendam aowkwowkw,Joy
4778,air cukup deras membawa material potongan-potongan kayu,Neutral
1401,"liat kok cuman takut pada ikut close juga,nanti gw sendirian:(",Fear
739,"nah kalo ini bukan pick me girl lagi, lebih ke tolol banget anjing girl",Anger
2456,biyar semangat,Joy
170,asli asli tolol bat gw yaampun,Anger
540,"apakah kamu juga harus berbuat hal yg sama pada orang lain meskipun org itu tak bersalah padamu? hanya untuk mendapat perhatian dan balas dendam? c'mon,hal tsb justru hanya akan tambah membuatmu semakin dibenci dan dijauhi. cobalah belajar utk menahan emosi dan perkataan +",Anger
883,gaduh dengan jiran sendiri ni entah lah. in the end of the day muka aku yang hari2 kau nampak dari bengkel kau tu. jangan menyampah n benci sangat takut nanti aku yg kau cari balik. i said what i said huu,Anger
4315,join direct bisa pakai nama sendiri bisa buat buka sharing wh group di line ready 5 slot free foto arrived di unbox promo = untuk wh direct cukup bayar 70k saja buat bulan feb-april murah + worth it banget guys beneran karena benefitnya,Neutral
5307,kalau takut kelupaan atau ga keburu bisa mintol temen buat login nder :'d semoga bisa cepet login lagi yaa,Neutral
4750,kabar atashi juga baik~,Neutral
3482,suka banget cantik tasnya,Love
3846,"lope u ci, makasih udah mau dengerin keluh kesah aku juga, masih suka ngerecokin ci adel sayang banyak banyak",Love
674,lo ngerti nggak drun dia sdg menjalankan krj sbg anggota dewan yg dpt hak impunitas. kadrun bego bgt sih. klo si edi mulyadi udh jelas menghina luar biasa merendahkan dgn nyebut kata2 binatang dan setan. lo kau gt dong aja nggak ngerti drun..,Anger
3209,"aku langsung nyobain nder, ini pake minyak telon doang sih. wah luar biasa :')",Joy
397,"emosi dri kmrn ga ilang""",Anger
2915,gue masih senyum2 ga jelas grgr jungwon wonyoung kmrn. lucu bgt gue marah,Joy
5849,"jangan sedih ,, indonesia merdeka itu karna bersatu bukan berdua..",Neutral
1815,om kok nyempil gitu. ngeri om,Fear
6282,"and hujung 2020, dah cakap dengan diri i, i try tinder for one month je. jumpa 4 orang. 1 laki orang, 1 **, and another two last choice bila i nak delete tinder sbb dah kecewa teruk dgn dua orang tu td. so yg last ni i got their number at the very last minute before i delete",Sad
3621,eh btw maaf banget ya liana gue spam mentab lo makasih sangmilnyaa suka bangett haa,Love
2100,demi yaa gtu aja udh enak bangeets,Joy
5758,"hurmm.. macam komputer riba, apa yang jadi telah pun terjadi, maka kita kenali diri dan berlapang dada, nikmati hidup dengan kasih sayang, kompen bahagia..",Neutral
7016,"ngga suka jeruk tapi nggapapa deh, menyiksa banget sariawan",Sad
6610,sedih amat dh,Sad
2101,ayang kenapa?? yuk semangat yuk,Joy
6000,harus beli donat biar ga sedih,Neutral
6467,"awalnya saling sapa, ujungnya saling suka. awalnya saling mesra, ujungnya kecewa juga.",Sad
1548,ini both of inamas aku super khawatir banget sama para ms nya dah,Fear
4240,"udah open guyss, biasa yah klo mau instan malem bisanya wkwk",Neutral
3370,suka banget kalo jungkook pake style baju begini,Love
355,bentar bentar masih pagi jangan emosi dulu. mau ganti akun dulu buat maki-maki,Anger
5819,sepi,Neutral
3820,"lagi suka banget dengerin lagu memories-nya one piece, apalagi kalo tau artinya",Love
5118,"salam , tolong tangkap gemuk tak pakai mask tu. menteri tak berani nak marah kawan-kawan dia.",Neutral
2535,semangat sampai punya satelit sendiri khusus keluarga,Joy
6267,br nntn bulgasal dan yg episod joon nusuk wooseok kesel tp lebih pengen nangis liatnya... sedih huhu,Sad
3220,"hi guysss jangan lupa cek berita dan ya terus saksikan dengan meriah konsernya hari ini, mangattsss",Joy
5382,"kalo dia emang tidak panik, tinggal lepas tangan, toh akan di bela pendukung nya..",Neutral
2373,"memulai pagi dengan bismillah.... mari kita memulai ikhtiar kembali.,semangat pagi.., eeeaa",Joy
1051,sekarang lagi jaman yang ga suka film/drama korea juga nghype film/drama kor ya ntar review jelek halah kalau emang udah ga into mah mau sebagus apapun bakalan ga masuk -_- heran deh pada seneng banget review jelek ke sesuatu yang lg rame dikira keren banget apa ya -_-,Anger
3074,"jangan gitu nder, gua juga suka keluar tengah malem terus foto kembang itu, bagus banget soalnya pas liat wkwk",Joy
2321,"met pagi ya, jangan semangat",Joy
5324,"gak usah takut, angkat tangan aja trus bilang ""sorry but i have a question""",Neutral
5670,pull & bear atau uniqlo. tapi so far masih paling suka uniqlo sih karena awett poll uda 7-8 tahunan dan masih bagus banget. kalo p&b gatau kenapa lebih gambar grembel grembel gitu bahannya dan resletingnya rusak terus,Neutral
1751,g terbayang gw langsung panik,Fear
3491,"me time adalah salah satu cara terbaik yang bisa dilakukan di weekend ala aku. kalo aku suka banget weekend sambil nonton drakor sepuasnya pake indihome, kalo weekend versi kamu apa nih bestie?",Love
1772,wkwk ngeri kali gaga,Fear
1196,md nya juga tolong jangan lupa dibacain takut meriang membutuh kan kasih sayang,Fear
1878,mens team ngeri banget,Fear
2668,roti tawar pke mentega enak jg,Joy
7065,bagaimana kalau aku tidak baik-baik saja,Sad
2016,asli gue pikir temen gue sedih ga bisa jadi kutu beras aja udah aneh apalagi gue makin ngeri dah,Fear
2005,"hlt! guys, aku punya kebiasaan ngopi, ga tiap hari sih, cuma kadang.. nah pagi ini abis ngopi, tb2 bagian atas selangkangan sebelah kanan sakit..kira2 ada hubungannya ga ya? tapi aku buang air ga kenapa2,normal..",Fear
6451,"cintai bahagia karena dia membuatmu ceria, tapi cintai juga sedih karena dia membuatmu dewasa",Sad
1482,takut bgt moms,Fear
3237,baru bangun langsung disambut kabar menenangkan,Joy
328,dengan berlindung merasa punya hak imunitas dpr ih bodoh amat saya gak pilih dia sebagai perwakilan rakyat sok orang sunda diam wae santet saja dari jarak jauh si orang pdi p itu nanti nglunjak dan besar kepala nya ..si anjing,Anger
648,"jd inget kmrn, niat masuk kamar mandi mau pake pembalut tp malah pipis. pas udh pipis pembalut nya kaga dipake. emosi sama diri sendiri",Anger
2945,"untung aja bener, jadi ga malu-maluin",Joy
6844,"kadang, ngerasa sebel sama diri sendiri tuh lebih ke sifat kekanakan sama too easy to explode alias emosi meledak2. yah, annoying.",Sad
1123,"terlalu cantik emak jd buzzer, biasanya kusam, kusut dan norak, mana gk jelas lagi",Anger
3935,"aku juga gak tau sih yaa, tiba2 aja gitu kepincut buat jadi jennie. aku suka senyumnya, lucu banget!",Love
2788,kenapa minum teh pagi pagi tuh enak bangett,Joy
5356,20. (orang yang mendapat malu di suatu pertemuan) i vote for at the 2022,Neutral
3484,"saya menyukai banyak orang. aku suka teman-teman saya, oppa, orang ini, orang itu tapi aku masih tidak tahu apa itu cinta.  -iu",Love
4019,expectation-tani suka org atu dan org atu suka tani balik reality-tani suka org atu pi org yang tani suka ada crush org lain rasanya anjay banget,Love
6872,"sayang nya gue kalo bucin ya mau secakep apapun cowo lain tetep liatnya elo hahah sedih bgt jd cewe ye, knp bucin tolol semua",Sad
5930,"jangan kesal klo dia masih bisa bawel u/ ngingetin km, justru km harusnya sedih klo dia udh ga pernah bawel dan ga pernah ngingetin km lagi.",Neutral
1259,takut tuhan kalo gue,Fear
6911,"gue tuh emg suka gimik, suka bercanda, tp kalo gue lg serius ya tolong ikutin serius lah ky pls baca situasi juga, masa krn gue suka bercanda lu jd suka hidungmu suka, dari ujung rambutmu sampai ujung kakimu semuanya aku suka, malu 3x ku tapi mau, sedih",Sad
5901,iya ya kaya kaget gak si atau sedih seneng apa gimana,Neutral
6143,"sedih juga ka bangun bangun di kolong jembatan, gak tau harus kemana",Sad
1519,iiih malu mau blng nnti pas libur semester pulang lg,Fear
1378,apapun selain romance. :) tapi kalau horror jangan yang hantu. mun takut sama hantu.,Fear
5169,kok u bego,Neutral
1023,suka gatel banget mas kalo yg ginian ga disebarin yawloh,Anger
4017,"karena varo gemes (dan banyak temen laki gue bilang doi gemes jadi udah teruji kegemesannya dari sudut pandang cewe & cowo), dia perhatian banget & suka nyariin gue, varo demen nge spam juga, orangnya bikin gue penasaran apalagi gue suka banget ngejar seseorang gitu jadi cocok dan gue sayangin bangettt",Love
2918,wkwkwk bangsat,Joy
5716,"bukan gak suka sih, suka bgt, dulu beli buku banyak sampe numpuk dirak. tp sekarang sayang aja gitu, abis baca tumpuk tumpuk, karena jarang bgt baca ulang, paling cepet juga 6bln-1thn tuh baru baca ulang. jd sekarang sistemnya beli-baca-jual lagi. yg penting baca yg ori.",Neutral
5038,"jadi inget kata pak bj habibie, percuma kasih fakta apapun dia tetep bodoh",Neutral
5817,disini sepi yak,Neutral
912,yg bisa wfh mah enak bang. sarkem mana bisa. cacat nih kantor w,Anger
2857,lagunya enak banget trus liriknya related sama kehidupan kita sbg anak. yang mau kepoin nih,Joy
4812,"jimin tetap banyak istirahat, minum obat, makan sehat 3x sehari ya sayang tetap i miss u so bad but aku juga berharap kamu lekas pulih supaya bisa ngejalanin aktivitas spt biasa ya",Neutral
1675,kepleset di depan abang2 gojek udah sakit malu juga,Fear
1746,ngeri ngeri sedep,Fear
3026,"jaman smp, aku sering banget nangis. ngerasa aku orang yang paling menyedihkan, punya banyak masalah. semakin tambah usia, aku baru Sadar ternyata hidupku ngga ada apa apanya sama orang lain, ngga serumit orang lain. kadang suka ngakak, apalagi kalo nangisin cowo",Joy
532,"males, bikin emosi",Anger
1736,aku mau komen tapi takut wkwk :(,Fear
1629,kok ngeri,Fear
4672,baca saja tulisanku jangan baca hati dan perasaanku itu tak penting,Neutral
430,gausah nambah emosi tad,Anger
1808,"di sini masih enak banget sih bosnya keluargnya, ga tau gmna kalo doi beneran kerja ke tempat yg bener2 profesional. kaget sih pasti wkwk tapi bagus",Fear
4502,"kasih contoh saja dengan benar, bagaimana menghormati ulama dan tdk mengkhianati pemberi amanat",Neutral
3377,Love banget ama doiii,Love
4418,halo halo apa kabar,Neutral
4604,"karena sehat itu kenikmatan yang luar biasa, yuk bergerak biar sehat",Neutral
234,ini yg kelimaa anjing sial mulu dalam seminggu bangsat ntar besok apa lagi nih taiik,Anger
4450,"tidur normal, gk begadang liat mu membuat hidup lebih bahagia",Neutral
2222,"pengen tinggal di perpus, enak aja ngeliat banyak buku",Joy
4317,di taman nasional wasur kanguru kecil (walabi) yang biasa disebut saham relatif mudah ditemui. perburuan tradisional yang sejalan dengan prinsip keberlanjutan diizinkan. perburuan yang merusak jadi tantangan.,Neutral
5996,"buset, ujung ke ujung inimah. berapa jam perjalanan pulang pergi om?",Neutral
5654,jangan masuk psikologi kalau gak suka hitung-hitungan atau gak suka berusaha. di psikologi ga harus pinter yang penting tekun dan konsisten karena banyak banget matkul yang sifat penugasannya jangka panjang dan butuh kesabaran dan konsistensi dari diri sendiri,Neutral
4362,kuncinya satu perjuangan atas nama bangsa dan negara atau atas nama pemimpin atau partai itu saja. tetap fokus pada perjuangan menjaga nkri gak usah masuk kekonflik kepentingan itu kuncinya. tenang saja org gak mau pak jokowi turun ganti nya itu ngeri2 sedap.,Neutral
6315,"ini gamesnya, bisa menang lawan para ""oligarki"" arang, tp tetep sedih, karena mereka tetep berjaya..",Sad
1948,"dulu aku gini, sampek sd kayanya. ga suka sama rumput2, apalgi yg tajem2. takut, nggak nyaman, geli hassembuh lah pokonya wkwk",Fear
5414,o engga jadi deng. kayanya itu pas kota udah temenan ama orang dapet tiket y g c?,Neutral
6283,mau merem bentar 30 menit malah jd kebawa mimpi ga enak sedih pol blm ikhlas bgt ternyata,Sad
4366,"lupakan saja kawan,on time bukan budaya kita~~ aku yo gtu,klo ga ontime hati gelisah,pas ontime sepi",Neutral
6480,asli kusut.. hahahaa,Sad
1995,"mulut berkata ""jalani saja dulu"" sementara hati ngedumel deg""an ""bisa skip ngga sih""",Fear
2671,semangat kerja di hari sabtu,Joy
5894,"link nonton tsuma shogakusei ni naru,drama jepang penuh tawa dan tangis",Neutral
2224,"nabilahjkt48 suatu saat kita kn berdua, 1 atap bahagia bahkan tuk selamanya",Joy
1106,kecewa w bangsat,Anger
5838,sepi dehh,Neutral
818,"harusnya bisa lebih bijak, tapi efek booster dan kecapekan jadinya melu emosi deweeeeeeee. can't control my seellffff",Anger
3528,"salah fokus, minho lucu banget kalem begitu. suka banget kalau dia begitu, that's so soft of him. sampai ketemu di fanmeet nanti!",Love
4128,gue ngantuk bgt kenapa ya? jam tidur dan jam bangun seperti biasa padahal,Neutral
4830,"kita bisa saja menuntut sesuatu agar terjadi. namun kehendak tuhan kan (?) dan pada intinya sesuatu yg kita inginkn tidak akan terjadi adalah suatu proses yg terbaik buat kita, tetplah tenang mengalir..",Neutral
5146,heemm gua gamau emosi ya,Neutral
1697,"mau berobat tapi takut banget :"")",Fear
5228,akhir nya 1 fandom kgk jadi malu,Neutral
136,contoh orang tolol bin dongok,Anger
1642,"braw! ngeri bgt tiap hari ambulance lewat terus, stay safe guys kurangin nongkinyaa",Fear
6152,barca udh mulai negosiasi brng araujo blm sih jgn smpe blunder bkin araujo kecewa,Sad
4733,yaa berprasangka baik saja.. habis korupsi berjamaah.. anggap aja mereka kura-kura pikun..,Neutral
6275,sedih belum dapatin wl prio tapi udah mau rest aja :(,Sad
1180,serius? takut salah info,Fear
4441,"berkarir internasional saja, bro. kalau nasional faktor politik nya kuenceng.",Neutral
888,"yg membantai guru di perancis itu bukan jaringan teror. hanya karena anak pelaku memfitnah guru tsb telah menggambar nabi, maka dipenggal lah guru tsb. keji.",Anger
2987,wkwkkw ga jadi malu sefandom,Joy
3758,"kok mirip sasuke ya, suka marah2 lagi wkwk tapi kalo lagi canggung tuh dia gemes banget",Love
2437,"pagii, ngga nih cerah disinii",Joy
3856,"sender, ijin mewakilkan tristan yaa? karena doi lgi blm bisa selfprom nihh. tristan vibesnya begini nihh, dia mengayomi jugaa so you can lean on him dan akan dijaga dengan baik. dia akan membuat kamu nyaman pastinya. a pluss karena orgnya suka kasih afeksi",Love
4091,dipikir pikir habis dapet kabar baik eh langsung gitu bisa dibalik,Neutral
817,"pagi"" suka dh ad uwu uwu bangsat males in",Anger
1111,"anjing nih eps 3 sedih banget bangsat gue nangis ampe idung mampet, jadi kesel ah",Anger
5687,tipe orang yang slowrespon alias males banget jawabin chat orang tapi paling suka kalo ada yang cerita panjang lebar bikin jengkel,Neutral
2341,lebih murah dan lebih enak ini drpd s*ri r*t1,Joy
3167,"happy birthday sender!! wish u all the best, be happy ya bsk giliran harinya aku tp pasti g ada yg ngucapin jg, ya gpp dah biasa",Joy
5221,"telah tertulis dalam hikmah, sesungguhnya dari sifat malu itu terdapat ketenangan dan ketentraman."" (hr. bukhari)",Neutral
4813,masa pemulihan biasanya akan sangat membosankan tapi bisa juga menjadi titik utk berppikir jernih,Neutral
5040,"marah marah mlu, hamil y",Neutral
3065,akhir nya costum aku datang sekian lama nunggu paling suka banget blakang terbuka depan terbuka yuk yg mau bo hari ini dan mau isi slot buat malam minggu nanti langsung dm aja wajib dp!!,Joy
1264,kalo udah deket hari ultah bawaannya makin panik makin ovt,Fear
990,"kesel banget sumpah, gimana ya. bisa2nya ngomong ""nanti kamu suka sama yang lain, aku ditinggal"", punten, kamu suka sama aku aja aku udah keong2 (hah?), kamu ngeliat ke arah aku aja aku udah beruntung banget loh, ""aku ditinggal"" gue ninggalin lu kemana sih? tukang martabak?",Anger
1464,"minta tolong unit barunya lgsg dipasangin semuanya sm dicek flashnya bisa atau engga udh worry aja dari awal beli takut ada apa2 makanya smpe gosend instant taunya bener aja kena apes, untung sellernya baik mau ganti unit baru",Fear
1739,"klo aku jidat yg sering tak tempelin dikaca ketika kondisi nungguin.. walhasil kacanya berembun,,njuk panik nyariin tisu..",Fear
6532,sedih wkwkwwk,Sad
4554,"pagii, cesi apa kabar?",Neutral
353,ini boleh ga si aku kecewa or marah sama dia haha.. cuma krn aku beli acrylic frame trs majang pc bareng sama polaroid ortuku dia blg gini apa aku doang yg sensi nih ya dikira nge kpop bikin lupa semua hal? bahkan ortu sendiri? lo bikin gw makin ga mau kenal spesies cowok,Anger
5398,engga soalnya rambut gw jelek + malu auratnya keliatan kaya ga nyaman gitu kalo gw,Neutral
3787,"semua berawal dari mata. saat bertemu, merasakan suka yang datang begitu saja. perlahan menjadi sayang. kemudian, takut kehilangan.",Love
3481,ohh myy yuzu keren banget pliss suka banget sama coveran nya yuzu yang ini kalian moots ku harus dengerin ini,Love
6671,ora sedih yo.. kyk e we barang wingi upload nif.. wkwkwk,Sad
1489,takut kecengklak kalo salting pagi-pagi.,Fear
5470,"dengan bersyukur kita akan senantiasa diliputi rasa damai,tentram dan bahagia",Neutral
4746,"jasa! hai yang butuh joki mandarin berupa tugas, realtime, tulis hanzi dll bisa ke ya! joki tulis biasa, joki ketik juga bisa kuliah di salah 1 universitas di beijing hsk 4 dengan score 289 pengerjaan cepat fee bersahabat",Neutral
3130,wkwkwk mana uah mau end kan. emg si adnan suka banget bikin kita kepikiran. wkwkkw,Joy
1228,takut,Fear
4515,"cuma drop biasa, thanks.",Neutral
4055,pagi syang2 nya kalyna.. msh ready slott ya dear . ready include/exclude ya bebkuh cuss gercep yuk keep slott kalyn skrng dear sblm full ya! main santai sprti psangan sdri ya . rr by dm or wa y,Love
5469,"ketika kamu gembira, kegembiraanmu tidak melampaui hakmu.ketika kamu berkuasa, kamu tidak mengambil sesuatu yang bukan hakmu. itulah adab orang beriman",Neutral
6893,"aku terlalu sayang kamu, juga terlalu bodoh untuk memahami; semua hanya permainanmu.",Sad
3801,bangett plss sy suka banget bikin itu,Love
6622,halah paling juga gugur lawan psg. kecewa sama taktiknya,Sad
52,"bangsat, mang lu udah?",Anger
4241,ist belum ada kasi kabar tentang anak anak??,Neutral
3882,sama-sama kak aku suka banget n di sini wkwk,Love
4961,sesungguhnya allah murka terhadap orang yang mahir terhadap ilmu dunia namun bodoh terhadap ilmu akhirat (hr. abu daud),Neutral
3085,ketika dokter pembimbing demanding suka nanya2 tetapi dia baik banget,Joy
159,buat dan kalo mau nyerang pemerintah itu janjian dulu gitu..keliatan pada bego nya kalo begini !!??,Anger
6189,kayanya sihh ga akan ada selca hari ini xixi penonton kecewa,Sad
1587,mendengar hp bunyi teh sekarng malah takut.. takut dapat kabar buruk,Fear
1589,kaget bgt liat om kungya masuk base sjdkdkkdldlr,Fear
1479,ngeri bgt,Fear
4438,rampok rumahnya saja kalo gitu,Neutral
3145,"pagi-pagi ada kabar baik kalo jimin sudah sembuh, dan tinggal menjalani masa pemulihan doang. alhamdulillah, sehat-sehat terus jimin!",Joy
1469,edan ngeri nyuak mang,Fear
4745,"bukan ranah bin. kecuali mau ditertawakan, silakan saja.",Neutral
3094,"random banget gue mimpiin mereka berdua wkwk dulu bucin banget sama film ini, gara gara film ini gue sempet suka film film thailand wkwk",Joy
4139,"masalah adalah hal yang biasa, namun tak peduli apapun masalahmu, percayalah, kamu tak sendiri karena tuhan selalu bersamamu.",Neutral
3574,"titalia , kenapa dia cantik banget yaallah eh bukan cantik si menawan aja gitu, suka banget liat nya kek pramugari , dia juga ramah banget",Love
2078,"okay, kak icus juga semangat ya",Joy
6932,ga enak bgt bangun bangun badan panass:(,Sad
4772,pagi pagi di keadaan gue yg ga enak badan bisa makan bubur itu sesuatu,Neutral
4334,"min, gak usah bolak balik tanya lampu modem. ini masalah di jaringan. modem normal. mati sejak dini hari tadi.",Neutral
6976,ngga enak badan,Sad
6430,"semalam hbs nonton dew. dew ini remake bungee jumping of their own korea. aku udah nonton yg ver korea dan memutuskan nonton yg versi thai krn katanya lebih sedih dan jg krn yg main ohm pawat. dan beneran emang sedih sih, aku lebih suka yg versi thai dri pd yg versi koreanya.",Sad
2828,semangat untuk hari ini,Joy
436,"iya itu kan dulu, taun lalu, sebelum tobat jadi pemuja fol ges, ngeyel banget kamu. kamu gatau saya ini pemuja fol ges, profil pake fol ges, mengakui klo fol ges itu godfather saya? kamu tolol banget sih. aku jijik banget sm kmu. capekbbggt:((",Anger
4075,sayang sama chikaa,Love
6853,kadang benci sama diri sendiri yang lemah banget dikit2 sakit dikit2 sakit bikin repot semua orang,Sad
2960,aw jadi malu wkwkwkwkwk tapi senang bengeettt,Joy
6093,"pagi"" saya udh di sambut tangis bunda",Sad
1588,"kata gw mimpi paling buruk tuh mimpi jadi pembunuh sumpah. gw sepanjang mimpi kaya stress sndiri ini gw kudu nyembunyiin mayatnya dmn trus gw kudu buat script apaa. sedih, takut, nyesel, panik, jadi satu. anjirlah stressful mampus.",Fear
4619,"ngga, aku biasa sendiri nder",Neutral
2780,semangat hari inii jangan lupa sarapan!!,Joy
6608,sabar cuma agak sedih,Sad
1590,"kaget lg ke toilet udh banjir, ternyata d-1 langsung cek flow dan wow ternyata benarr akurat jg flow yakk selama ini gue pikir gue haid selalu mundur atau kecepetan seminggu",Fear
4318,"yg nanya aja lewat tpi yg biasa kaga, ngapasie",Neutral
973,"aku dulu ada temen sekolah gayanya selangit, sok kaya banget, mana julid lagi, suka berantem dan ngerasa punya kekuasaan, eh ternyata minta keringanan biaya karena dia miskin trus temen kuliah dia orang kaya punya warnet, minta keringanan dr kampus buat bayar sampe 3 semester",Anger
1238,layout mu keramat aku jadi takut ajakin barengan,Fear
2951,hahhaa ngakak banget bin malu pastinya wkwk trs ketauan ga siapa yg cepirit?,Joy
2342,enak pastii,Joy
6018,"skrg tl gue jam segini sepi, dlu rame",Neutral
5974,selamat pagi mih dede fatih dah bs selfi donk pake hp de ahma ne lagi mau ucapin selamat pagi ah ma . tetap jadi orang yg humble ya ahma. tetap jadi org yg bahagia sebab setan itu datang dari perasaan tertekan dan sedih sekian tausiah dede fatih,Neutral
4546,sebaiknya d kasi penghargaan saja,Neutral
6047,selamat pagi untuk jiwa jiwaa yang sepi,Neutral
2231,kabar bahagia terus dari kemarin. mudah-mudahan bisa sehat terus semuaa,Joy
5180,"antum makin tampak bodoh sih ? banyak sumber yg dpt digunakan sebagai bahan perbandingan utk memperoleh informasi yg benar, bukan hanya lewat nuonline, seperti yg saya jelaskan diatas. jangan malas mencari atau browsing utk mendptkan informasi yg benar.",Neutral
1497,kicep. takut ketauan mungkin.,Fear
449,"tolol banget gue, anjing. kok bisa kelepasan",Anger
2369,"bersyukur sekali karena berkatmu aku juga bahagia dan merasa nyaman. inget taehyun tuh bawaannya happy,semoga panjang umur dan sehat selalu untukmu yang juga salah satu sumber bahagiaku",Joy
3809,jujur gatel pengen kritik adminnya lewat komen. tapi males banget orang2 ig terutama player genshin di ig tuh ngeri njir kalo diajak debat. suka argumen kosong doang yaudah aku ngerant di sini aja. siapa tau salah satu admin/temennya ada yg baca ya kan wkwk,Love
3429,"bang johnny kalo diliat lebih dalem lagi orangnya suka menempatkan dirinya dibelakang layar. ini yang jadiin aku suka banget sama dia karena kita sama2 suka ngelakuin banyak hal tanpa terlihat menonjol. aku pribadi ga suka dapet perhatian, aku pengennya nemenin orang yang emang--",Love
6920,"bisa ga si kalo bimbingan tu gausa digabung ama bokap"" s2 s3 gue kan jd jiper, malu bgt kalo ngang ngong ngang ngong keliatan begonya :(",Sad
4394,"hidup hanya sekali, jadi nikmai saja kawan :d",Neutral
2422,pagi bang semangat dmi sbuah perubahan dngn tindakan jauhi nato (not action talking only),Joy
6353,kecewa rage wi,Sad
5492,"bibi masak sayur bening katuk dong sama bakwan jagung,pake sambel terasi sama ayam goreng enak nih bi mau itu menunya iya tapi gk ada sayur katuk. aku anterin yuk ke pasar,"" yaudh ayuk "" . mb bgt liat org makan begitu kmrn di rs",Neutral
5770,gue kecil kenyang banget dipukul ibu gue. tapi sekarang gue bercandaannya suka manggil manggil dia make namanya doang. habit keluarga beda beda,Neutral
1551,malu kali nder,Fear
6277,kalau sepi pasien ya gini.. agak bosan jadinya,Sad
1146,men's team grup b ngeri kali,Fear
4638,"dulu pas sakit tipes tiap malem aku kaya gitu kak. malem nya demam smp menggigil, pagi nya normal lg",Neutral
2092,good moawwnnning! let's start this sunny morning with happiness bb don't forget to breakfast && mandi tp masih kepagian jadi nanti siangan aja :d have a nice day bffs semangat buat hari ini yuuuuup jangan lupa selalu bersyukur many people Love you,Joy
1313,"( kaget saat punggungnya dipukul. dia sendiri juga baru Sadar langsung sebut nama. ) ..kayaknya berani deh, jun. nggak tahu, kayak .. bisa aja.",Fear
2015,kadang tu kalo malem terus kamar sunyi tiba² ada suara cicak tu ngeri anjir gue langsung bangun lagi,Fear
187,kebawa emosi,Anger
3862,"tapitapi welcome paus babyl, kayanya aku jg masih baby sih, cuma 3tahun lebih dulu(?) tp sayang aku lagi suka adeknya, gasih karna mereka hiatus aja, besokk papi aku pulang wamil, kangen updatetan ig papi olkay",Love
3426,your hand fits in mine~ suka banget lagu little things sekalipun cuma diiringi gitar tp enakeun oy:',Love
5186,"engga dendam, cuma diotak mikir kok bisa kaya gini?",Neutral
1381,"anginnya kenceng bgt, takut :(",Fear
4314,"mama, selalu pesan pergi hospital buat check-up..tak sayang mama ke..mama, sebab terlalu sayanglah akak nak sentiasa ada dengan orang-orang yang akak sayang, dari duduk hospital dan susahkan orang..insyaa allah, akak masih kuat..doakan yaa..doa mama itu yang lebih hebat..",Neutral
413,artinya lg marah,Anger
6387,sedih banget anna:((,Sad
3455,fansnya terlalu fanatik padahal couplenya gk wow banget. gk suka dan mau skip tapi mesti nongol aja,Love
941,"friendlyy banget ofc ke cewe, playing victim, suka bgt umbar - umbar dia lagi deket sm cewe lain ke gue, mksdnya apa ya kak? suka gedeg gue tuh",Anger
801,"kadang"" suka bingung ama cewe yg nyari sugar daddy pengennya yang baik,tulus,pengertian giliran di apa""in gamau ya itu bapak lu kan ada tolol kalo konteksnya sama",Anger
3336,"eh aku ganti dn, masi kenal gakk? lagi suka banget sama nama panggilan ai sksk",Love
6631,lemes maszehh namanya juga emyu kadang bikin bahagia kadang juga kecewa bukan begitu,Sad
2750,"doaku ga minta banyak kok, cuma yg aku sayangi bahagia selalu, seperti km, ya km yg baca tweet ini",Joy
3548,suka banget warnanya,Love
4343,kabar dari kamulah yang sslalu ku tunggu.,Neutral
256,"jangan buat gua spill lu di rl ya njir, gua udh sabar udh hps twt udh ganti username tapi lu kayaknya emg nyari ribut sm gua ya cwek bangsat",Anger
6167,"pacarku baru aja diberhentikan dari kerjaanya, karena dari awal ga jujur tentang keinginannya. sedih banget, kasian mana cowo pula. udah ada niatan buat lamaran, tapi malah diberhentikan. semoga segera dapet pekerjaan baru",Sad
6944,cewek itu ga mau ngecewain cowoknya karena dia tau kalo dikecewain orang yang disayang itu rasanya ga enak dan sakit banget.,Sad
3199,wkejwkk tengkyu aisy kayaknya biasa ajah dech :d 3,Joy
2235,wah sekolah? semangat yaa,Joy
647,kek orang tolol,Anger
1767,ya allah aku takut kalau ada host yang main ratio sama fanbase kpop :(,Fear
5582,gini kan enak,Neutral
4837,harusnya cara nya bisa biasa aja. bener bener bikin speechless. gilaa,Neutral
5054,"2 kemungkinan: 1. elu tolol 2. temen lu jd sepuh di sma, smntr adek nya udah kuliah",Neutral
6731,"yg joonyong sedih bgtt ""cibee kajaa""",Sad
5521,"belum coba keduanya sih. btw, ada gaksih yang pake serum vit c bukannya tambah cerah malah hiperpigmentasi alias tambah gelap mukanya?",Neutral
24,iya ni tvn kan suka memancing emosi penonton,Anger
5598,"bos! ada f yg mau ditemenin morning enak? dm yuk sini, gue m ada di like, itsyourfriend",Neutral
1088,"gk usah mewek udah biasa gue liat kpop keluar masuk.gk usah lebay gk jadi lockey lagi.karna bias lu out.dalam dunia kpop keluar masuk itu hal biasa.kalau agensi dan denise tidak sejalan beda kemauan mau apa lu.mau maksa denise stay.mau maksa vine cegah denise ttap stay gk bisa, bikin jengkeeeelll",Anger
4013,cewek kalo udah syg sm seseorang suka kebangetan tulusnya. makanya pas putus *galau sm susah move on-nya itu loh jg suka kebangetan banget.,Love
2694,"kalau ibu sakit, ya ibu tetep kudu siapin makanan dll dll,walau pake delivery order segala macem,semangat ya bu",Joy
6760,sedih :(,Sad
3398,jujur dari awal sampe sekarang cuma suka jeongwoo dan haruto aja di teeasure ngarep banget mereka bikin duo,Love
112,"nah ini yg gw ksl gw si b aja lah liat si bright sm tu soalnya kek phinong bet tpi yg gw benci klo kek gt suka ngelunjak anjr fans nya mn ngejelek""in iwin lgi trs pasti udh kek berasa real bet pdhl cmn fanservice",Anger
2841,semangat banget,Joy
2311,"aku menemukan kentang goreng yang sangat enak aku akan memberitahu kalian nanti tunggu saja tidak sekarang, karena apa saja bisa dijadikan konten aku akan melakukan apapun dengan diriku sendiri jadi ini memakan waktu yang lama ^_^",Joy
3441,gak bakal kecewa deh kalo punya samsung ini. karna secara gitu. battery nya gede banget gaes. 500 mah. udah pas buat kalian yg suka ngegame parah,Love
3922,"thank you! lagi kangen banget sama exo. btw ceritanyaa sama banget suka exo dari kyungsoo huhu! doain ya semoga ada rezeki, mau ikut konser juga",Love
6724,masih sepi gasih kok belum ada ysd yg lewat,Sad
4739,apa kabar gw yang pecinta yang notabenenya pecinta buku non fiksi ..,Neutral
56,bangsat,Anger
1309,takut:(,Fear
695,woilah pagi pagi bikin emosi anjir,Anger
5154,"gw gk sok pinter sih, mungkin lu aja yg terlalu bodoh sampe ngeliat gw kaya gitu",Neutral
1227,"hujan tak kunjung reda, setiap hari hujan mulai menemani nih,.. jadi males keluar rumah,,untungnya wifi rumah pakai indihome jadi g takut internet lemot",Fear
1999,tatapan matanya bisa biasa aja gakk ngeri liatnya,Fear
276,hal yang paling gue benci dari sebuah proses adalah.. nungguin. dan lebih menyakitkan adalah nungguin hasil di kala badan masih belom membaik. capek banget tiap hari harus bergantung sm ibuprofen dan obat-obat lainnya biar sakitnya berkurang.,Anger
3764,"banget .. delapanpuluh halaman yang bisa bikin tercengang. betul. sekarang websitenya juga udah banyak, udah nyaman juga buat baca manhwa-manhwa yang lain. salah satu alasan saya jadi sering baca buku karena lupa urutan baca komik. suka bingung baca dari mana ke mana.",Love
4102,"bukan karena kebutuhan, tapi hanya iseng saja. joshua termasuk yang suka bergaul dengan berbagai lapisan masyarakat meskipun jika sudah puas akan menghilang begitu saja. ""alright."" joshua menyelesaikan pencukuran itu. ia segera mengambil sabun khusus dan membersihkan dada gori.",Neutral
1833,aku salkir ke org astagfirullah malu,Fear
5612,nih biar lebih semangat,Neutral
682,tapi meningkat banget hasilnya gimana kalau ditanyain? trus kamu pikir dosen cuma bakal lihat dan jadiin laporan evaluasi kita jadi bungkus gorengan? ya bakal ditanyain lah bambang bikin naik emosi pagi2.,Anger
4252,"dinilai menyindir, video tiktok maia estianty panen kritik",Neutral
6667,"ada yg salah besar di klub kalo tiap musim tidak mampu jadi penantang gelar di tiap kompetisi. kecewa stlh kecewa krn klub ini skrg klub pnh drama, bkn soal prestasi lagi. musim ini, semua kejadian ga enak terjadi di kandang. jadi bhn olok2 bhkn utk pihak yg ga bhs bola",Sad
6074,sahabat adalah mereka yg tahu bahwa ada sedih di matamu ketika seluruh dunia percaya dengan senyum di wajahmu.,Neutral
4048,"happy birthday jie semoga sehat dan bahagia selalu ya, pokoknya apapun yang kamu semoga kan semoga tercapai, terima kasih ya jie buat apapun itu ;3 i Love youu jiee __,",Love
1137,ogeb bat dah pake sok sok an kaget,Fear
2767,enak mek,Joy
4740,biasa sj. biar bunuh org pun nm y cebong pasti bnr.. coz cebong sdh jd tuhan y rezim. sabar sj yg waras,Neutral
4457,"dari luar aku kelihatan baik-baik saja, tapi pikiran ku kusut sekali. rasa bersalah, overthingking terus",Neutral
942,"sumpah yaa, instagram tuh kadang resee suka gak kasih notiff",Anger
1036,"masalah nya yang spread hate nih cowo yaallah gua keseringan ribut sama cowo mulu jaman smp tuh anjrit bolak balik masuk bk soalnya ribut mulu, pas ditanya alesan nya bangsat banget ""saya ga suka dia bercanda nya sama yang lain selain sama saya bu"" anjingg",Anger
3745,aku orang yang suka banget berkendara kalo ngantuk tu melipir indmr cuma buat sekedar duduk sama minum apa gitu seringnya si kapal api gula aren yg dingin nah tadi liat disebelahnya ada kopi kenangan. itu bagus banget si kek tiba tiba bikin kemasan ritelan apa aku yg baru tau ya,Love
5707,"iya yaa, dulu suka banget bacain cerbung coboy junior yg cast nya iqbaal",Neutral
1346,ngeri ngeri,Fear
3615,gajelas banget tapi aku suka,Love
4127,biasanya ka nambah shipping dr supplier ke wh nya saja ka tambahannya 300 won selebihnya untuk ekspedisi tax tetep sharing sm barang ku yg lain,Neutral
2784,serius enak mas jd nya empuk banget dan wktu di goreng minyak dia ga minyakan jd keset gtu,Joy
4436,"sekarang berita dukacita udah mulai sliwar sliwer di wag lagi mas. temen sodara lama ga berkabar, tetiba kasih kabar duka. ealaah gusti..ngene lho isih ora percaya pandemi belum pergi.",Neutral
2384,"morning moots semangat, bsk kembali nganggur.",Joy
2988,"tiba-tiba keinget, dulu pas ospek ada senior yang baik banget sama aku, sampe diajak ngobrol pake bahasanya dia, aku gak ngerti dong, ternyata dia pikir sekolah asalku dari provinsi dia padahal beda haha tapiya tetep baik sih, cuma dia agak malu aja tiap ketemu",Joy
115,"dulu waktu smp saya jengkel banget sama ibu saya, mau pergi naik bus dari jombang ke bojonegoro (jawa timur) pake dianterin ke terminal bus. padahal pinginnya naik angkot saja.",Anger
4935,itu perkara biasa dah,Neutral
3400,saya banget bu. udah dm juga soal suka sama konten nya bu guru. tapi belum dibaca. semoga terpilih deh.,Love
7044,"suka tapi dipendam. ya, gue banget :')",Sad
3119,"pertama suka idolnya tsukipro itu dari 2.5d butai tsukiuta, suka banget six gravity, baru deh dengerin drama cd dan nonton animenya. lalu menjalar ke grup lain kayak solids, growth, vazzy dan infinit0",Joy
4322,"ibu dr biologi, ayah dr pertanian. untung nama anaknya normal normal",Neutral
4959,"gue baru Sadar 1 minggu lalu dgn emosi ga stabil. mulai dari ngerasain marah, sedih, nangis, dan sampai kayak orang depresi karena secapek itu tapi pas gue tau oh paham ternyata penyebab nya pra-menstruasi which is sometimes it's killing me",Neutral
5507,belum sarapan nunggu menang biar ada semangat lagi bang,Neutral
2819,selamat hari lahir. semoga bahagia hingga ke anak cucu,Joy
5547,semangat 45,Neutral
5473,belum sarapan sih.. ini lagi ujan indomie soto plus telur enak kali ya,Neutral
6693,bahagia adalah kecewa yang sudah lewat..:),Sad
5823,winner $200 aamiin pede aja dulu. biar ga keliatan menyedihkan. pickaw masih sepi senyap dari minggu lalu,Neutral
81,"gue kira di menfess sblmnya lu mau ngejokes trnyata bego beneran wkwk lo ga tau definisi ˜adik ™ atau gimana? semua org nyebut saudara kandang yg lebih mudanya ya ˜adik ™, ga usah nyuruh2 org buat ngaku deh, lo doang yg mikir bgtu bego! ga jelas lo",Anger
3021,"kita mungkin sekarang merasa takut, tapi nanti itulah yang membuat kita menjadi lebih kuat. cemangatttt",Joy
1972,mbakk.. aku kalo jadi kamu bakalan malu banget sihh coba bikin statement permintaan maaf dulu trus abis itu rest hehe tp semoga ga blunder lagi ya soalnya aku liat tweet kamu akhir2 ini suka blunder,Fear
1714,takut :(,Fear
3536,"gue jengkel banget pls ini sama seperti ultah gue kemarin! tante taunya gue suka korea, emak gue juga tau tuh. akhirnya tante nanya 'lia suka apa?' krn emak gue bingung antara nct dan bts, dijawab lah bts jadilah tuh kue kuning terang (butter) datang kerumah",Love
4541,"aku kurang tau kalo pesan yang kedua karena jujur ngebingungin, tapi kalo yang kucing kayaknya maksudnya jangan biarin masa lalu kamu menahan kamu untuk kemana mana. bisa dilihat kan si kucingnya gamau ninggalin rumahnya, dia kekeuh mau benerin rumahnya segala macem +",Neutral
5326,"menurutku ya secara acting dah ga diraguin lagi ya si prilly, dapet pesannya juga kok. cuman dr segi alur agak gak pas. bikin kaget kenapa bisa begini/begitu, akhirannya agak gantung juga. 7,5/100.",Neutral
3955,"fans jepang kalau bikin fanart wenzhou pasti suka ada cl nyempil, cl tuh anak wenzhou. gemes banget liatnya huhu",Love
4568,"n: tbh, lama banget kita nggak ngobrol karena sayanya kelamaan nggak muncul di grup kuil. semoga nanti saya bisa ngobrol banyak dengan kamu dan teman-teman yang lain. apa kabar, rai? v: genius",Neutral
1946,"bukan nggak suka sama seriesnya, iya aktingnya bagus, soundtracknya jg bagus, tapi ceritnya serem. serem banget.",Fear
4674,kan apa kabar ya yang lain ilang ilang,Neutral
6337,udh lama ga on tl gua jdi sepi mengecewakan,Sad
4967,nanti pawang nya marah loh pak lurah,Neutral
3488,":( suka banget sama pemilihan katanya, indah banget huhu",Love
1610,"waktunya kurang tepat kalo mau ke indo apalagi disini masih meningkat tuh cvd, aku takut dia knp knp, apalagi akhir akhir ini jadwal dia banyak banget ,cukup di korea aja jangan ke indo dulu semoga",Fear
4915,"apa saja sih masalah kota ini, kok suram banget kayaknya",Neutral
1251,seronok plus takut ada jugak. nk tengok sejauh mana kebolehan diri. bismillah..,Fear
4081,"ayo cek koleksinya, temukan angry draken yang unik nftindonesiamendunia _merketplace : skin normal: 0.003 eth",Neutral
3070,ini rame banget urang suka ge pas kr bocil wkwkw,Joy
6008,"hanya ada dua pilihan dalam cinta, bahagia atau kecewa. dan peringatan untuk siapapun yang bermain dengan cinta, harus siap merasakan keduanya.",Neutral
6915,"memang tida tau malu manusia satu ini:"")) mau marah tapi gk bisa",Sad
2867,semangat juga mass,Joy
5457,"parah iyo, enak rebahan cuy mbi ndelok udan",Neutral
6875,"sumpah kalo inget kayak kok gua bego dah, cuma muah doang sekian detik. skrg gua menyesli itu karna mantan gua makin cakep anj",Sad
3375,"aaaa habede eonnie yang selalu awet mudaa! suka banget sama dia dan drakor yang pernah dia mainin, sukses terus yaa eonnie!",Love
665,bukan emosian mba tapi bikin emosi,Anger
2194,enak banget jadi orang serba bisa.,Joy
6055,"rangnick: ""siapa pun bisa membayangkan bagaimana dia [elanga], dia hancur dan benar-benar kecewa."" (itv)",Neutral
4722,udah 3 tahun. kerja di bri dan gak bisa santai karna aturan baru setelah 5thn gak bisa ikut job opening lansung di cut,Neutral
6025,denger denger rp makin sepi ya,Neutral
5113,"nah itu tau club kebanggaan antum tolol, tpi kok antum masih mau jadi fans nya?",Neutral
1017,"amit amit banget gila kek bangga bgt tu orang suka ngentot sana sini, kek big rewards buat dia, sinting banget goblok",Anger
557,"itulah pukimak ny cebong .. udah dy yg d bodohin, teteep jugak bilang org yg bodoh .. kepala hotak kw lah ceby",Anger
5231,aku masih megang cs juga (buka preLoved buku) dan suka dapat pertanyaan detail kaya gini meski mereka gajadi beli. awal-awal agak males sih tapi makin kesini aku Sadar juga karena zaman sekarang banyak yang jual barang palsu dgn harga normal. jadi penjual emang harus sabar,Neutral
4414,"hai sobat bri, pesan telah kami respon melalui dm. akun resmi bri terdapat centang biru (verified) dan channel private resmi bri melalui whatsapp hanya nomor 08121214017. tks~shima",Neutral
1207,malu dan males,Fear
4051,"mimii cowoku si plg keren, its a good news to start my exhausting dayy. im beyond proud of u udh bisa ngelewatin semua sakitnya. mimii, lets make another happy memories again, we can laughing out loud again. aku sayang bgtt sm kamu, kamu jga hrs bahagia sehat selalu",Love
4270,"simpan saja dulu, setelah pensiun dari anggota dpr ditindaklanjuti lagi",Neutral
4233,woi aku gak baik2 saja gemes,Neutral
1510,"tadi baru gibah si crush gw kan nah tu tiba'orangnya muncul gw sengol lah kaki temen gw biar diem,kalau tau kan bisa malu",Fear
6852,pernah ga si kalian nyakitin diri sendiri biar ga marah hehe,Sad
4607,biasa lg ditambang nih ngawas. tidak ada hari libur wkwke,Neutral
3211,alhamdulillah kabar baik jimiinn,Joy
3630,"mau liat air terjun 'kah, mas? wilayah geirAnger agak sepi karena penduduknya masih jarang, tapi justru bagus untuk orang-orang yang suka di tempat yang senyap. sayang sekali, kemarin tidak sempat berkunjung kesana.",Love
4825,": tentu saja, jika aku mengatakan aku 18 tahun, orang-orang akan percaya aku masih 18 tahun : orang yang bilang ""maaf?"" ayo muncul.. : hahaha : orang yang bilang ""itu berlebihan"" ayo muncul.. : eonni, oppa, paman, adik (dengan gaya imut)",Neutral
4827,milet kayak biasa suara nya outstanding banget + ditambah alunan piano nya hayato sumino,Neutral
266,lagi kesal gegara kelompok,Anger
3807,iya suka banget sama pola filet,Love
1140,emm hampir setiap waktu gitu sampe panik?,Fear
3162,saya udah biasa dibilang jahat wkwk,Joy
2111,semangat pagi,Joy
5020,"nyokap marah grgr gue sarapan sambil nonton aouad, katanya apa gak jijik ngeliat yg begituan?",Neutral
1909,jgn marah yq osah,Fear
5514,"ini kalo aku ya. paling ga bisa pake skincare kalo blm mandi. jadi aku selalu skincare setiap abis mandi. kalo malem gmn? ya mau tidur aku baru mandi. di rumah gerah soalnya, jd enak kalo mandi sebelum tidur.",Neutral
6041,"regina, kalau ingin cerita boleh dm aku ya regina. jangan sakiti diri kamu. aku mungkin blm tahu permasalahan km, tpi aku mengerti jk km lg ga baik aja. semoga km selalu diberi kekuatan ya regina. km boleh sedih, tpi km harus tetap semangat dan hadapi sgalanya. aku dsini regina.",Neutral
656,pagi-pagi bangsat,Anger
4764,"kucing hilang lps si chi ni hilang, cha dh xselera nk mkn.. wife bgtw yg cha dh kurus, mknn fav dia pun lgsg dh x mkn. rindu sgt kt chi, sbb dlu dia lh yg slalu jilat2 si chi ni sbb chi ni ade mslh cket. dia xblh jln dgn normal, ade mslh saraf kaki blka¦",Neutral
5002,"pekan 23 telah tiba! tim arema fc akan bertemu dengan tim asal ibukota persija jakarta. duel seru kali ini tentu tidak mudah untuk kedua tim, karena arema fc harus melawan persija yang membawa misi balas dendam kekalahan di putaran pertama.",Neutral
4534,meski sudah tiada tapi jasa glenn fredly dalam industri musik tanah air sangat luar biasa. karya-karya yang diciptakan glenn fredly sampai saat ini terus dihati masyarakat indonesia.,Neutral
998,"bapak sialan ya gabagus buat contoh, songong, bgst, capek bgt pasti punya bapk kek gitu. ha ha ha, arsen zeyeng, suka bgt gaya lu broo sayang arsen banyak2",Anger
5692,semua kucing suka nongki di sandal kah?? kucingku juga suka banget nongki di sandal,Neutral
2834,nanaananaannanaa:(( cepetan balik okaay? jaga kesehatan!! jangan lupa bahagia dan bersyukur,Joy
2809,"iya peran di about ada 3pengirim cerita, konselor, penonton. tapi di form cuma ada konselor dan penonton, kudu ottokhe??,seriuus? wkwk aku ngga tau ih kirain dah ganti jadi foto mijoo unnie aduh jadi ngga enak terima kasih kak rowun!!",Joy
1784,anjir jun malu bgt nggak.. terus diapain abis itu..,Fear
1237,"mau ikut komen, takut tambah dewasa",Fear
6233,hahaaha..sedih sgt ni fren. kongsi sama saya la boboy,Sad
5405,"jangankan fandom lain, orang orang 1 fandom mereka yang malu sama kelakuan circle ini aja ga di dengerin haha kalo sakit psikis better bawa ke psikiater si.",Neutral
4404,ditunggu kabar baikny ya,Neutral
4709,tentu saja tidaak wkwk,Neutral
5746,"who knows mungkin dinegara mereka, mereka ga bisa dapet impress sebanyak itu, tp begitu ke indo mereka bisa jd lebih terkenal, dihargai, jangan pake kata dimanfaatin mungkin bisa di blg nanti mereka ngomong gini gue suka banget di indonesia mereka baik2",Neutral
6988,"jujur, suka heran kenapa giliran gue yang punya masalah, gue jarang banget bisa leluasa cerita ke orang. padahal dengerin curhatan orang adaa kali tiap hari :)",Sad
2186,semangat puasanya an,Joy
2913,wkwkkw bego haha,Joy
1134,iya kaan yg lain suka pada coba pd gpp tp tetep takut wkwk,Fear
908,"pagi pagi liat orang bikin pie keliatan enak banget gataunya slime day=ruined, jengkel",Anger
4666,temtu saja akan hadir,Neutral
1303,"umm, aku gapapa. aku takut oversharing .. tapi makasih udah nawarin",Fear
6604,"sedih dari segitu banyak yang lihat tweet ku gak ada yang mau bantu, hanya beberapa orang yang sudah bantu aku bisa dihitung. terima kasih semoga allah ganti lebih banyak",Sad
1627,"gue udh kaget jongu knp, rupany bnrn dikoms. udh panik",Fear
5019,bukan benci tapi lebih ke males aja si sama sejarah,Neutral
1522,meratib takut raya lps tu upload gambar g jln2 tmpt viral,Fear
835,"kasian temen acara ultah, kmrn ditunda gara2 contact +, setelah ditunda banyak yg pamit maap ga bisa datang tanpa ngasih alesan. bilang aja congor2 tervaksin lu pada takut heboh season 3. sendirinya gak percaya keampuhan vaksin tapi nyuruh2 orang vaksin. gak lucu.",Anger
358,baru bangun kena marah tiba tiba but we should keep kiyowo,Anger
138,"ahahaaa khas buzzerp jokowi nuduh org mau, dituduh marah",Anger
299,"saya sungguh benci akan seto , dia ialah seksual anjing pokok pelukan sahaja",Anger
1556,takut positif trs gbs skolah hhshshhdhshdhsh mau nangis aja sumpahh pdhal aku masuk angin anjir,Fear
1003,suka banget menyengsarakan rakyat.. kemarin ngotot gak mau menaikan ump skrg mau atur atur iuan pekerja yg dipaksa potong dari gaji,Anger
382,salah bank katanya tak bagi paperwork pakai letterhead firma dia. eh eh. kau yang bodoh ok. bank pon kata kau tak check sebelum bagi cust sign,Anger
4884,"3. sementara utk 6 sampel, diambil 2 relatif dekat transportasi massal (dibawah 1 km - tergantung posisi rumah) smtr 4 lokasi jauh (2 km) atau tanpa opsi transportasi massal (kecuali citra raya cikupa ada bis feeder swasta). dari lokasi saja, tentu sdh condong ke non transit",Neutral
4209,"only start filming. don't know when airing . biasa la kan cdrama kalau tak bertahun, tak sah",Neutral
6481,"kalau lingkungannya ga sehat pindah rumah oke bgt, tpi kadang sedih buat ninggalin rumah lama, karena kan kenangannya banyak",Sad
761,"blibet ini basictnya apa koq tiap hr bcra bodoh trs, seolah pekerjaan sipil gt aja spt sesuatu yg ndak mgkn bs dikerjakan, jokowi yg ktanya sarjana kehutanan sja bs bkin toll langit dn toll laut.",Anger
6966,ngk semangat idup,Sad
5634,"di tengah2 generasi yang butuh instant gratification, ternyata kesabaran itu kunci utama yang dibutuhkan untuk bertumbuh. ini ada 1 quote dari leo tolstoy. yang gue suka banget yang menggambarkan tentang proses dan waktu.",Neutral
5138,"membacanya lucu. pasti marah uang rakyat dikorupsibagaimana investor mau investasi ke kalau uangnya dimakan pejabat ""ace golkar 'ajari' ahy soal kuda hitam di 2024: terpenting strategi""",Neutral
4773,iya p santai,Neutral
5683,"kalo itu temen deket, kadang mereka kyk gitu tuh krn nganggep kamu santai, ga mudah marah, jd mereka nyaman aja godain km. solusinya km lebih tegas lagi aja, lebih ditunjukin kl km ga suka, jgn terlalu ga enakan..",Neutral
7050,"kasihan banget ya kamu ketemu cowok kayak aku gini.udah ga ganteng,suka curiga,sama cemburu lagi ahaha",Sad
5998,"semoga rezeki wlw udh dr kemaren mau beli aki motor sama bayar spp anak bang , ngojeknya lg sepi jd nunggak bayar spp nya semoga diqobul amin",Neutral
5426,"mungkin lain kali dia bisa menyatakannya secara jelas. walau begini, dia cukup senang. semuanya tenang sampai matanya bertemu dengan mata inupi yang baru saja datang.,inupi terlihat marah dan kesal, dari tatapannya saja draken sudah tahu. ia berdehem kecil namun draken-",Neutral
1402,eh taik takut. gua jadi ciize.,Fear
820,"masio jengkel maksimal. tapi tetep. ada ditengah-tengah. ada 2 kaki yg terus berusaha di seimbangkan. you did well sis, keep goin, cuma, lebih objektif dan bijak aja. jangan mau dibodohi 1 pihak. ini hidupmu, kamu berhak bahagia. jangan ga bahagia demi bikin orang lain bahagia.",Anger
6079,sedih dah,Sad
2721,"disana menanti di sini menunggu .. gabutt naann ,, semangat pagii",Joy
1932,"kenapa ya perasaan ku gak enak, mau pergi padahal nanti",Fear
4288,hii ! gimana kabar ?,Neutral
3560,lala moli banget suka tidur telentang gt,Love
6362,eh gue ikutan sedih denise keluar :/,Sad
6761,"lagi nulis surat (karna dia ulang tahun) buat temen yg temenan udh dari kelas 1 smp. sedih banget huhuut_t ga nyangka temenan dari msh bego sampe sekarang bego juga sih, mksdnya udah lama gitu, dari yg gatau apa apa sampe yg skrg kita udh harus nentuin buat masa depan..",Sad
4093,ternyata bkn aku saja yg diperlakukan seperti itu. cewe lain jg sama specialnya dimata dia,Neutral
5639,"ppp! buat kalian yang butuh epha app prem yg murah, fastrespon dan suka kasi promo, aku opres batch 2 sampe full member nih! mau intip pl atau mau nanya2 dulu? bisa banget! rep aja nanti kuketuk dm-nya ;3",Neutral
3055,"paling suka sih sama line guardiannya yg terakhir kali, seinget gue yg di versi thai guardiannya juga bilang gitu ""after all, life is a merely long-term homestay"" itu bener bener kayak, astaga.. mixed feelings banget pas denger itu",Joy
6049,"follow ca ore yok, sepi :v .kangkeceh",Neutral
3996,"10/10 cuma filmnya yuki kato yg buat gue wajib masuk bioskop, hanya menurut gue dia kurang pintar pilih project. sayang banget aktingnya yg luar biasa itu, berharap yuki bisa main di film yg berkualitas dan di dukung dari semua sisi, suka banget skil akting dia",Love
5914,"kyknya gue mati rasa.. gak deng, bukan mati rasa cuman belum move on aja makanya dibikin baper ga baper baper, awalnya ditinggikan trs skrang dijatuhkanpun ga ngerasa sedih juga",Neutral
2685,"jalan lurus pergi ke bogor, semangat terus jangan sampe kendorgood luck yaa kak ^va",Joy
3898,ohh jelas banget donk! aku suka banget disitu kakka jay sama kak heeseung juga keren suaranya . wah ide upcharku spontan aja sih gimana dong t__t,Love
58,hah bodoh kali kau pantek,Anger
76,"dpt mimpi kok mendukung keparnoan, bangun2 bangsat bgt bete au ah, mending ga usah tdr apa ya",Anger
796,lu paling susah di ayoin sih bangsat.,Anger
2416,senang bangett jimin udh sembuhh,Joy
2248,yuhuu semangat pagi yaww kak dan happy weekendd ^yn,Joy
6654,yah kecewa,Sad
785,"gausah ngasih gua aturan diluar kemampuan gua, lu bukan siapa siapa bego.",Anger
6219,yahh sedih,Sad
6890,"jangan marah padanya jika dia tidak lagi peduli. tapi marahlah pada diri sendiri sebab ketika dia peduli, kamu tidak pernah menghargai.",Sad
3158,alhamdulillah jim kamu udah sehat jangan lupa kasih kabar ke army ya ?,Joy
3106,"selamat pagi dari pku,tante baru bgn,nyenyak banget bobonya ga gerak2 semaleman semoga sehat n happy selalu teman2 se alter.yakin selalu ada rejeki tuk kita hari ini ya . cemilan dari momo juga ikut menemani tante visit pku,emg gitu tante suka bawa2",Joy
123,"kata mama harus baik samaa orang lain tpi kalo orang itu ngelunjak yaudah diemin aja tapi gue orangnya ga tega an.. jdi ya gtu, jatohnya malah tolol ngebantuin orng yg ga bisa usaha sendiri",Anger
2217,gempa tapi lagu lagi enak enak nya.,Joy
3946,"boy william nih gw suka banget liat cara ngomong dia, keliatan pinter tapi gak yang arogan gitu",Love
4299,"pengen tetep jaga komunikasi sama temen2 yg udah nikah, tp pas sekali ngechat akunya tanya kabar, eh dia malah tanya kapan aku nikah? pertanyaan yg cuma bisa kujawab dg senyum, atau berujung dengan tidak kubalas..",Neutral
5194,"dulu benci bgt sama picknava, eh malah dimanja terus tiap bulan.",Neutral
3885,kebiasaan banget suka ngabarin dadakan,Love
4385,"halo admin, mau tanya syarat untuk terbang dari juanda ke kualanamu kalau sudah vaksin dosis 2 pakai antigen saja/harus pcr ya?? dan tesnya bisa diambil di luar atau disediakan di bandara ya? karna saya naik penerbangan pertama besok. terima kasih!",Neutral
5462,enak gasih digituin?,Neutral
910,poin no 3 solusinya kontrol your kntl pak! enak aja udah dikasih 1 buat seumur hidup masih minta cicip yg lain. poin no 4 juga geli bacanya. ujung2nya yg dipikirin juga perkelamninan ye ini buaya2,Anger
2172,sarapan tenongan si enak,Joy
1850,"iya sih kalo pake jubah tp nonton sendirian agak malu, kalo ama temen masi agak ketolong",Fear
2309,keberpihakan akan ketidakadilan ini yg senantiasa diperjuangkan gus muhaimin. semangat terus gus....,Joy
6624,astaga sedih bgt.. denise tuh fav bgt dah suaranya,Sad
3634,"film ini cinematographynya cantik banget, ngga kuning kayak film jepang biasanya wkwk. ceritanya termasuk 'ringan' menurutku, yang bikin aku suka sama film ini yaitu bagian theatrenya keren banget asli 8/10. ah, btw ini adegan 18+nya ya",Love
1257,"kyu, kata gue ajakin yg lain juga deh, kalo pada gamau teror aja pake chucky",Fear
2495,"semangat buat hari ini ya!! u deserve to be happy. anw, jgn lupa sarapan raa",Joy
5337,"ketika ragu menghampiri, ikuti kata hati. beri pertanyaan, rasakan jawaban. terkadang, kamu harus belajar untuk mempercayai hati.",Neutral
4536,"tapi makin banyak yg paham kok. kek saat heboh delta, teman2ku banyak yg rawat ortu mereka di rumah saja. alhamdulillah sembuh. biarkan dibilang hoaks, kita tetap bersuara. buktinya man temanku yg udah rasakan kipi vaksin jd berubah pikiran kok. keknya harus merasakan dulu",Neutral
3501,"baik, trs bisa ngertiin aku, trs suka ngelawak ga jelas, absurd, aneh. negatifnya dia ya cukup aku aja yg tau. selebihnya aku sayang sama dia. dari dia yg suka ngelawak ga jelas, selalu support aku, rela nganterin aku ke tempat jauh wkwk trs pendengar yang baik juga dia.",Love
1178,ngeri editannya,Fear
4296,"aku saat skripsian. temen-temen udah seminar proposal, dan aku masih stuck sama dospem yg nggak ada kabar 2 minggu. alhamdulillah lulus, masih suka nggak nyangka",Neutral
5328,pejabat pd kaget mulu tp jantungnya kuat aja ya soalnya kagetnya aslinya ga kaget jg..ehh gimana? maksudnya udah tau,Neutral
5790,lrt memang ajaib orang-orang sebelah sana tu dan ini bukan yg pertama kalinya mereka kecewa karena kemakan ekspetasi berlebihan mereka sendiri kan,Neutral
3650,"”dg meta orang lain. misalnya kokomi, yang kamu benci banget itu, naik usage rate nya, ya berarti orang suka pake itu ke abyss. come on, kita tau orang yang ke abyss, apalagi lantai 9 sampe 12, nggak mungkin ke sana cuma buat have fun pake alesan api mihoyo rusak wkwk",Love
442,"emang bangsat para netizen, sampe bayi aja dihujat macam itu",Anger
5425,"kalau komik gl gini jarang yg Sad ending, biasanya konfliknya yg banyak tp akhirnya bahagia, beda kalau udah masuk di drama, biasanya kbnyakan Sad ending",Neutral
1399,"di urut dulu ke tukang urut, takut salah urat",Fear
2973,lucu banget kakak tertua takut sama saya.,Joy
2884,seru bangsat sih,Joy
1457,takut patah hati gara2 derek,Fear
4347,biasa sblm kluar dr bilik dentist tu check dulu klu tlebih suruh dentist potong dgn cutter,Neutral
6742,"halo siang min kok ga bisa pesen tiket ""ku kira kau rumah"" di gojek dengan alasan kota saya tidak ada di situ ya, kecewa bgtt :(",Sad
3459,"ih enak banget keliatannya. suka deh kalo yg ga rapi gitu buletannya, ikutan kegoreng kol nya.",Love
1054,hahaha betul sekali aku aja susah kalo udah gak suka sama orang benci nya sampai lama banget,Anger
3779,"selain anime naruto,gua juga cintaaaa banget ke anime hunter x hunter =))",Love
4657,"ibuku sering bilang, kalau kita menyisakan 1 butir nasi saja, tuhan akan menghukum kita! - genta kojima",Neutral
3275,antara ngakak sama sedih anjr nonton inituh kawkwakwakawawk,Joy
5427,"yaudah aku pulang, babai kawan kawan semoga kalian bersenang senang",Neutral
3699,"yeayy hadiah giveawaynya udah sampe baguss selimutnya phi , suka bangett gambarnya gede dikasih freebies jugaa makasih yaa phi buat giveawaynya suka banget dan thanks admin jugaa",Love
929,ya kalo mau poligami ikuti sunah rosul tunggu istri pertama meninggal dulu dan lu nikah ma nene2 yang udh tua dan miskin buat diurus bukan mau enak nya doang tolol,Anger
1415,"alhamdulillah-nya udah divaksin sih. itu juga setelah drama. ibu mertua gwa tinggal sendirian. beberapa bulan lalu bapak mertua baru wafat. jadi yaa, khawatir. lalu ya gituu, agak meremehkan covid. makin khawatir lagi~",Fear
2372,happy birthday!! semoga sehat dan bahagia selalu yaa,Joy
5003,"wkwk kasian yg pendek selalu jd korban btw aku open jasa hapus akun tanpa email dan pass, bayar setelah acc terhapus",Neutral
1829,hari ini belum ngerjain tugas samsek males banget takut numpuk tapi males,Fear
4077,baru saja mengirim foto,Neutral
3945,"lebih baik perjuangin orang yang bener2 sayang, tulus sama kita, dari pada perjuangin orang yang kita suka yang belum bener2 sayang sm kita.",Love
4594,"krn mmg momen nya belum terjadi, jadi tunggu saja sampai gelaran formula e benar2 gagal, maka kpk punya alasan kuat utk menyelidiki. kalau sekarang kpk masuk, nanti malah akan dituduh ikut menggagalkan gelaran f-e oleh kroni balaikota.",Neutral
4966,kalau itu artinya cerdas.. bodoh selamanya pun aku tak keberatan (uzumaki naruto),Neutral
6768,bangun tidur tiba2 sedih,Sad
1502,"tapi lanjut dimakan gak? takut banget kalo lanjut makan, takutnya ada pecahan beling kecil masuk ke perut",Fear
5702,"kalau saya sih lebih suka dibujuk tapi kalau dia minta waktu yaudah kasih waktu buat dia sendiri dulu, abis itu baru dibujuk",Neutral
1450,takut tgk harga,Fear
4696,"keluarga gregory diberkati dengan anak yang luar biasa. samidare, adalah anak yang cepat tanggap dalam pelajaran sihir. membuat kedua orang tuanya berharap terlalu besar agar anaknya kelak akan menjadi penyihir hebat.",Neutral
2011,"iya iyaang.. mau reply biasa gw kong tapi gw tag bapak ade,takut nganu nanti",Fear
5365,"jangan pernah memberi seseorang harapan, jika kamu tak ingin memenuhinya. lebih baik jujur meski pilu, dari pada bahagia tapi palsu.",Neutral
3515,hooh.. km suka banget kan yaa..,Love
6211,"sedih si sebenernya tapi thank you denise sudah bekerja keras saat bersama semoga uri mm maknae lockey bisa sukses terus ya berkarir diluar sana ditunggu karya denise yang lainnya, dan musik yang denise suka bisa segera menjadi album ya",Sad
5018,kalau itu artinya cerdas.. bodoh selamanya pun aku tak keberatan (uzumaki naruto),Neutral
6092,bener sih waktu itu lagi pengen nonton yg sedih-sedih langsung cus nonton ini dan berakhir mewek nangis,Sad
6791,sedih bgt aaaaa,Sad
4717,"baru saja mengirim foto brebes, jawa tengah, indonesia",Neutral
3264,mon maap ini sedih tapi lucu jadinya w ngakak awkwakak,Joy
5710,rasa lada nya strong banget.. lebih suka yg dikit ladanya,Neutral
6300,sedih banget kan,Sad
4458,sebuah pengalaman luar biasa untuk menyaksikan bahwa teknologi masih belum ada apa-apanya dibandingkan gejala alam.,Neutral
6118,sedih banget:),Sad
6,drama abg tolol,Anger
2980,wajibb. nyak dulu ambil karna takut abis hahahahahaha,Joy
3739,tapi dulu suka sama aoi pake banget seehhhh,Love
2487,paling enak jadi orang yang kalem,Joy
3361,gua tebak jaechan duluan yg baper sih karena seoham nya ngasih perhatian 'lebih' gitu kek skshekehjehekehe keliatan banget jaechan nya suka open up apalagi setelah punya instagram,Love
678,"i biasa i balas dendam, kalau dia main game melampau lampau, i palau msg dia. sape rasa adil? tibee",Anger
1943,serem banget mio-chan ternyata suka makan dinosaurus.. -s,Fear
4626,pada seneng banget menghukum orang sih? setiap hari ada saja yang dihujat. pentingnya ngajarin kolaborasi sebelum kompetisi.,Neutral
6513,"pagi ini terbangun dengan perasaan campur aduk, ya emosi, ya sedih. bingung mau ngapain, rasanya tuh lama banget waktu berputar. makin gk betah di rumah.",Sad
5987,pickaw pn sepi mulu,Neutral
5434,harus bahagia,Neutral
4649,coklat request: lyodra - pesan terakhir (auto-rj),Neutral
2607,"mensyukuri hari ini, belajar memperjuangkan sesuatu dengan penuh rasa ikhlas & semangat untuk sebuah kebahagiaan!",Joy
6449,"dgrin child smbl inget dl nntonin mrka jmn rookies agk sedih gt, dh pd gede smua gaada yg kepala 1 lg pdhl dl ga trlalu suka mrk krn liatnya kek msh bocah gt pdhl jg gedean mrka:v",Sad
4527,hanya orang biasa dengan mimpi yang biasa aja.,Neutral
6509,denise ih gila gua sedih banget denise langsung deg jantung gua,Sad
3134,"alhamdulillah kabar baik jugaa, udh srpan belum niee ??",Joy
1064,ada yang mulai sebar bacot!! pesan prabowo ke seluruh kader gerindra: jangan jauh-jauh dari ulama!,Anger
2894,huwa yenanya mami kok gemes sih marah aja segemes ini aru rela dimarahin yena trs tiap hari pliss mau karungin,Joy
6987,"revisi proposal dikira 30k/revisi, tapi perintahnya nambahin penjelasan 2 variabel lain + hasil penelitian dari tiap variabel :), ngilang berhari2, dateng2 nuduh nipu. padahal cust yg lain suka aku kasih bonus page atau pengurangan harga",Sad
4635,"subsidi murah kak, 300k tempatku biasa steril",Neutral
2242,semangat menambah,Joy
1474,still can't help but feel so curious about her face. secantik apa sih kak raline sampe gege gak mau nunjukin fotonya ke orang-orang karena takut pada naksir gitu ya?,Fear
5247,"jangan khawatir kalau gavi, araujo yang dikhawatirkan pindah. dapat tawaran dari chelsea dengan gaji gede tuh",Neutral
1889,lagi kerja disemangatin sama si cantik yang belum mandi gara gara takut beku,Fear
3435,"wajar kok ver, kemaren juga ku liat tiktok lama private school check yang dibikin sama salah satu anak angkatanku, kangen banget liat kelas, pengen ngobrol2 di sana lagi tapi mana mungkin wkwkw sama bangett suka nyatu2in meja gituu biar enak ngobrolnya",Love
4392,"betul aku juga gt, mikinya nanti kalo pas udah nikah mau konsul tentang kehamilan maunya pake dokter yang biasa dipake keluarga ku pas mereka hamil aja lebih aman",Neutral
1053,suka banget ngetease jay. Sadar diri wooyy !!!,Anger
3705,eh ini judul kartunnya apa sih kak kalau boleh tauu? aku suka banget nontonnya,Love
2021,mending gausah deh daripada kecewa,Fear
5571,"dengan senang hati & terima kasih konfirmasinya. jika kamu membutuhkan informasi, jangan sungkan untuk chat kami kembali ya atau kamu jg bs mendapatkan informasi melalui help center via aplikasi ataupun website have a nice day. terima kasih by ts",Neutral
5044,"genggamlah dunia dan jangan biarkan dunia mengenggam dirimu. kawallah nafsumu dan jangan biarkan nafsu mengawal dirimu. marah orang mulia boleh dilihat melalui sikapnya. tapi marah seseorang yang bodoh itu, boleh dilihat melalui percakapannya"" - imam as syafie -",Neutral
5446,enak bgt jd mba nain,Neutral
2658,yukk semangat ngeba,Joy
2467,"gataww y gw happy pagi keekk ngalir aja, semangat rawr mwah lvyu",Joy
3892,"waktu aku mulai tau, kalau ternyata dahyun twice aslinya tenang dan misterius banget.. padahal awal aku stan twice karena dia, dan ngiranya dia bobrok abiess tapi gapapa sih tetep sayang",Love
1130,trs barusan dia reach out aku trs minta tolong buat bantu project dia yaallaah aaaa jujur agak takut pressure tp ok gapapa,Fear
1461,"takut banget kena polusi, mau isoman dulu",Fear
4367,"09.23 simpang tengkawang : antrian kendaran normal dikeempat kaki simpang, situasi arus lalulintas lancar",Neutral
6405,sedih bgt dilupakan,Sad
3365,iya bener!! aku demen banget cookies and cream,Love
7032,ada sedikit penyesalan kenapa gak dri awal aja gue suka mereka pdahal gue udah tau mereka thun itu mereka booming banget tpi blm tertarik untk suka suka exo 2021 ni itu pun ya gra2 tmn krena dia juga bru suka exo di 2020 dia selalu nunjukin gue ttng exo jdi gue cri tau jga,Sad
6520,ihh sedih bgtt,Sad
3350,gatau tp aku suka banget sama anak itu,Love
2968,"alhamdulillah beneran jeongwoo, aq jadi tidak malu nanti awoaowkakw",Joy
222,oh pantes orang mengakui bodoh og. panjang umur dualisme ckck,Anger
6557,sedih jisoo belum lirik dm aku,Sad
48,ini faisal basri ngga lagi kena stroke kan? atau tiba2 mental retarded? ciri khas jokowi? ketukar sama sby pak faisal. jgn bangsat drun.,Anger
573,"dibilang setia itu tuntutan. aneh bgt anjingg kalo emg udh namanya sayang mah bakal setia dgn sendirinya tanpa diminta, apalagi kl udh nikah hrsnya punya keSadaran sendiri buat setia sm pasangannya lah. tolol bgtt kesel pagipagi udh dibikin emosi",Anger
1236,"kek apa ya, gue kalo beli paketan kalo mau keluar jauh/keluar kota aja sksk gue jarang keluar jadi takut sia2:"")",Fear
5386,gue sebagai mantan yeen Lovers merasa malu semoga dia cepet tobat dan bantink stir jadi yeen pobic ya.. gws buat temen kamu,Neutral
3033,jadi hater nya gofar tuh enak tau wkwmwkwkw kalo kejadian ini fix gofar yang bener mereka tinggal bilang gak suka sama kelakuan nya. geser isu wkwkw biar gak malu malu banget udah belain orang skizo selama 8 bulan,Joy
6858,"hehehe..kalau aku kasian ke diri sendiri karena kelemahan dan kekurangan-kekurangan yg aku punya jujur aja aku membenci hal itu, aku benci kelemahan dan kekurangan-kekuranganku banyak hal-hal yg gk bisa kulakukan karena hal itu doakan aku semoga bisa jadi lebih baik",Sad
3382,kece bngt brokhh waduchh sbl suka banget loch,Love
6356,sedih bahh wkwkw,Sad
2282,"semangat, bestie, aku kerja dulu ya nanti sambung lg",Joy
6386,banyak yg kecewa sama desainnya ayangto karena beda banget sama fanart2 yg ada¦,Sad
267,bilangnya realistis butuh duit sbnrnya lebih ke oke gw cari yg banyak duit gt ga si org materialistis tuh. iinget segalanya butuh uang tapi uang bukan segalanya. agak emosi emg sis kalo sok sok realistis tp trnyata materialistis,Anger
1104,dah lah ak kecewa!!,Anger
2305,", wih enak kyaknya",Joy
5570,tetap semangat demi membayar kewajiban,Neutral
6022,sepi~,Neutral
1935,"sebenarnya bagus, cuma karna sellernya galak jadi pada ngeri",Fear
386,di bilang kalau sudah hatinya hitam mana ada bisa bedain putih atau hitam. yg pintar bisa mendadak bodoh kalau sudah hatinya penuhin dengan penyakit hati,Anger
1701,sampe asma kambuh tapi bela2in gak minum obat karna takut teler dikantor.,Fear
1628,malu typo ya nder saking nsjahss nya,Fear
3585,"suka,aku kan orang jawa banget",Love
5515,"tumben banget pagi pagi udah semangat, biasanya lelah letih lesu",Neutral
2714,jaga kesehatan yaa dhe jangan smpe sakit dan tetap semangat ya cindvia_jkt48 ^_^,Joy
4152,eyo angkasa akunya ada rasa kamunya biasa aja,Neutral
6954,"aku memang kurang segalanya, tapi setidaknya kasih sayang ini cukup untuk membuatmu bahagia walaupun tak sepenuhnya dan meski kau selalu merasa diriku tidak pernah cukup",Sad
6191,ah aku sedih dengernya,Sad
1563,kalo di slack suka takut chatnya capslock semua,Fear
3622,"si jleg, anaknya random banget, baikk, kadang emosian, galak, sibuk bngtt, bucin, pengertian, ramah, friendly bangtt, suka ngetik huek dah gitu pokoknya :b",Love
6135,ayang knp sedih? aku sedih juga jadinya,Sad
2760,"selamat pagi tapanuli utara, semoga semua sehattttt",Joy
3189,alhamdulillah pagi pagi udah dapat kabar baik,Joy
5087,"ga galak sama sekali, bahkan dia gapernah marah t_____t",Neutral
209,say! gimana cara mainin perasaan cowo dan nantinya si cowo kek nyesel udah ninggalin cewenya gitu? kata temenku si gitu biar berpikir si cowonya ninggalin si x adalah pilihan bodoh ,Anger
909,nugget rebus ga enak anjir,Anger
1289,"takut, ku demam sm batuk",Fear
5345,lama lama kan juga terbiasa. teknik ke accounting ya kaget dan gugup karna baru awal,Neutral
1866,". masya allah. awalnya gue suka dengerin lagu lagu klasik gitu pas menjelang mau tidur, tapi trus temen gue bilang ""gimana kalo lu meninggal nanti disetelinnya kpop bukan al quran"" takut gue",Fear
1842,pano anj gua kaget,Fear
2497,mantaf. pg jg semangat,Joy
5797,ih sedih masa. semangat akak,Neutral
104,ya kalo mau poligami ikuti sunah rosul tunggu istri pertama meninggal dulu dan lu nikah ma nene2 yang udh tua dan miskin buat diurus bukan mau enak nya doang tolol,Anger
6238,"gue ga ngestan sn, tapi ikut sedih denise out dari grup semoga sukses terus ke depannya buat denise",Sad
958,"aku lumayan kesel sama jawabannya, jadi aku cuma ngangguk2 doang. terus kedua temenku juga bilang gini, ""aku keluar karena army banyak banget yang to*ic. suka mancing keributan."" batinku, ""halah, apa nggak salah?"" bayangin, sakit hati nggak digituin padahal mereka jelas tau--",Anger
1793,"ketika lu punya pacar tapi tbtb ada seseorang yg lu suka. lu jadiin crush, tapi lu ga bisa apa apa karna gak mau selingkuh tapi ngerasa kalo perasaan lu gabisa diboongin. berusaha hapus perasaan tapi malah tak tertahan. mau lapor ayang takut malah dibuang.",Fear
2088,"kemarin karna gabut produktif di dapur dan jadilah inii, dimasukin ke kulkas dimakan pagi ini msh ttp enak",Joy
2702,vsoy enak bgt tuh,Joy
3826,walaupun ketutup masker suka banget aura mark disini ampe merinding,Love
5822,"orang hadir di hidupmu karena sebuah alasan. mereka berimu bahagia dan kecewa. ada yg sesaat, tapi ada yg selamanya,",Neutral
331,gerombolan ngawur bin tolol..,Anger
4222,"ketika air aki sudah terlihat berada di dawah batas normal, segeralah beli air aki yang di bengkel-bengkel terdekat.",Neutral
4374,baru saja mengirim foto kantor badan pertanahan parepare,Neutral
5132,perubahan emosi dalam sehari,Neutral
4157,santai dolo d kamar,Neutral
2459,"semangat buat hari ini ya!! u deserve to be happy. anw, jgn lupa sarapan lita",Joy
1774,"pengen ngerjain yoel, tapi takut diamuk duluan",Fear
3931,lagi suka banget sama foto ini wish me luck,Love
6201,"sepi btul, mending ke priv sj",Sad
4393,hbs nonton hole live suara courtney stabil bgt kalo kelakuannya normal mungkin gwe ud ngestan,Neutral
4622,"hi, pasti lagi nyari jasa un-sus un-lock ya? bisa ke yap | unlock all case 5k / acc | unlock umur 7k / acc | unsus biasa 10k / acc payment dilakukan di akhir a¼ close uns permanen semi perm",Neutral
2686,seng semangat ah,Joy
5972,":: ih kok sedih, sabtu jam 7 ku gak ada excited nonton bad and crazy",Neutral
5748,atau kalau mau kasih bunga mending yg ada pot nya sekalian. kali aja kalau cwe nya suka koleksi bunga hidup.,Neutral
4053,jangan panggil tukang. panggil saja sayang,Love
4844,"bingung cari souvenir untuk acara kantor anda?? pakai saja tas ransel batik dari kami, only rp. 30.00,- / pcs..hemat, murah, bernilai, dan 100% indonesia..call me 085643325959",Neutral
2897,"cocok temen sekelas gue waktu sma loyal dan kompak buat lekas bahkan waktu dulu sahabat gue yg cewe nangis karna dibentak adek kelas, anak cowok langsung pada emosi dan nekat mau nemuin itu ade kelas wkwk",Joy
3975,semenjak nonton our beLoved summer jadi suka banget sama choi woo sik,Love
1710,blm nikah tpi habis baca ini malah jdi takut,Fear
5448,pake popsocket enak ga si? aku belom pernah coba soalnya wkwk,Neutral
5407,rasul palsu kayaknya..,Neutral
2478,semangat kak biann,Joy
5041,"lebih baik di benci tapi menjadi diri sendiri, daripada di suka tapi menjadi orang lain",Neutral
5321,"dia bikin thread, nanti dia yang malu sendiri pasti. krn bukan tanggung jwb seller kalo udah dilogin",Neutral
1366,ga deng beneran cemas karna pd posting dikit2 kelar sidang kan jd cemas,Fear
173,bodoh betul g la check org yg xcden tu dulu,Anger
858,jangan bikin orang khawatir napa sih julllll,Anger
5202,balas dendam terbaik adalah dengan cara menjadikan dirimu lebih baik,Neutral
5213,"cara terbaik untuk membalas dendam terhadap orang yang menghina anda, adalah menjadi lebih berhasil daripadanya.",Neutral
3524,relate banget pasti anak nya suka naik sinjay nih,Love
3321,btw roo makasih rekomendasinyaa suka banget sama ini au beneran dah tt aku sampe sakit perut ketawa mulu,Love
4092,baru saja mengirim foto ngaringan klumpit,Neutral
6835,"3bln setelah nikah ok aja mau dibilang apapun,tp makin kesini bahasa nya benerbener tidak buat enak dan stress sendiri sampe mikir mau kurus dengan cepat tp tidak mungkin,semua itu butuh proses untuk sehat jg.. sedih bangett",Sad
5944,"tapi ngga jadi sedih, wong ekskul nya ngga seru * tersenyum indah menawan spt cekep (cewek cakep)",Neutral
6529,gak sedih sm sekali tp kyk gak ikhlas ngerti gak seh,Sad
1952,"zoo anabul kecil tetangga aku gamau diem, kadang suka tbtb masuk kerumah. kadang suka pup diteras rumah jg, apa karna sering kita kasih makan jadi begitu ya?",Fear
3311,yaaaa rumah sepi. mari kita party wakwakk,Joy
2492,tak ada yang bisa ku lakukan selain melihat dan membuatmu bahagia.,Joy
4228,santai din,Neutral
4386,tentu saja,Neutral
2036,bgt! sepi dan serem,Fear
5550,jika kamu melihat matahari saja tidak sanggup apalagi melihat sang pecipta,Neutral
6328,yakan! sedih banget bayanginnya,Sad
7076,"meski engkau yg pergi, meski engkau yg meninggalkan. meski engkau hilang,, tp engkau ttp bagiku msh ada si sampingku sprt biasanya,, maaf saat ini aku cmn bisa mendoakan smoga engkau baik2 saja dmnpun brda, selamanya engkau ttp ada dihati walau tak bs kumiliki lg",Sad
3403,"susah si, kalo udah ga suka sama gurunya aja udah bisa ga suka juga sama mapelnya. kalo mau suka si harus guru yang enak kalo gurunya ngejelasinnya enak, itu bakal langsung jatuh cinta sama kimia si",Love
18,"izinin suami poligami buat menghindari zina? lol banget, heh mmngnya nabi saya poligami gegara mata keranjang trus sangean? trus ada niatan zina, tpi biar gak zina jdi dinikahin? ngelirik cewek sambil nyebarin ajaran agama gitu? tolol, belajar agama lagi sana",Anger
3691,"makanya nonu tiap ngelive pake masker tuh ga rapet suka aku tegur maskerjya sayang rapetinn diamah :""( aah",Love
5340,"nani?? watashi daijoubu desu, tidak perlu khawatir susan-chan",Neutral
0,pagi2 udah di buat emosi :),Anger
3628,"kadang ak yg perempuan aja suka iri ama mukanya dia kecil banget heyy, matanya juga belo pengen punya muka kayak gtuuuu",Love
5605,lebih enak lg kalo mutualan,Neutral
2174,"congratulations for ur debut ""child"" makna nya dalem banget huhu. kek relate dalam kehidupanku juga kehidupan oranglain mungkin, semangat terus buat karya karyanya yang lain nanti. bahagia selalu buat kalian. me lafyu. xx t.,",Joy
1356,"iyaa.. takut banget soalnya fc rpku pake thailand juga:""",Fear
5265,kaget indikasi tidak menguasai persoalan dan tidak memahami perkembangan ..,Neutral
6504,minggumu terasa sepi tanpa musik ini,Sad
4273,di tmpt biasa,Neutral
2826,"semangat diah, yuk bisa yuk buat hari ini. bismillah",Joy
6163,ko sedih banget diisi ciba biar ga kosong,Sad
396,tiap kali nak marah mesti kena mcm ni. hahah takpela tak jadi nak marah,Anger
6260,mesti cr muram durja birthday dia harini,Sad
3112,"kok suka ya liat fadly, omnya gala. kaya adem gitu liat wajah dia. nggak yg cakep banget, tp adem aja diliatnya kek ubin mesjid.",Joy
182,jangan biarkan satu hal yang bodoh ngehancurin kebahagiaan lo seharian.,Anger
6865,"klo inget ""gua bego bgt ya jadi cwe "" kadang sampe pgn nangis",Sad
6686,sedih kali wak,Sad
1812,takut ah tp wkwk,Fear
4561,"kaka jangan di baca anggap aja blur , nyata nya emang pwettyy koo , biasa nya yg gitu kalah pwetty",Neutral
5785,"gue tipe orang yang kalo udah suka sama orang, bakal suka banget, kalo benci..ya benci banget",Neutral
5137,gue si udh di tahap pasrah yaa. mencoba buat jadi orang baik sebisa mungkin tanpa mandang bulu. selebihnya kalo ada yang benci dan gak suka itu hak mereka. aku si bodo amaat wkwk,Neutral
816,emosi bgt liatnya,Anger
1572,kok pada berani ya sama strAnger.. apa ga takut h-word? tetep safe sex ya nder.,Fear
4905,"biasa dia yang beliin makanan, sekarang… tidak ada siapapun",Neutral
1800,malu ku bnar bnar malu,Fear
2280,"bismillah, pacar 2, dedek 2, gimana uas kemarin? semangat! tinggal seminggu lagi, tapi kangen :c",Joy
2429,semangat dong aeril.,Joy
3893,"setidaknya dohoon pernah sedekat nadi kalo harubby bener2 gak nyatu dah kalo kita dohooniest selalu bilang dohoon dah punah, bahkan pecinta harubby bilangnya ˜harubby kan gak saling kenal' lucukk banget kakunya makanya ku suka liat harubby kalo dah dipaksa berduaan",Love
5602,"oalahh.. yowes dh, semangat",Neutral
6707,ga tau knp vibe pagi ini sedih pol,Sad
5352,"i ran alone around 8pm kat kj area, parked my car tepi jalan and dah finished 2-3 loop kot masa tu. then one uncle tanya you tak takut ke lari sorang ni? i said ok je uncle dah biasa sampai la round ke 3, from afar i saw a guy usha2 dalam kereta i. so i stopped 100m apart",Neutral
4340,tentu saja tidak,Neutral
6110,"sedih membaca isi twitt anda,macam tak ada isinya..dan amehnya anda menikmati semua komen2 di lapak anda ini",Sad
4920,akuu mau beresin tugass biar sisa harinya bisa dipake rebahan santai. hbu?? kamu mau ngapain aja??,Neutral
4704,dia makan mie di tempat biasa ibunya belanja,Neutral
1830,"aslinya aku orang yang jarang bgt nelfon orang tua kalo lagi jauh, tp belakangan ini pengen denger suara mereka terus, walaupun mewek kalo lagi telfon tp sedikit bikin tenang. sehabis kelar telfon cemas lagi..",Fear
601,gamau emosi tahan tahan,Anger
5921,"ronaldo berkata :"" jangan sedih yak, besok abang beliin truck.""",Neutral
4955,"gue selalu berlemah lembut gini di bilang suka marah marah, ga ngerti lagi deh gue sama lo",Neutral
5079,bangsat tu apa kak?,Neutral
554,"tapi aku gamau sambil bilang ""kalo buat manas manasin mantan mending sama bestie kakak aja biar makin berasa"" dengan nada bercanda. dianya malah.. marah. dan aku gak Sadar kalo aku udah ada di.. tempat nongki gengnya.. dia fitnah aku abis2an",Anger
1159,"namun, untukku itu hal tabu dan ga baik untuk di lakukan, apalagi dada itu aurat nya cewek, hal sensitif nya cewek, meskipun masih kecil itu ga bisa di lakukan. kalo dilakukan terus menerus lama2 jadi biasa bagi yang melakukan, dan bakal di bawa sampek dewasa sumpah itu ngeri.",Fear
1213,takut bgt jujur kalo yangti udh turun tangan,Fear
880,"ga usah pura"" kaget. Bikin jengkel",Anger
1325,beneerr udh ngga ngerti malu pulak,Fear
6630,judul temlenmu bikin ngakak abis mbah sehingga ..perjalanan inipun seperti jadi saksi. gembala kecil menangis sedih..,Sad
997,ini twitter knp sih?? suka banget nyesi ga,Anger
700,wkwkwk iya bener2 emosi kalau lihat nino dibanding irvan wkwk dengan ketidak tahu diri dan magadirnya tuh buat gedeg,Anger
2700,",, congrats,keren nih pak mentri bumn erick thohir semangat pak,",Joy
6434,sedih:(,Sad
1847,jangan disini ah malu,Fear
5198,"masa kecik aku belajar puasa dari makan, minum, dan tak korek hidung (hahah). dah baligh sikit, baru rajin pergi tarawih. dewasa belajar kawal pertuturan, emosi, dan banyak buat refleksi diri. untuk selanjutnya, mungkin kena belajar sesuatu dari buku ni pula.",Neutral
2796,haii apa kabar gembira pertama kali twitter,Joy
1455,hawane ngeri,Fear
5928,ramai berjajar sepi bernalar lupa batang akar demi sekedar lembar tanpa daftar,Neutral
4129,kalau belum biasa masukin pc ke insleeve mending beli uk 6x9,Neutral
6140,"pacar di rebut batur? kalem ulah sedih, nu aya brsyukur eta tandanna gusti allah nyaah ka maneh, geus misahkeun maneh ti jelma nu gampangan.",Sad
866,gua yg panik masalahnya bangsat,Anger
5412,jangan ragu-ragu?,Neutral
1644,tapi takut ketuaan juga di jalan ya kan wkwk walaupun gue wfh selamanya,Fear
2140,puji tuhan ku bahagia banget rasanya dapet kabar jimin udah sembuh..,Joy
5599,jangan lupa bahagia,Neutral
3520,"makanya, kadang kita suka mikir ya ""ini orang kok pd banget ya padahal skill nya ya b aja"" tapi, orang yang pinter and capable di bidangnya, justru rendah hati dan tidak sombong, malahan semangat belajarnya lebih tinggi daripada orang yang biasa aja.",Love
4446,cuma drop biasa,Neutral
5717,"saya tidak di ajarkan bermulut manis dan bermuka lebih dari satu. suka, saya katakan. benci, saya tunjukan. sayang, saya buktikan. krna sya bukan yng memberi senyum kebhongan",Neutral
1490,aduh.... klo solo ssr gini suka takut,Fear
4529,syafi'i ma'arif pernah berkata bahwa budaya arab adalah rongsokan. tapi diadopsi oleh banyak warga indonesia. kita pakai logika saja. pernyataan jendral dudung sangat logis dan bagus untuk menggerus budaya rongsokan dari arab,Neutral
4224,"jika ada seseorang yang meledekmu jelek, santai saja. bilang padanya kalau kamu bukan cermin.""",Neutral
729,"manusia bodoh, sm anak kecil aja begitu. kalo gk suka yaudah tinggal skip. jgn rasis gitu, hadeehh setan setan, itu yg komentar pasti lebih serem dri setan",Anger
4697,atau bole jadi diorang defend kalam mufti. sebab bukan ulama muamalat saja yang haruskan,Neutral
779,"lebih marah aku, kenapa kamu make bangun",Anger
2620,"sukses mion, semangat",Joy
1936,gatau. tapi aneh banget kok orang-orang banyak yang suka sama dia?,Fear
3793,suka banget asli deh ungu ungu gini aa,Love
6601,job sepi banget,Sad
6104,sedih bgt,Sad
3333,"haloo sender, izinkan kala mengajukan diri ya kebetulan bisa avail ditanggal segitu plus juga bisa ke kkt dan bisa movie date juga, aku tipikal yang suka banget nyeritain hal random ke pasangan, soft juga paling suka kalau lagi ngebucinin pasangan dan diem diem aku",Love
1110,"tolong buat siapapun yg memang udah ""gabisa lagi jadi lockey"" karena masalah denis gpp gue mengerti, tapi plis bgt jgn mengajak atau bikin kompor kayak org goblok bikin tweet dgn mengajak yg lain buat ikutan sebab yg sedih bukan hanya kamu tapi semua lockey, bikin kesel aja kayak ampas. makasih buat lockey yg masih bertahan:)",Anger
3655,"mau ikutan wish me luck semoga rezeki amiin biasku kim junkyu dr treasure, orangnya cute banget tapi kadang suka soksokan cool gitu ngebiasin bnran dia nyaman bgt pokoknya, liat dia senyum tanpa Sadar kita ikutan senyum soal body beuh mantull,udah jadi model dari kecil",Love
5751,kita hidup ni janganlah ada pilih kasih especially dalam keluarga. nenek aku dulu masa kecil suka bandingkan dan lebihkan anak makcik aku dan layan adik beradik aku teruk sebab apa? sbb ayah aku tak sekaya dorg. masa arwah atuk aku meninggal,Neutral
6325,"sedih njay. makin susah nakes nakes puskesmas, vaksin booster sampe turun ke rumah rumah bawa tni-polri, tracing kasus baru dibilang dicovidkan.. jawaban mereka sama ""covid itu ga ada!"" kehilangan sosok contoh rakyat ini.",Sad
2998,alhamdulillah kaga jadi malu,Joy
2394,hai piaa semangat hari inii,Joy
1185,takut..,Fear
2007,sekolah itu biasanya ramai tapi ramai karna makhluk tak kasat mata wkwkwk bikin merinding,Fear
193,dah bodoh dah relax nanti sendiri sakit,Anger
1515,"gue takut di dpt guru, wml biar ga ketauan bk",Fear
5659,"jadi bakal lebih bagus kalo lu minat baca dan suka sama b ingg, karena sumbernya juga kebanyakan berbahasa inggris. 3. kalo lu males hafalan atau benci banget sama banyaknya teori. karena awal lu masuk aja lu bakal berkenalan sama teori teori umumnya tokoh tokoh psi",Neutral
578,otak mesum ya kayak gini nih. tolol,Anger
4012,"kalian pernah punya pacar suka ngutang ga? ntah kepinjol,keluarga dan juga kalian kena, giliran ditagih bilang gaada dan enteng banget kayak gaada plan, betapa nyeselnya dia punya hutang kemantannya, emang si aku ga disuruh bayar, tapi watak nya ternyata bertolak",Love
2123,enak tapi,Joy
1429,kakak jd malu tau :(,Fear
771,anaknya jadiin model aja bund biar bisa balas dendam,Anger
2587,wahh semangat nge-date bestie,Joy
2395,semangat bebebkuu,Joy
7012,"ngilunya nyebar keseluruh badan, bikin lu jadi sesek napas juga, jadi kek gw suka lupa buat napas lagi saking mending gua tahan napas aja. pokoknya sakit banget ga kuaat tp gw keukeuh gamau berobat kek malash wkwkkwkw jadi gw diemin ajaa",Sad
1846,takut ditinggal ayang..,Fear
131,tiati bego beneran,Anger
178,bodoh banget gak sih,Anger
3740,suka banget kayanya sama tamao senpainya,Love
6411,"ya gimana ya gw sebenernya suka ngerasa bersalah kalo dia galau, sedih, ovt dan sebagainya kalo gw tinggal karaokean terus. tapi mau gimana lagi itu kan emang hobi gw",Sad
1811,anjwengg panik dikit ada,Fear
6193,"denise suara muu hcuwbxja omg sedih si u keluar dari sc tp gpp ayokk banyak"" up vid di yt and debut lg(?) wkwk",Sad
7029,"sempet ketika lo lulus, dan gue masih di kelas 3. iyaa gue coba bgt buat terpaksa suka sm orang, sampe akhirnya jadian & disakitin. saat itu gue udh lupa sm lo jujur. fokus gue udh ke mantan gue ini, karna yaa udh sayang juga? wkwk jadi gue galauin ni orang lumayan lama lah",Sad
2580,yok semangat yooooooook,Joy
4570,"kalo contoh di sini berarti kaya melebih-lebihkan kalimat gitu, ""this is a good reminder"" kan artinya bagus aja, kalo ""this is such a good reminder"" artinya bagus banget sampe yang melampaui batas normal gitu, kaya dihiperbola",Neutral
4695,"itu normal attack set is for hima maksudnya dia bisa make arte yg bonusnya na buat dps kayaknya, macam 4 gladi 4 hod gt",Neutral
2652,"aamin semoga lancar nder, semangat!!",Joy
4623,"dengan beredarnya vidio ini, semoga media2 online tv atau cetak, pada stop gausah beritain koronal koronol omrica omricon mercon lagi. biar semua kembali normal. karena kuncinya tuh ada di berita!",Neutral
2073,"hola kak wawa!! don't skip ur breakfast yaa,semoga harinya berjalan lancar,dimudahkan segala urusannya,dijauhkan dari marabahaya,semoga selalu ada dlm lindungan tuhan,janlup vitaminnya ya,semangat!! janlup senyum hihi,stay healthy & always be happy!! have a great day kak",Joy
658,syaraf bin edan..g puny malu goblok cebong tolol sama dngn s mukidi,Anger
1896,"kaget kirain akun temen ku, dn sama ava sama",Fear
5761,"aku gasuka valentine, aku juga gabisa gombal, tapi kalo kalian suka.. mending gausah deh. soalnya setiap hari kan udah hari kasih sayang, ngapain gombal kalo emng kalian udah teristimewa kaya coklat di hari valentine",Neutral
2606,semangat noona boleh abis ini sekalian bersihin akun gue :-),Joy
2221,yok semangat yok kaa xixi,Joy
3659,"waduh waduh, saya pecinta mcflurry mau maju deh. hallo, sender. pertama mau bilang makasih sudah menjadi manusia baik, nama saya rakael. biasanya dipanggil sayang si, hehe. saya suka banget mcflurry asli, yang oreo tapi. soalnya mcd deket rumah banget, tinggal ngesot.",Love
6783,hari ini gak bisa mikir jernih bawaannya sedih :') thankyou denise you're my favorite maknae,Sad
2379,"pagii semangat kegiatan hari ini, jangan lupa sarapan, have a nice day!",Joy
1447,pengen makan seblakk tp lagi irit duiitt takut ga cukup sampe akhor bulan wkwkw,Fear
5799,"jangan pernah merasa sedih dikala sendiri, coba lihat kelangit, mataharipun selalu sendiri tapi tetap memberikan cahaya sin",Neutral
342,"nah kan banyak homophobic nyampah di lapak itu foto mana kebanyakan dari indo lagi. mancing sih pake aplod segala, ujung2nya kan ada yang bawa2 w dan dia kena hate. bangsat emang yang nyuruh fanservice!",Anger
3372,suka banget liat orang lain senyum,Love
4559,"baru Sadar, bentar lagi ramadhan. kalau grafik naik bukannya sudah biasa? korban agen-agen konspirasi global dunia kuwalik",Neutral
6237,pagi² lagi da kena spam ending aot dengan demon slayer dekat tiktok murung weh sabtu ni,Sad
2527,"happy birthday ~ maknae on top nya dreamis, adek kesayangan abang jeno. sehat selalu ya adek. terima kasih udah lahir ke dunia. bahagia selalu, __",Joy
727,"nonton pilem, antagonisnya ngeselin, ""benci banget gue lihat muka lo, jijik pengen gue ludahin.""",Anger
5574,processed food sana murah n senang dpt. fast food restaurant tu bersepah n murah.,Neutral
976,makanya orang tuh kok ya aneh banget. suka overthinking gak jelas trus ngajak2 orang lain. jadi heboh sendiri,Anger
6743,"sedih,, dahla yen pun mahal ibarat beli usd",Sad
4917,halo pahari samandiai ada kabar gembira nih bagi para jagoan badminton di kalimantan gass skuy !! ramaikan perebutan piala kepala bnnp kalteng pada turnamen badminton se-kalimantan tahun 2022 dalam rangka hut bnn ri ke-20.,Neutral
1928,feelingku ga enak emang sama ini wkwk,Fear
3516,mau banget jadi bagian creative team yang bagian konsep konsep gituu. karena emang dari dulu tuh suka banget ngekonsep segala macem,Love
6805,sumpah sedih bgt ini,Sad
4819,"ini antara dia yg g paham, dia yg pake joki skripsi ato dia biasa kdrt nih aslii",Neutral
6891,"ayam mahal, minyak masak mahal, bahan mentah mahal. nak naik harga banyak kang customer marah. serba salah dibuatnya. tak tahulah sampai bila nak terus bertahan. ada tak peniaga f& b yang rasa macam ni jugak?",Sad
4304,"jadi diri sendiri itu gak mesti malu, dijudge itu hal yang biasa. hidup harusnya jadi milikmu bukan milik omongan orang lain. salshaabilaa",Neutral
3755,"pliss aku suka bangett sama au nyaa. keselnya dapet, nyeseknya dapet, sedihnya juga dapet. pokoknya sukaa banget, baguss ;3 ” aaaaaa demi apa sih aku kira kalian2 kayak kurang dapet feelsnya.. :( thank u sm udah mau baca tyi!!",Love
6794,bneran dia fix keluar? aa sedih,Sad
3940,"halo, salam kenaal! glody yang tag kamu di fcv aku pfp kamu chaehyun, aku suka banget chaehyun dari gp99 karena dia mantan sm trainee juga. kamu ngerp jadi dia kaah?",Love
1299,agak takut tapi gapapa.,Fear
4930,"pengadilan akhirat adalah pengadilan yg maha adil,,tunggu saja",Neutral
6499,pernah nonton filmnya bener2 sepi sih tpi boom! nangissss bgtttt,Sad
660,kucing apa anjg bangsat,Anger
1790,takut banget,Fear
1492,takut limit wkwkw,Fear
4758,"restu apa kabar, sarah?",Neutral
493,"eh, ngomong gitu di benci sama orang jepang lah jangan sampe kau ngomong gituan terus orang jepang ngangep negara kau nih gk benar etika ny",Anger
3647,"yaallah ini gue bgtt, now i'm not part of exol, tp bnrn sayang yg sayang bgt sm exo gabisa digantiin, jd suka mereka skrg sekedar nikmatin semua karyanya gt karenaa idk but exo always hit different dr lainnya",Love
5662,"terima kasih ke dosen ""makasih"" ke orang yg ga suka ""maaciw"" ke temen deket ""mksh"" ke orang yg selalu ganggu hidup aing",Neutral
6076,kita dipertemukan oleh sepi dan dipisahkan karna gengsi,Neutral
2315,awalnya badmoodd parahh tpi abis dengerin ini langsung semangat lagi,Joy
6571,"jangan lupa join pin ku yaa masih sepi huhu thank u, semoga cepet bigwin yaa",Sad
6516,lagi di fase sedih bgt gapunya siapa buat cerita,Sad
6416,"yg bikin makin sedih tu denise msh ngetik for my lockeys and member, w udh berenti nangis malah makin nangis",Sad
1085,"dichat dia sampe 20 pesan, ternyata tadi gue mimpi bangstt",Anger
6675,omg lagu tu!! dulu dengar sebab taktahu apa relation nya tapi dah besar baru tahu. sedih gila mv tu,Sad
6497,sedih bestie habis makan ga disuruh minum sama moots,Sad
694,"kamu sih protes, jadi kena marah kan.",Anger
1278,bismillah desiliun tp takut berat nanti hisabnya hh,Fear
3198,"alhamdulillah pagipagi dapet kabar baik i'm soo happyy yayy ayang jimin udah sembuhh, tinggal pemulihan abis operasi nya aja ya..",Joy
4995,karena dia punya keinginan/niatan kuat. iya kan? dia pengen bales dendam ke cheong san:(,Neutral
4781,tentu muhaimin iskandar senyum-senyum dikulum. ia baru saja mendapat peringatan dari pbnu. gara-gara..,Neutral
1621,"teman-teman aku mau kasih info, aku bawa pulang lagi kucing aku karna dokternya lagi ga ada di petshopnya. aku takut kucing aku stress jd aku bawa pulang dulu, nanti kalau dokternya udah ada di tempat aku bawa lagi kesana.",Fear
3693,"suka banget sm kacang, mungkin itu menjelaskan kadang gw agak ""nuts""",Love
3708,nder kece banget serius suka bgt keren mantap lopppeeee,Love
3944,"kata orang, cinta itu artinya suka sama suka. kalo bagi aku, cinta itu artinya suka sama",Love
2561,semangat terus berkarya kak!!,Joy
4949,"gak kok.. biasa aja, kalah menang tuh biasa.. yg penting udah pernah menang 4-1",Neutral
4794,boom pernah meng-sms hyoyeon sekedar menyapa setalah berakhirnya iy2 tapi ia mendapat kecewa karena hyoyeon melupakannya begitu saja,Neutral
67,bacoot kadrun emang bangsat,Anger
5551,"para kecoak dan tikus curut setiap pagi sarapan dengan melakukan onani imajinasi lewat tagar yg mrka but sendiri. iya, karena cuma dengan cara itu mrk bisa merasakan senang dan menang",Neutral
1731,"lho kaget, baru Sadar",Fear
6620,sedih gua jadi ga depat anjirr,Sad
2269,semangat pagi bang.. salam dari madiun.,Joy
4984,"dijelasin knp tubuh inang bisa kalah krn keinginan hidup virus jauh lbh kuat. nah untuk kasusnya gwinam, keinginan hidupnya lbh kuat krn dia punya dendam ke cheongsan, makannya dia ga kalah dn masih bisa Sadar dr virusnya",Neutral
6535,"ya allah ya balik atuh, sepi gada kakak",Sad
5577,yg enak yg mana,Neutral
3447,lulu bggtt cinta bgtt mana suka sayuran brokoli lucu bgtt gemess selalu kepo endus2,Love
2367,semangat!!,Joy
4189,kasih itu menutupi banyak kesalahan..kasihilah musuhmu..bagaimana engkau dapat mengasihi tuhan yang tidak kelihatan bila manusia yang terlihat saja tidak dapat kau kasihi,Neutral
6698,"gila.. lockey kalian stay strong ya ga kebayang klo ada member yg keluar kalo ada berita member kluar, entah dari grup manapun, jadi ikutan sedih smoga trejo aman2 sampe kedepannya",Sad
2512,"haloo my Lovely jejee, gua gapapa kok hehe, lu jugaa semangat yaa",Joy
2723,"uwah semangat, besok lusa ya",Joy
6029,"normaly 1 jam itu 1 juzz, perlu waktu 30 jam untuk khatam. sementar 1 hari itu 24 jam, maka perlu percepatan waktu utk khatam 1 hari tanpa makan, minum, istirahat. percepatan 2x saja terdengar suara kusut apa lagi 7x. yg seperti dia nggak perlu dihukum, bakal mati sendirinya.",Neutral
5229,download video 2021 indonesia terbaru,Neutral
1143,buset ngeri bgt,Fear
6270,sedih bgt liatnyaa jd ikutan nangis,Sad
6069,"wkwk gapapa kok, sedih kaya gt wajar..mending nonton moment bw dah skrg wkwkw.. kalo ga rewatch 2getheer..",Neutral
4371,aku ini multi talenan karna ketutup sm rasa malas saja jd nya tidak terlihat bakatku,Neutral
3789,"ga semua cewe suka cowo yg ganteng, kadang ada juga cewe suka cowo yg ganteng banget",Love
2220,senang rasanya sehat kembali makan normal habis smpai bersih piringnya melihat senyum ibu2 semringah seorang penjual,Joy
2331,"happy saturdayy , semangat buat hari ini! have a nice dayy ;3333333",Joy
6990,"w kalo mimpi ngomongnya pake b ing atau lainnya selain indo pas bangun suka capek banget, kepala pusing. apa banget dah",Sad
4667,"hentikan, kukira kalopun mau pindah saran saya pilih kota madya saja saya kira mampu di permak buat ibukota,ngak memulai dari nol,inget biaya inves mahal+ kesuksesan masih ngambang+ kerusakan lingkungan akan lebih besar tolong pemerintah memikirkan itu, saya setuju pindah ibukota",Neutral
4088,"menurut kabar, burung temen ane lagi sakit",Neutral
1967,"ada ga sih cewe yang tulus ke aku, takut patah hati",Fear
5537,dr playlist semangat pagi,Neutral
423,"no 3 kaga bener banget menurut gua mah. woii mencegah perzinahan ya lu tahan napsu bego jangan minta poligami. sekate kate banget minta poligami cuma buat muasin nafsu sendiri, jerk. dan no 4 menurut gua penyampaiannya salah distu seolah olah istri ni cuma alat pemenuh kepuasan",Anger
6130,jam segini udh bangun sedih bgt :(,Sad
1904,"sabar ya mbak, bingung mau berkata apa. kalau aku pribadi jdi mbaknya bakalan marah besar sih",Fear
6417,sedih ya,Sad
3917,chen suka banget sama lagu machine karena sewaktu rekamannya susah banget jadi ngga terlupakan buat dia,Love
3618,"good day cantik! selamat pagi, udah sarapan belum? aku udah makan tahu bulet tadi sama sotong, enak banget deh, kamu suka ga? suka aku maksudnya :p kamu cari yang bisa pda? pas banget all packages punya aku udah inc pda, karena emang ini anaknya bucin puoll",Love
839,"profesor begini, saya resign dari kampus mendingan, bikin malu almameter, kesel",Anger
4333,untuk yang mau pesan kerudung silahkan ke,Neutral
141,bangsat banget,Anger
6937,gak enak rasanya,Sad
1377,maaf ya sy mau ngetik agak ngeri. hukum mati aja pak/bu . semoga ketikan sy tidak salah dan tidak berdampak negatif kpd semua orang. aamiin,Fear
3674,"sebagian wanita suka banget dg kalimat yg diucapkan oleh pasangannya. salah satu kalimat itu adalah "" yank, sini aku checkout kan sopimu""",Love
5502,"erick thohir menjelaskan, tujuan gerakan et ini dibentuk guna membumikan semangat bertani masyarakat. ia pun ingin agar masyarakat dapat memanfaatkan lahan perumahan menjadi lokasi pertanian.,",Neutral
6939,"ihh pdhal enak yang beras merahh, malah diganti, syeddih",Sad
3808,"dule : si yang paling are u sleeping?brother john? haha. temen lawakku. ucik : si paling dewasa, sabar bgt hadapin aku. cik,bagi hotspot,cik kantin ibok,cik aku gembel bgt ga?. suka aku repotin juga kadang kadang onik : kadang kadang hebring sendiri, tapi aku sayang.",Love
1138,"plis nilai akm keluarnya lama banget, takut",Fear
2257,semangat fa,Joy
1787,ada masalah apa tigrealnya? aku sebagai user tigreal malu bgt,Fear
3938,dia tuh anak word of affirmation banget bund kaya aku wkwk maaf ya aku suka cheesy juga,Love
4578,ga usah mewek biasa aja.. ibarat pepatah sekali merengkuh dayung berenang-renang kemudian..,Neutral
459,"ioe la wax nga doug si yeufou xalei,lolou nga tolol",Anger
6468,"gak bisa dah, dari semalem dah sedih bgt e, gak sampe nangis wong masih ada 6 memb lain, lockey semangat ya mesti bisa og",Sad
948,"aga emosi pengen datengin ksy terus tanyain ""elo udah punya pacar beneran ga si? emosi banget, suka tmi ke anak yang ngecrush in elo, gelud kita yokk"" ayo lanjut lagi pengen marah2 tapi gada hal yang mau ku marahin",Anger
3700,"pakai spaylater enak bgt apalagi bonus shopee byk (free ongkir), aku pengguna baru shopee suka banget, contohnya ini lagi perlu tapi belom gajian & spaylater ngebantu banget,jadi belanja dulu bayarnya nanti pas gajian",Love
1336,"anehnya lagi ada anggota, kaget kok bengkak anggaranya",Fear
5636,"setuju banget, lama-lama juga agak gimana gitu liat yang suka bilang begitu.",Neutral
1602,bingung nonton skz apa treasure.. beda bulan tapi takut menyesal karena ga ada waktu,Fear
2238,semangat sender,Joy
639,"ini bukan rp, dan juga jelas dong banyak minor plis jangan bodoh kirim ginian ke base",Anger
6833,"sedih euy, sedekade yang lalu fans emyu berani nyindir semua rival rivalnya. fans emyu sekarang cuma berani nyindir arsenal doang, karna tau diri.",Sad
3830,mama juga sering dengerin cerita-cerita random gue wkwk kaya keseharian gue apapun itu. suka banget kalau udah curhat sama mamaa and i Love her so much,Love
4879,"wkwk sama nderr tapi aku santai aja sih soalnya ada jaehyun, tmn rl ku yg ngatain q galakun pun cowonya modelan .. ah sudahlah",Neutral
6324,sedih kiraiin lemburan ampe malem dibayar ternyata kaga,Sad
1070,lebih bagus elo murtad dari pada ngaku islam tapi bikin sampah di islam.malah ngotor ngotorin saja,Anger
155,suka nih yg bikin emosi gini jadi tag aku dong kack,Anger
2295,"enak kalo masak telor ceplok, margarin yg masih nyisa ditaruh di nasi behh",Joy
6750,dikit bangey baru juga beli belum sebulan udah mau habis sedih banget agak mahal juga tapi cocok sih lumayan nyobak yg wardah gk cocok soalnya di aku,Sad
1089,pasti profesor goblok satu ini baru saja ngelonte mkanya pemikirannya jadi seger gini. bagi org kafir ngelonte itu ibadah yg utama,Anger
2940,"kaget ngeliat notif, disebut kqkwkw",Joy
5985,"congrats kak fik, tuh tak kasih congrats biar ga sepi sepu amat",Neutral
930,"orang mah enak punya tempat curhat *selain tuhan ya maksudnya* lah gua kalo curhat ke sape? guamah ngomong bener bisa disalahin, apalagi salah huft",Anger
2909,seneng deh solonya mark bukan lagu marah marah mentok karena w gasuka lagu marah marah wkwk,Joy
6202,sedih juga ya ninggalin rumah yg udh belasan tahun ditinggali :'),Sad
6491,dua tiga lari pagi lama-lama gakuat beibih mas crush pergi aku sedih,Sad
3247,"kemarin mencoba wedang ronde jago salatiga. memang beda dengan wedang ronde biasa selain isian bolaa"" rondenya yg padat, ada semacam manisan jahe di dalamnya, renyah dan tentu saja nampah pedas jahe perlahana"". mantap",Joy
6425,gw kayak orgil ngulang2in child sampe nangis apaansi:( gue sedih bgt liriknya anjengg,Sad
6962,gk enak bgtt iki,Sad
6264,"huhuu sedih gak sih, sorry ya gw harus isoman 2 minggu keknya",Sad
6111,"5 feb, hari ini flight balik jakarta. 12.50. sedih, degdegan, mixed feelings banget ampe deg""an. apalagi tadi dipeluk gitu pas bangun tidur. ck",Sad
6593,noo eter niat mau nyari kembarannya malah sedih bgt,Sad
1698,"takut banget, nggak ada tempat nyaman lagi buat cewek ""cowok memang otak sangean semuanya"" ""pengen pindah negara rasanya"" begitulah kurang lebihnya",Fear
6656,gara gara fanart yg itu gue kalau liat thomaya jadi sedih mikirin yoimiya,Sad
7039,relate banget sampe suka dikatain sombong,Sad
6117,yahh sedih bgt,Sad
3831,"wajarlah cewek suka kangen, biasanya setiap malem ada yg ngucapin ""sayang, makan sana, nanti jgn tidur malem2 ya"" tapi sekarang gak ada.",Love
6446,"ga pernah mimpi ttg treasure, sedih banget. harus gimana biar mimpi ttg trejo?",Sad
6436,"kebawa mimpinya aku sedih sm cewenya, aku pen liat dia bahagia",Sad
985,"setuju, makanya kadang gue suka gedeg sama yg pro sm banget kayak anjir mereka aja urus artisnya ga becus",Anger
1821,tapi takut klu egois,Fear
587,"masih pagi makannya begini. pdhl baru beres sikat gigi. perut jd kembung krn minum air hampr 500ml. klo diingat - ingat kmrin g mkn berat samsek. pagi mkn roti, diskul mkn kue sm puding. pulsek.. ga ada, cm tidur. stress bgt menguras emosi. tidur tp kek tdk tidur",Anger
6751,lupa banget caranya nangis.. kadang biar nangis gw pancing pake nonton film sedih ttp aja susah.. gmn ini ya takut sistem air mata udh ga bereproduksi lg,Sad
4901,"sedikit kepikiran, kereta saja bisa begitu; apalagi hidup manusia. jika ada yang ""menghambat"" hidup seseorang, secara Sadar atau tidak Sadar maupun langsung tidak langsung mereka juga menghambat hidup orang lain.",Neutral
6441,apaansih ko jd sedih,Sad
7035,"bener sering bgt mikir kaya gini, terus kalo liat muka emak pas tidur langsung banjir banget. kaya ""pasti cape ya mah "". suka tiba2 nangis aja liat mamah diem2 gitu. sampe aku bilang "" selagi senyum mamah masih ada, semua masih baik baik aja"" tiap kalo aku mau nyerah",Sad
4482,wes tak sepurokan,Neutral
5617,"wts rp receh 2±400f,15k ?acc 2, verif all ( dapat email & pass ) 2, masuk ht & mt non moots (boleh test) 2, enak dibuat upfoll 2, go green 2, dapat wa ba verif 2, mastip 17 maret 2022",Neutral
3557,"sedikit cerita hehe jdi gni, gue pernah d tembak nihh dan gila dia bawa temen2 nya juga dong trs dia niat juga bawain gue coklatt, coklatnya banyak banget lgi karna dia tau kalo gue suka coklat",Love
1395,emm malu banget,Fear
264,"jujur gue malu jadi orang indo, kok bisa tinggal senegara sama orang2 bodoh kyk gini semua",Anger
3547,"sate aja, anna kan suka banget makan sate",Love
4411,"kangenn, kee apa kabar?",Neutral
6458,udah buka mungkin abis imlek mau order roti srikaya dulu buat ngopi. sisa yg pandan aja jadi sedih yg lain sold.,Sad
4986,"hanya orang bodoh yang mati demi cinta, aku akan bertahan hidup untuk cinta. (ryo saeba ~ city hunter)",Neutral
3864,"sumpah sekeren itu, gila banget mark tuh kereenn bangeett bagus banget, sukaa. style bajunya jugaa, suka banget, so mark intinya",Love
5874,"ga blh sedih"" yaa",Neutral
2400,lo harus semangat nan yok semangat yook,Joy
5111,"..dilarang bodoh !! setujuuuuh.. selamat tinggal kebodohan, selamat datang kecerdasan siritual dalam ahlaq. aamiin..",Neutral
3711,"tapi, gue suka bngt sana guru smp gue ms. riri, gila accent britishnya Love banget kalo ngajar berasa denger harmonie lagi ngomong.",Love
246,"di satu sisi, kalopun emang proses kemaren gue gagal, gue gapapa banget minum obat lagi. yang penting kelar. please banget. gue udah benci banget di situasi di mana gue cuman keep rasa sakit sendiri dan gue susah kemana mana. benci banget.",Anger
1594,ngeri skrg dikantor ada sisi tipi yang bisa ngomong,Fear
6881,matimatian berusaha sayang sm diri sndiri malah d buat benci sm diri sndiri lg cm krn perkataan orang.,Sad
4776,sudah biasa,Neutral
923,"sering banget update sw, pas abis minjem duit eh, kukira kontaknya udah terhapus anj.. foya-foya sambil ngumpet gak enak tau, bangsat",Anger
6575,sedih tapi apapun hubungannya at the end of the day bakala tetep jadi strAnger gak sih?,Sad
669,"berarti gravity probe-b sudah menyerah? oke. fix. kamu ini baperan, bodoh dan ingin terlihat pinter. ngaku psnteis, yang dibicarakan perasaan. huek. pakai simbol biar kelihatan anak pinter ngerti atom, padahal nggak tahu apa2. malu aku malu, karena ketahuan bohong",Anger
3604,"duhh alus banget masnya pas ngomong ""soon guys, soon"" heheh suka",Love
1910,qaqa jangan marah marah.. takut nanti cepat tua,Fear
6327,akun baru sepi amat :(,Sad
3958,"kenapa aku suka senja? karena negeri ini kebanyakan pagi, kekurangan senja, kebanyakan gairah, kurang perenungan. {sujiwo tejo}",Love
2696,senasibb wahh ada less semangat yaa kak jepp jangan lupa minum air putih yang banyak!! have a great dayy,Joy
2591,ayoo kyy kita semangat bareeng ;3 ramein opmemnya wixst yaa!!,Joy
1781,"kaga kak, gua cuma masih kaget..",Fear
3013,"wkwk padahal kemaren gw dah siap siap nahan malu, untung gajadi",Joy
2307,"yang diharapkan itu pacaran dengan langgeng dan bahagia, kalaupun sekalinya menjadi mantan aku ingin kita menjadi teman bukannya musuh.",Joy
6816,terkadang disitu sya merasa sedih,Sad
3690,plis suka banget cibi2 gini lucukk,Love
687,"pas ketemu, ngak jdi marah, jdi tambah syg hmm",Anger
612,si kapitalis politik yg bodoh,Anger
3200,yaallah kabar baik bismillah yaallah ini jalannya,Joy
2267,morningg irish.. semangat hari ini,Joy
6786,aku sedih,Sad
5374,kaget kan lo,Neutral
1898,takut sepi tapi yang lain tak berarti.,Fear
4466,"hi, kak ryan. diar konfirmasi terlebih dahulu, apakah hanya pada saat akses apple tv saja atau akses lainnya juga kak? -diar",Neutral
258,bego bgt knpa maksa ya,Anger
2924,"be mine iphone 12, my dream!! shopee jangan ragu untuk pilih aku sebagai pemenang nya ya, aku akan menjaga nya dengan sangat baik.",Joy
2822,semangat mar..,Joy
3339,"suka nih netijen yang kayak gini :) otak"" detektif gw like banget",Love
3525,"seru banget, terlebih gue paling suka genre fantasi + tema kerajaan",Love
2285,semangat,Joy
484,pertanyaan salah jawaban salah jawaban salah emosi salah emosi salah keputusan salah keputusan salah tindakan salah tindakan salah hasil salah hasil salah nasib salah nasib salah hidup salah,Anger
2211,aamiin yaa rabbal'aalamiin semangat,Joy
4372,kasi sangsi sosial saja..,Neutral
2555,semangat ya kak nanta!! semoga lancar operasinya terus cepet pulih deh semangat kakak hebat,Joy
7,masih emosi sih sama katla kemarin. mana keterangannya gini aja. ((hasil mengaci)) kzl.,Anger
3657,"mungkin setiap orang beda2 kali ya..tapi kalok aku pribadi suka banget kalok ada yg minta maaf pakek surat kayak kesannya manis banget bahkan semua temenku udah tau trik ini itu jitu banget.. jan lupa kasik surat sama coklat juga, ya itung2 nyogok tp serius deh, itu manis bgt kayak bikin jatuh cinta",Love
6208,jangan sedih dong karina,Sad
2426,oalaah.. rajin ya ydah tetap & trs semangat ya,Joy
1814,"ahaha betuls, takut kayak yang waktu kemarin udah pede salah nah yang sekarang bener",Fear
2274,selamaat terus semangat yaa sender,Joy
1011,"rame banget mall. kenapa juga semua orang pergi ke mall hari sabtu, minggu aja gitu sekalian. keluh kasper. ada lima belas menit mungkin mereka berputar cari tempat untuk parkir. ini salah satu alasan kenapa kasper kurang suka menyetir dikota, susah sekali parkirannya.",Anger
4782,tetaplah santai meski hari ini ada olimp,Neutral
1067,pengen mengumpat seperti biasa.,Anger
1991,semoga baik baik saja,Fear
3970,"huhuu makasih ya min udah buat ga ini aku suka keduanya , pertama tama qiao tuh baik banget sama orang-orang, padahal orang itu baru dia kenal dan qiao juga ga segan segan-segan buat nolong mereka, lao yan juga gemes bgt kalo lagi deketin qiao, aku suka bgt keduanya",Love
5023,memang bagusnya denise sendiri yg klarifikasi biar lockey ga fitnah sana sini kalo dari agensi nanti dikira denise yg dikeluarin padahal ga mungkin vine melakukan hal bodoh,Neutral
3867,suka kagum banget sama cowo yang ambiss sama masa depannya,Love
6311,please sedih bangett,Sad
3048,jenius banget sihh makasihh kamu belajar darimanaa,Joy
781,pagi2 pasti emosi,Anger
6871,"gw terlalu kepo,seharusnya gw gk tau jadi tau tapi mau gmn lagi pas tau rasanya benci banget sama dia tapi di satu sisi gw kasian harus gmn juga gtw jadi ini hanya rasa kasian sj",Sad
1749,takut sm sembi,Fear
2791,"susu kenyot, lebih enak minum langsung dari sumbernya",Joy
1091,"nama satu orang tercemar saja melapor ke polisi minta diusut tuntas..lingkungan hidup dgn biota jutaan makhluk hidup saja, tak satupun ada yg lapor ke pak polisi ..berarti biota lingkungan ini lebih bisa mawas diri koreksi diri..!! alloh lebih menyukai hamba pemaaf ..!",Anger
4877,kita ikuti saja wan abud mentok sampai dimana ..,Neutral
6027,"jika kau tertawa kau akan bahagia, walau disaat sedih apapun",Neutral
5889,iyh ak tw sepi jg ko. ak buka ya kdng2 apdet bias doang ama scroll2 tok.,Neutral
2608,"isi kepala gue""why why why kill my night"", alias child enak banget, muter dikepala terus. mark lee lo keren bangett.",Joy
5804,kegaduhan yg ditimbulkan dan efek demo bersilit silitnya sampe skrg ga ilang2. meski pd akhirnya mrk marah krn kecewa jebul sing didukung malah pada dadi mentri kabeh,Neutral
2290,kamu harus bahagia ya.,Joy
1727,pasarannya emang segitu kah?? kaget t__t,Fear
610,"iya cakep, emosi nya dapet banget pagi pagi",Anger
343,pagi2 udh dibikin jengkel. heran,Anger
5520,kok bisa kamu semangat,Neutral
3750,ini ada bukunya ngga sih? kalau ada mau beli huhu. soalnya gemes banget. aku suka model yang ada ilustrasinya gini.,Love
3215,"pagi pagi disambut sama kabar baik dar jimim gimana nih rasanya? semoga hari ini mood baiknya terus terjaga sampai akhir hari yaa! jangan lupa jaga kesehatan juga biar jimim ga sedihh, have a nice weekend Lovely a‚^ a· ^a‚Ž",Joy
97,capee lagi puasa ada aja yg dibikin marah nya tu,Anger
4434,"karena kamu tidak terburu-buru, saya baru avail sekitar bulan maret. bulan ini saya hanya menerima hourly rent saja. silakan hubungi ibunda saya (jika ada yang ingin kamu tanyakan. i wish you a good day, sender.",Neutral
1537,duh bukan lagi mah..takut kebakaran,Fear
3588,pengen jepit k$n+l suka banget gaya dudukin top,Love
3648,"aku awalnya kan lagi scroll ig tu terus liat jae di podcast apa ya lupa nah kata katanya tu ngena banget, awalnya aku kira dia motivator terus cari cari di youtube taunya punya lagu juga, awal aku denger lagu dia yang pacman langsung suka si terus dari situ",Love
5633,itu makanan kesukaan dia kan? entah makanan kesukaan dia atau dia emg suka sama ayam itu. dia juga bbrp kali mentioned ayam itu di livenya,Neutral
1517,awal smt 3 ada rekrutmen buat asdos mo daftar maju mundur takut ilmuku belum cukup,Fear
6225,"bangun, ngumpulin nyawa, tiba-tiba ngerasa sedih.. ""anak jepangku kemana ya?!"" inilah gambaran pagiku selama dua minggu gada kabar dr tp harus ttp semangat! pasti bisa!",Sad
4272,apple dikabarkan akan luncurkan iphone dan ipad 5g murah meriah bulan depan,Neutral
3669,"gue bersyukur banget kalo liat ada cowok yang stand with the victims. karena sesama cewek aja kadang suka ngejatohin victims dan bilang, ""gue juga cewek tapi gue ga gitu.""",Love
2090,hormat kepada angin semangat everybody. nanti kita akan selesai pada waktunya.,Joy
572,"ahay bocah tengil tolol, cuma pintar foya2 ngabisin hasil warisan. mumpung masih banyak warisan, terusin aja halunya.",Anger
6431,aku sedih nder:(,Sad
5876,"beria lah hype cerita ku kira kau rumah tu, tgk tgk tak sedih pun.. ni semua marketing indo ceh",Neutral
3062,bener banget .. aku baru suka khh sekitar 1 bulan ini dan mulai mendalami dan segi rapper dan agensi mereka but u know wait agensi aomg dan h1ghr music yang di pegang dan di kelola jaebom bener2 hebat dan di isi segudang prestasi artis nya,Joy
6951,budayakan mengeluh jangan semangat,Sad
5120,itu namanya garang tapi tetap bego,Neutral
4577,"hanya saja dalam madzhab syafi'i, demi kehati-hatian, kalo nyentuh anjing perlu dibasuh 7 kali yg salasatunya dengan debu. alasannya jelas, karena anjing biasa menjilata"" tubuhnya, jadi dikhawatirkan terkena liurnya. lah kalo babi, ga ada ayat atau hadits tntg itu.",Neutral
6383,"jalani isoman karena covid-19, enno lerian sedih tak bisa peluk anak",Sad
370,kenapa bangsat,Anger
1938,"aku di sini cengeng, suka misuh, tiap hari ngeluh, belom lagi kalo ngomong kasar, jadi tau aku aslinya kek mana. takut aja kalo ada temen rl nanti yang ada makin gak nyaman sama aku. jadi kalopun ada temen rl yang aku ajak ke sini, i know i trust them.",Fear
4997,"hargai orang lain, siapapun itu, dan jangan pernah menaruh dendam kepada siapapun.",Neutral
6108,"jibe kajja lah.. sedih bgt bye.. nangis di rooftop juga sedih,",Sad
3670,dulu pas ngekost demen banget ua makan solaria tanpa perlu jadi simpenan omom,Love
3652,guee cintaaa banget sm makna lagu child,Love
2361,hehe semangat ayang,Joy
4260,kok ono se,Neutral
4397,saya setuju dengan segala statmentmu tadi hanya saja khusus indonesia untuk diiplementasikan seperti itu amatlah berat. bahkan pemerintah pun jika ingin bikin kebijakan seperti ini agak sulit karena bakal banyak pertentangan dari kaum maha suci baik verbal maupun fisik nantinya,Neutral
6376,sedih bgt pagi pagi liat saldo ada 26 rebu,Sad
3737,demi apapun ini baguss banget. aku nangis selama baca ini. emang bahasannya agak berat. tapi aku suka banget bacanya. haish jadi pengen baca buku historical fiction yang lainnya :(,Love
7027,"rindu sekali dengan ipe, rindu tempat saya menangis, orang yang saya jadikan alasan untuk suka dg buah naga. (foto ini diambil ketika kt memperjuangkan ugm, dan melepas penat belajar ke pasar kangen yogyakarta)",Sad
4868,"kasusnya akan muter2 begitu saja, karena merekalah yang megang kendali saat ini.",Neutral
4900,"rumit, kata pertama yg terlintas di kepala tiap ada karya oriol paulo yg keluar. krn kali ini series, kegilaannya lebih parah dari biasa dgn durasi yg lebih panjang dari kebanyakan film yg dia buat sebelumnya.",Neutral
1171,cuman kaget tok,Fear
5784,"ada yang suka baca wattpad ngga? aku ada wattpad prem sharing sebulan gakepake sayang banget:"" belinya tanggal 2 feb, yang mau rep aja ya.. yang duluan aku dm. maaf pinjem ht",Neutral
1422,"sekarang kalau upf fee di awal aja kali ya, ngeri bgt hnr",Fear
6347,"sedih bgt pas di tempat fc lek2nya masi nulisin ""menerim isi lagu2"" ;( lek2nya udh tua gitu",Sad
6226,"terbunuh sepi 8/10 bukan lagu boyband, tapi dibawain mereka jadi keren bgt dg harmonisasi yg wowow bikin mrinding, disini bener2 nunjukin kualitas vocal mereka sih",Sad
4641,"1. tikung dia di sepertiga malam 2. sebut nama dia waktu solat hajad 3. chat an, bahas apa aja (terutama tugas) 4. (gue pribadi) ga suka terlalu clingy, biasa aja ges. tp klo dia udh mulai excited bahas sesuatu nah disitu lu boleh berlebihan",Neutral
874,kmana aja kliaan.. ?? kok bru kaget sekarang ?? freak,Anger
2297,"pasti kuatt, semangat semangaatt",Joy
2643,pagii jangan lupa bahagia! km berharga! hrs inget yaa! hv a nice dayy,Joy
6131,"mimpinya kayak nyata, diakhir-akhir dia pergi, nangiss aku sedih beneran anjir, rasanya sedih pake banget",Sad
840,"jika kita tidak membangun apakah lebih kaya!? kalian khawatir indonesia akan dapat dana yg sangat besar dari timur tengah dll, mengawatirkan ya? bisa maju negara ini? sulit dibodohi.",Anger
581,electro batman emang bangsat sih,Anger
204,"mestinya yg benci pemerintah di obatin sampe sembuh,tdk hanya covidnya yg sembuh tapi sakit hatinya juga sembuh..",Anger
1641,"kaget plus deg-degan pas ada pelanggan cewek yang negur saya pas lagi nongkrong di cafe. kayaknya si anak kedokteran ya, bening sama cantik bat, heran. mana suaranya lembut bat lagi, jadi keinget suaranya kak yessica",Fear
2014,"aneh bgt perasaanya ga enak gini. kek degdegkan, sedih, takut gt. bismillah smoga lancarr aamiin",Fear
3253,dari kemarin aku coba tahan buat gak buka twitter sekalinya buka dapat kabar kalau jimin sakit. kaya langsung nyesek gitu. tapi pas dia bilang kalau army ga usah khawatir. gimana ga makin nangis? tapi aku bersyukur sekarang dia udah sembuh. sehat terus ya anak baik. luv you,Joy
5021,"lah itu mah kesntuh semua sarafnya, stres sedih marah frustasi cemas mual tegang langsung bablas ilang mana cantik banget genggamannya",Neutral
905,"kadang jdi anak yg ga dibolehin bawa motor kemana mana tuh ga enak anjirr. contohnya gua, setiap ada acara kelompok pasti kudu nebeng ke temen. kan nyusahin bat anjirr udh klas 12 masih tetep kaga dibolehin heran",Anger
631,"emang benci bngt si kalo liat"" komen di tiktok, kalo maen tiktok jarang buka komen biar gak emosi sendiri wkwk",Anger
5011,orang bodoh bisa berbahagia dengan kebodohnya,Neutral
5304,yang serius wa aja saya enggak menerima brondong yang malu,Neutral
1974,takut banget kalo sampe nikah keluarga ga suka. trus cuma datang langsung pergi kaya tamu. kalo gitu kan kesan gak sukanya emang keliatan gt ya.,Fear
162,semangatt walaupun dalam hati berkata bangsat,Anger
5510,"rehat sejenak dulu kok, kalo dah full gaskeun lagi biar enak",Neutral
6355,sedih,Sad
6717,sedih bgt bgt ah bias gw!! denise,Sad
875,"kok bisa bisanya kaget, bukanya ente yg ngawas? -_-",Anger
1431,"udahh, tapi takut kalau dia ngecek2 pakai akun lain. dulu aku priv, aku buka lg krna pengen rep base. ah, jadi ga nyaman banget, masa ginian aja sampai harus priv mulu aku ingin bebas",Fear
5961,"semoga allah melimpahkan banyak rezeki orang orang yang bersangkutan, agar tidak membuat sedih mama dan saya, dengan tidak mengambil alih pesanan orang. semoga allah menggantikan rezeki baik berkali lipat untuk mama agar bisa terus membayar cicilan rumahnya. aamiin.",Neutral
4698,"saya mau alih profesi, narik (taksi) online jadi sampingan saja,"" jelasnya.",Neutral
4490,"hallo ! tahukah bahwa terdapat bukti yang menunjukan bahwa sars-cov-2, virus penyebab covid-19, dilaporkan juga dapat menginfeksi hamster. apa saja sih yang perlu ketahui tentang infeksi sars-cov-2 pada hamster?",Neutral
2856,"happy birthday anak baik, anak manis yang selalu berharap dapat membahagiakan orang, dan tanpa ia Sadari dia sudah menjadi obat penenang terbaik asteroid! bahagia terus ya! __",Joy
1861,iya makanya gue takut banget,Fear
2659,"gaa, oke semangat nyucinya",Joy
3384,"pepatah lama bilang : ga ada suatu pertemanan/persahabatan antara laki2 & perempuan, dimana salah satunya pasti suka/jatuh cinta sama teman/sahabatnya itu. even if it's a platonic Love, it's still a shape of Love. lagian lu dulu jg sblm pacaran kan temen biasa juga. so..yeah",Love
6496,"buat kamu fans emyu tetap sedih dan jangan semangat ya, aing sering kok ngalamin kek gini di football manager wkwk",Sad
5388,"jangan khawatir curtis jones ada di list b, jadi masih punya kesempatan lihat gocekan maut jones di ucl nanti.",Neutral
3331,suka kasih something ke pacar jadi kalau kamu milih aku gaakan bosen dan bakalan dibuat happy terus hehe kalau kamu tertarik bisa langsung check carrd aku atau dm ke agensi aku disini see u,Love
6824,gak tau tp dengernya sedih bgtt,Sad
5317,ini telat sih tapi ada 1 line dari au kamu yg paling memorable lupa structure kalimat spesifiknya gimana tapi seinget aku bukan karena tegang tapi karena sayang.. - gak telat sama sekali tell me anytime amd i'll still listen. aku ..,Neutral
4925,"ono loro sik luar biasa wekyu koe berlinang air mata, terus ngucapne selamat tinggal selamanya.",Neutral
2096,semangat buat hari ini!,Joy
2003,"tdr gua knp gabisa tenang si, ya gua tau setiap hri hrs bgun pgi, tp setidaknya ksih wktu buat ngumpulin nyawa dl kek, pala gua suka tbtb pusing hrs lgsung gerak bantuin ini dan itu, ya tp gpp si udh biasa jg. mana klo lg tdr kdg suka diajak ngobrol.",Fear
546,jangan memancing emosi pagi pagi,Anger
1449,tbl tbl tadi di cek darah akunya lg degdegan takut hasil ny suruh transfusi pls pls semoga lgsg operasi malem ini,Fear
4894,manusia normal = ingin menjadi anime,Neutral
2610,"good pagi pagi on this partly cloudy saturday dipagi ini, happy day off n semoga harimu menyenangkan semangat theaterannya hari ini",Joy
1900,"jangan pernah benci sama orang, bisa aja dia jodoh kam",Fear
5576,kalo support enak keknya combo sama ayaka,Neutral
2757,semangat nyucinya ayah,Joy
1885,"iya ya dulu ifnt banyak muncul di variety shows, lvlz lumayan meskipun lama2 mulai berkurang juga. ga ngerti deh di balik layar kek apa soalnya dunia showbiz kadang bisa ngeri banget kompetisinya.",Fear
6842,"ahaha sedih banget tau gakk, mau sampe kapan gini terus",Sad
2097,semangat yaa. banyak penyesalan yg udh terjadi harusnya pada saat ini gaperlu disesali. yuk bisa yuk buat nata lagi hal hal yg lbh baik,Joy
6154,"soobin :( aku sedih peliharaan kesayangan ku mati. i can't stop crying. kmrn tiba2 g mau minum trs lemes jugak, klo ke dokter hewan jauh dr t4 tinggal ku. i can't lose her :( wht should i do :(",Sad
6354,tiap pagi sedih :),Sad
836,ngentott cacat kabeh toto kromone,Anger
3471,jadi creative team yg bikin konsep comeback huhu pasti seru bgt brainstorming bareng idol idol ato ga jd manager karena gw suka banget jd mom friend wkwk,Love
6793,kayaknya gue emang harus beneren kudu dengerin si zeco buat kali ini deh wkwk. sedih juga deh gue kalo gini-gini,Sad
2171,"disini rian, enak bgt klo buat lanjut tidur",Joy
6081,sedih bener niih club ya,Sad
6026,"rangnick: ""siapapun bisa membayangkan bagaimana yang dirasakan elanga. dia hancur dan benar-benar kecewa."" (bbc)",Neutral
398,"kyak gini nih manusia paling tolol! dikit dikit bawa agama, pola pikir goblok berkedok agamis.",Anger
2010,"sore - sore harusnya bisa tenang ini malah deg""an gegara dikagetin gk jelas",Fear
6799,tiba2 sedih terus nangis,Sad
1283,"tau kan rasanya, mau lanjut gabisa melek takut nabrak",Fear
4977,"hanya orang bodoh yang mati demi cinta, aku akan bertahan hidup untuk cinta. -ryo saeba (city hunter)",Neutral
5168,"di liat2 aparat seakan2 memancing emosi rakyat ya,,yg jadi pertanyaan supaya apa ?? apakah sbnernya aparat ingin bentrok dengan warganya sendri ?? hukum di tindak secara tdk adil, ulama di peresekusi, umat muslim di tuduh radikal, pedagang2 kecil di denda tidak wajar ,",Neutral
4256,sabtu rasanya emg kaya weekend tp ga bisa santai yaa.. inget tagihan menanti,Neutral
1836,rodo ngeri sedep bismillah iso yo iso semangat garuda muda,Fear
1019,"sumpah ya tuhan, maaf banget. tapi semoga dia dpt balasan karma setimpal krn ga adil dan suka nipu bawahannya.",Anger
1326,"jgn apa2 kebanyakan diumbar2 melulu , kalo gajadi malu gile .",Fear
4373,yg biasa.. terus dikasih bonus yg alpha gara ngehold yg biasa ..,Neutral
475,gatau anjg kesal,Anger
2810,"semangat kementerian bumn pak mentri bumn erick thohir bumn hadir untuk negeri demi pemerataan pembangunan dan kesejahteraan masyarakat indonesia semangat pak,",Joy
6542,"lockey tetap semangat yaa gua baru buka twitter udh dibikin sedih, karna gua yakin sekarang lockey gak baik aja please jangan terpengaruh dengan hal negatif yg bikin kalian jadi semakin sedih, intinya keep sopport secret number dan denise apapun yg terjadi",Sad
1651,"bused sampai dua kali kirim. kata saya mah, mending sender muncul deh. dm saya coba, biar saya tahu. gak usah malu, dm saya terbuka luas, se-luas semesta. jangan buat saya penasaran tolong..",Fear
6567,"temen gue lockeys, baca ini ikutan sedih bgt :(",Sad
6048,udah seminggu gak on tw sepi sepi aja,Neutral
2528,good tetep semangat bilang,Joy
1206,takut tambah dewasa,Fear
4595,menfess adalah pesan/kata-kata yg dikirim dari seseorang yang rahasia,Neutral
5440,mondol sekamar 5 orang..ngirit masak rame2..ada yg bawa panci..kompor..dandang..beras.. kurang enak..banyakin micin..,Neutral
5333,"udh makan sayang? ""udah. mam lgsg aja, aku jd takut."" .. ""nes prnh ngerasa rumah kita terlalu sepi ga sih?"" ""iya. tp gpp, kan udh biasa."" ""kamu kesepian ga, sendirian di rumah? gaada temennya."" ""hmm .. kadang. tp kan aku bs main ke rumah temen."" .. ""mam ini ada apa sih?""",Neutral
867,"dalem hati padahal panik juga si anying, bego",Anger
2974,"hwaah jadi malu dibilang wendy og. Tetap bersyukur :D makasih banyak, kiel",Joy
541,"punya acara pagi bukannya disiapin dari malem atau bangun lebih awal malah milih marah marah di pagi hari, hdehh",Anger
1132,ragu utk bisa beli barang tu karn harganya bisa buat cicilan bulanan,Fear
6859,karna saya bego,Sad
3390,"halo. aduh, saya interested banget untuk potray the8 dan kebetulan juga side fc saya all member svt. mengenai saya kalau kita ketemu nanti, saya dengan Love language woa dan physical touch gak lepas dari supportive dan sweet words buat pacar, juga suka hugs dan kisess ”",Love
5493,kasi garam biar enak,Neutral
2962,all the best buat women's team dan men's team ina takut dikit tapi saatnya pelapis kita menggali pengalaman dan melatih mental. fighting!!,Joy
4155,spotify famplan famplan biasa 1 bulan 8k 2 bulan 12k 3 bulan 16k ppj +1k famplan antibackfree 1 bulan 18k 2 bulan 23k all e-wallet yuk boleh langsung wa or dm ya kak,Neutral
3259,wuihh luar biasa,Joy
4588,papa kalian pikir 3 taun ga orgasme itu pencapaian yg luar biasa.. dia lupa kali nabi adam 300 taun kepisah ma bini nya.. lah ini br 3 taun nahan aja sombong,Neutral
6991,"aku baru jadi myday akhir 2020 kalo nggak awal 2021, sedih banget belum pernah liat mereka satu frame dan agak nyesel sih baru jadi myday waktu itu, padahal sebelumnya emang udah suka banget sama lagu""nya day6",Sad
2583,wikk semangat syg! jgn lupa makan,Joy
2813,wkwkw puas bgt,Joy
5488,jangan merasa puas dengan pengetahuan yang anda miliki karna samudra ilmu membentang begitu sangat luas dan dalam.,Neutral
6258,"kamu kenapa ? | aku (kecewa, sakit, cemburu, nyesek , kangen , galau , pengen kamu peka , pengen nangis) gak papa kok. :')",Sad
3586,sebenernya suka banget sama ms ny hj suka backgroundnya warnanya posenya tapi kenapa gak senyum? kecewa,Love
4624,kalau begitu mendingan golput aja ngapain pilih wakil2 rakyat percuma saja,Neutral
6023,perasaan takut kecewa hanya akan membuat kita takut menatap masa depan.,Neutral
2630,hmm. enak sih. tp manis banget wkkwkw,Joy
5669,"untung nyokap tipe yang apa apa nanya gua dulu, walau kadang guanya musti sabar banget jelasin ini itu karena beliau suka lebih percaya omongan temen temennya. kita yang lebih muda yang lebih tau, jadi tanggung jawab kita juga buat ngawasin orang tua main ginian",Neutral
4500,siapa saja yg mengajak kepada kebaikan maka dia akan mendapatkan pahala seperti pahala orang yg mngerjakannya (hr muslim) ..,Neutral
1080,"fuck masa lalu,, gila pagi2 uda di ungkit2 saja si kupret yg di anggap baik,,",Anger
4283,"coba masuk sini, mi kalau jdi anime kabar gweh",Neutral
2085,"semangat, vii",Joy
2452,selamat sabtu dan jangan lupa jaga semangat,Joy
2023,"gak enak , jangan sedih sedih juga ah , jadi ngeri nih",Fear
5433,kupat gak enak,Neutral
226,pagi tiba tiba baca banyak berita di tl cebong ngamuk ngamuk dan cari banyak alasan tentang dewa nya tidak di hargai luhut saat pidato.cebong menghibur diri pura pura bahagia.cebong cebong bodoh idiot kalian itu permanent.mentang mentang gratis loe ambil semua bodoh nya.idiot,Anger
1013,"yg suka merusak tatanan, jangan di kasih ruang. wahabi lokal..",Anger
1929,"mjb, itu janji jiwa nya biar udah dua hari masih enak rasanya? gk basi?",Fear
4981,cara terbaik membalas dendam adalah dengan 'memaafkan nya',Neutral
1404,aduu kok ngeri ahh,Fear
2179,enak bisa lanjut tidur,Joy
697,"balas dendam, biar yakin kl suami istri bs saling nutup aib",Anger
1124,"ihh sama punya ku juga udh 2 hari masa tertunda terus kesel. tolong dong min ditindaklanjuti, kecewa sih",Anger
3895,kasih ak aja ak suka sm coklat,Love
1778,ikrr haha takut betul baca semua replies dekat post tu,Fear
4505,"kalau ko sanggup sewa bilik, hidup apa adanya, makan roti or maggi je hari2, kahwinlah. kalau dah biasa hidup selesa, taknak hidup susah, simpan la duit dulu.",Neutral
2634,semangat kak ell,Joy
3489,kalian ada yang pernah pengen banget kiss pipi nya dia ga sih?? bukan yang pake perasaan tapi kaya gemes ajaa gue kalo gemes suka nyedot pipi orang yg gemesin soalnya,Love
1037,jahat banget!! buat kalian laki laki tolong jgn suka jajan sembarangan dong!!,Anger
2256,semangat vancaa,Joy
4730,ga tau gw ga ngetes asjckskdkgjahajdjfa (tapi tbh kalo beneran pun ga kaget soalnya emang lebih parah dari biasa ),Neutral
6999,"aku dulu suka banget sama wenda wkwk tp pas dia hempas untung ada jeketri, sedih",Sad
313,pagi pagi dah marah marah,Anger
2649,mornin' pagi pagi ada kabar bahagia,Joy
2281,enak bgt lord,Joy
6161,bener sih di tempat ku kerja suka ada kakek2 udah tua bgt mata nya katarak jalan nya juga pelan banget kesusahan. dia mikul jualan tape dll kadang udah sore pun dagangan dia masih banyak. aku kadang nangis sendiri ini anak nya mana. serasa ngeliat ayah sendiri sedih banget.,Sad
2547,kok gue senyam senyum sendiri bacanya.. semangat ya!!,Joy
2159,yukk semangat yukk walaupun badan lagi kurang fit,Joy
3137,haii hai ikut po md photopack di mirfa yuk dom tAngerang bookslot cuma 50k bisa dicicil santai! ^^,Joy
6770,"sedih si aku, kan malem hpnya dah disita lagi, dahal sedihnya + overthinking nya malem, terus gimana",Sad
3967,"i suka kat you gila. and semua pasti tau pasal benda ni. tapi sekarang you pandang i pun tak. apa i boleh buat? kalau leveling lagi penting dari perasaan. you pergi la layan level you, i tetap dengan perasaan 'kasih sayang' yang allah beri ! perasaan bukan kita punya, allah punya",Love
1428,wah ngeri nih sesepuh ternyata,Fear
5014,pasti rasanya kek pengen marah sama pacarnya ya nder,Neutral
2520,"carasun ini enak juga ya jadi sunscreen, mana dapet ukuran 70 mlnya lagi, so worth it",Joy
4539,"jumat 280122 tes ag hasilnya negatif. santai aja. seninnya sidang offline. ketemu banyak org sampe malem. selasa ngurung diri di kamar. rabu sore akhirnya pergi ke rumah temen krn mo ambil brg, banyak bgt. pulang malem juga. hehe..",Neutral
6572,ah sedih,Sad
448,dimesjid jaga jarak..di mall desak desakan..demi kaos rebutan wooii..udah 2022 msh jg tolol..,Anger
4454,boleh dong. aku jg biasa sore,Neutral
1284,anjrit kaget ada renjun,Fear
3727,"woh gitu ya logikanya? wah suwun cak, bisa lah nambah resep kuah-kuahan lain. nambah bebek iki soale aku suka banget sama bebek surabaya yg bumbu kuning jadi sekalian aja",Love
361,"katanya orang bisa jadi bodoh karena cinta, tapi aku ngga peduli semua itu. aku cuma mikir, betapa bodoh	Anger
gue senin kmrn ampir di serempet motor karena bule tolol naik nmax lawan arah. gue posisi liat kanan karena laju kendaraan dr sana kan, eh si bangsat ngebut dr kiri. bener2 1 inch from terrible2 accident..	Anger
aku marah karna dia berantakan bgt dah gamau beresin tpi aku yg disebut gila harus diruqyah anjing pengen punya rumah sendiri biar bisa pergi jauh dari keluarga ini minimal aing lah yg mati duluan	Anger
sama diri sendiri aja gk jujur, kalo sakit yah bilang bodoh, obatin, bukan di sangkal !!	Anger
etmin harus banyak banyak sabarr:') walau sebenernya ak liatnya juga ikutan emosi	Anger
sampe gua pernah bilang ke dia kalo ketemu kucing saya dirumah situ tabokin aja pake sapu, tusuk kepalanya, lemparin aja dari lantai 2 situ"" saking udah kesel marah bgt",Anger
5704,"aa aku ga ngerokok kak dan beneran ga ngerokok, samsek ga diem2 ngerokok, padahal papah perokok akut, terus dulu sempet di kasih rokok buat 'ngetest' tapi dia ga suka, sampe sekarang ga ngerokok. temen2nya pada rokok tapi dia tetep ngga. jadi masih ada cowo yang ga ngerokok:d",Neutral
5641,"mbl mbl murah banget loochh kuy! guys join go miracle, suka dr0p jajan murce rd sering open sh4ring merch juga dan sekarang lagi open tabungan buat cb bangtan tabungan mulai 25k aja guys yuk gass join link di rep yaa",Neutral
2460,"semangat ngerjainnya, have a great day pit!",Joy
22,"benci banget sama diri sendiri, gampang nangis kalo ngobrol sama orang tua.",Anger
2066,"peluk kakak semangat terus ya pokoknya, banyak yang sayang sama kakak di sini,yoon ji lagi cosplay jadi warga lokal",Joy
1653,"mau kaya gini pas ultah mendatang, tapi takut malah dijadiin bahan bullyan..",Fear
702,pagi2 dah emosi,Anger
5119,"kok marah, korban ya?",Neutral
2743,mesti la bwak gi mkan2. bole sembng2 n makan skali. dah kenyang bru senang nak shopping.,Joy
1376,jangan marah2 ih jadi takut di makan nih,Fear
6563,"orang kalo terlalu sering kecewa ngebatin nya pasti udah di level ""ya gimana ya, mau gimana lagi"" ampe pasrah gitu",Sad
2468,enak banget aku kayaknya maret udah uts.. tbl tbl,Joy
3754,"kakakk, suka banget sama au nya semangat terus berkaryanya kak!!",Love
2325,siaapp. semangat sllu yulin,Joy
460,vu que wahd marah yesraf 3liya w 3amarli jibi yedkom fougeh je vis kima nebghi ana n3ish w ntweeti cha nebghi w ndir cha y gouli rassi,Anger
4183,akhirnya aku sampai pada titik saat melihatmu aku merasa biasa saja,Neutral
4082,kalau gitu biasa biasa aja dah gua.,Neutral
1486,knp si lu tuh wangi orang kaya gitu kak kan gua takut,Fear
3678,"somehow pernah sangat ga pede karena kulitku sawo matang alias coklatt, tapi terima kasih beauty industri indonesia yang support kita, jadi salah satu variabel yang bikin ngerasa pede dan suka banget sama warna kulit sendiri",Love
282,marah muluu,Anger
4308,"percaya saja, supaya yang bohong senang..",Neutral
3537,"akhirnya bisa ngeliat bapak anak ini satu projects lagi,, suka banget gulf kanawut",Love
4963,"membenci hanya merugikan dirimu sendiri, karena sebagian besar orang yg kamu benci tak akan peduli dengan kebencianmu.",Neutral
2581,kasi puas hati member,Joy
1368,ngeri ada tommy shelby ama pak tony stark,Fear
6379,sedih mulu :(,Sad
6864,awalnya w sgt kesal dgn nj tp lama lama mlh kasian,Sad
597,kecewa w bangsat,Anger
4351,"chris wilder: ""namun malam ini adalah soal malam luar biasa untuk klub sepakbola ini dan mengapa penggemar di seluruh dunia menikmati piala fa. tidak ada perasaan yang lebih baik daripada memenangi laga piala fa di old trafford pada jumat malam seperti ini.""",Neutral
6064,"jangan sedih bro, gw juga suka gagal penalty",Neutral
7028,"dulu suka bgt, ke pasar apalagi, dijajanin dawet, cenil, pecel, jamu dan banyak lagi jajanan pasar.. kangenn banget.. kangeeeenn.. sekarang udh gapunya mbah putri .. swargi langgeng mbah",Sad
6665,sedih foto sopinya diapus,Sad
4606,kalau pap normal mau,Neutral
3468,"awal stan day6 bingung bgt milih bias karna baru kenal member2nya. terus liat foto day6 pas di jeju, liat jae pake kacamata ganteng bgt langsung jatuh cinta wkwk, terus nonton jaesix, asc, vlive day6 makin kenal dia dan semua member day6 jd makin suka",Love
4512,ld nya scratch normal ld itungannya smol demej yaa? aku dom jkt nderr,Neutral
2990,gue jugaa hahhaa plus kaget,Joy
6596,pjj lagi pjj lagi. sedih ga ketemu ayang,Sad
2544,malah enak,Joy
5253,"dia takut kali aku gk jadi balik gess.. padahal niatku baik buat belikin mereka ikan, udang, dll buat lauk mereka, tapi di sambut gitu. ya ampunn. aku masih blom Sadar dstu",Neutral
6564,"angin malam terus menyapa, mencengkam rasa sepi ini tersenyum diri ini dibuatnya teringat manik indah dirinya saat menatap dengan senyum.",Sad
4066,"aku engga tahu cara nenangin orang yang ovt, tapi kamu klo emang lagi sedih ya sedih aja gapapa keluarin klo emang buat kamu tenang. klo kamu butuh waktu buat sendiri silahkan, atau minta jangan diganggu dulu. tapi klo kamu butuh ac, silahkan chat ke grup ya. we Love you",Love
3988,"mau bikin thread reason why i am fall in Love with 13 guys of seventeen. soalnya ini udah menjurus ke sayang sama mereka, udah bukan suka sebagai idola lagi. 1. mereka talented banget! mereka ini self producing, lagu+lirik : vocal grup terutama uji sbg produser",Love
6838,aku sedih bet,Sad
685,kan tolol enggak baca berita yang terdahulu malah terlihat tololnya juga enggak baca rpjmn kamu kan juga tolol,Anger
4503,ih iya ada yg itu tp gatau efeknya soalnya aku biasa pakai yg ini kak,Neutral
3243,yuk istirahat lebih cepat semoga besok dapat kabar baik,Joy
5626,"menteri bumn erick thohir menggagas energi tani (et) yang bertujuan membumikan semangat bertani kepada masyarakat,agar bisa menghasilkan produk-produk pertanian secara mandiri.,",Neutral
4083,"dalam tiap-tiap twit, tak melulu perlu ada pesan moral. kadang yg kita perlukan hanya tersenyum membaca twit lucu tanpa arti, utk memulai hari yg bahagia.",Neutral
2837,sumpah hp gue jadi enak banget tampilanya bersih banget dan smooth for scroll jadi nyaman banget coy,Joy
3697,"bukan title track. tapi suka banget sama anymore, soalnya relate",Love
4040,cewek cemburu itu sebenarnya positif. semakin sering cewek cemburu tandanya semakin sayang dia sama lo semakin takut kehilangan lo.,Love
2230,"selamat pagi om,sehat selalu dan tetap semangat",Joy
5162,kadang disangka marah ya nes padahal biasa aja wkwk,Neutral
2320,ngopi +pisgor pagi begini enak kali yaa,Joy
521,"kalo bodoh jan ngajak2 org lain dah, stress",Anger
522,ada banget kan paniknya lo hahhaa eh eh kenapa? kirain sakit gatauny bego,Anger
5815,"kirain jumat loh, vibesnya kaya hari jumat sepi gitu",Neutral
5698,"iya kan? mana kadang ada yang out of context banget deh replynya. kalau si adi ini kayaknya agak ngegas orangnya, nggak kayak si audsun yang somewhat terkesan lebih chill? nah, tapi si audsun nih suka ngereply random banget dah. tapi eh jangan-jangan mereka berdua temanan..?",Neutral
5695,"mending mamanya h serumah ma mereka deh, jdi kalo diundang mana mana kan biaa buat alasan ga enak ninggalin sendiri mertua di rumah.. mamamya h juga sayang banget sama f kan jdi aman ga kayak mertua yg suka recokin menantunya",Neutral
5335,untung g malu se-fandom,Neutral
780,marah kat diri sendiri,Anger
6476,belum nonton aja dah sedih.. sedih ga bisa baca judulnya kampret,Sad
4787,"good morning! saya masih avail, tapi regular only if you don't mind. kebetulan side faceclaim saya mark lee. saya orangnya easy going dan flexible, suka banget diajak ngobrol santai. saya juga perhatian dan bucin banget sama pacar. titip carrd saya ya, boleh dibaca-baca dulu.",Neutral
651,"tidak peduli, marah, ataupun kesal ketika grup lawan memenangkan award. karena itu, netizen geram dengan tingkah ""sok hebat"" dari rae. beberapa netizen berkomentar positif maupun negatif, apa-apaan dia!? baru saja debut sudah sok-sok an",Anger
5272,"fakta : mengikut kajian tidak boleh berlebihan minum air kelapa, takut nanti jadi santan dlm perut .",Neutral
2196,nda semangat on rp,Joy
369,bodoh..,Anger
4634,"ya, sdikit tp biasa sih",Neutral
4214,"pura"" bukan army dan pura"" biasa aja :) sampe rumah baru teriak"" lalu nangis lalu meletoy i vote as the at the 2022",Neutral
377,"baju ilang lagi laundryan, pagi2 dah bikin emosi",Anger
5235,"debut 20 tahun, boa sebut pertama kali lakukan hal ini bareng member got the beat, bikin karina aespa dan taeyeon snsd kaget",Neutral
2216,"wkwkwk biarkan saja, yg penting dia bisa bahagia",Joy
5701,kalo males ngecas dan suka banget pake headset mending yg kabel,Neutral
1613,agak ngeri ya women nya,Fear
6348,saya sangat kecewa banget kl sampai ngak jadi murtad loh¦ krn sepak terjangnya selama ini kan ?,Sad
3632,makasih buat kue dan hadiahnya wkwk apalagi meme squidward. suka banget,Love
962,"haha, itu jaksel day ngebekas banget jadi bikin aku suka ngetik i bercampur language. t ____ t keki banget",Anger
6367,"baik bgtt ni orang, tapi suka sedih kalo orang orang lebih mentingin pcnya sih",Sad
6637,"yah kecewa, harusnya out bareng cr7 kmaren. hadeh",Sad
5389,yang suka malu-maluin siapa nih? kamu kah?,Neutral
359,"poin ke 3 kayak org bodoh ga sih? ngapain udah nikah berzinah sama wanita lain, ya di pikir aja. itu mah emang nafsu lo yang kayak gitu, sok-sok an berlindung di balik kata zinah.",Anger
3839,"beberapa minggu ini, kita suka deep talk. gua bisa rasain kalo ni anak lagi kenapa"", dia bisa nunjukin dirinya yang sebenarnya, kalo.. anaknya cengeng banget, perasa banget, sipaling gampang sedih, sipaling gampang kefikiran kalo ada apa"" sama dirinya, itu cuma sama gua.",Love
4728,klik pesan ayam bakar lewat,Neutral
1246,"hufftt bismillah, bismillah, mugi kumanan dina niki periksane pun panik mik, pun panik katah sholawat mawon.",Fear
4927,"10.memandang ke tempat sujud ""apabila shalat,rasulullah biasa menundukkan kepala mengarahkan pandangannya ke tanah.""(hakim)",Neutral
3694,"aa gracee sayangengga berto suka banget setiap di taggini huhu. makasi graceeberto baik kok, gracee juga jaga kesehatan yaa. semangat terus sayangkuberto sayang gracee bangett!!",Love
6339,iyaa sedih bgt padahal aku suka dia bgt di sn:((,Sad
2567,"selamat pagi, semangat olahraga",Joy
3423,"akhir-akhir ini suka banget nontonin asmr, seru aja gitu",Love
2037,"sepi aneh kayak ada yg perhatiin tapi gk ada sapa""",Fear
772,masih pagi udah adaa aja yang menyalakan api emosi,Anger
6503,"pagi bang jon bukan nie? kangen ama ocehan bang jon,, sepi banget dah tl cuma mimin aja yg keliatan",Sad
3562,"terus yg paling aku suka chapter yg best friend to Lovers troops!! sumpah itu gemesin banget, gimana ada anotasi mcnya huhu. rekomen pol ini buku!!",Love
6695,"bimbim lagi sedih, bongan",Sad
6466,"sekuat-kuatnya orang yg selalu riang, tertawa dan bahagia setiap harinya, kalau udah sendiri kadang suka sedih dan netesin air mata. :')",Sad
4677,kalo ke upgrade sendiri kayanya nanti bisa balik kaya biasa lagi. coba clear data?,Neutral
4531,"makan apaan hampir 30 dolar sekalia¦? kayaknya semahal2nya makan biasa di sana 10 dolar, itu pun bangsa cuman sekali dalam rentang sekian hari kalo lagi jalan ke sana aja, sisanya makan di bawah 5 dolar pun jadi wkwk",Neutral
1674,jadi malu,Fear
365,gue marah tapi gue sayang sama lo !!,Anger
4640,semoga hari ini ada kabar baik ya,Neutral
5464,",, jadi lapang terang enak ya buat jalan..",Neutral
4327,"semakin besar masalahnya, semakin dia akan berpura2 bahwa dia baik2 sajaa -oh my ghost",Neutral
147,supaya generasi yg sekarang jadi bodoh..kan mudah di begoin,Anger
6216,ada apa ini.?..kok sepi banget. cc,Sad
3088,"terima kasih banyak kak derza! aamiin aamiin terima kasih atas semua ucapan dan doa baiknya. semoga semua doa baiknya berbalik ke kamu ya. terima kasih sudah menyempatkan ngucapin selamat ulang tahun ke aku hehe. terima kasih juga atas hadiah, kue, dan bunganya. aku suka banget",Joy
5583,"bagiku,juara itu posisi dimna ada rasa puas yg mndtngkan kebahagiaan untk aku,mkhlk sekitar,tentu juga tuhan.smpai2 tuhan&makhluk bahagia akan lahirnya aku cnth kecil semut yg bahagia krn aku mmbrinya sbutir gula i",Neutral
407,"saraf pada otak mutanjir kena, ini mah udh ga ketolong tolol nya",Anger
6533,sy kmrn kecewa dukung ps di tps kini..semua sudah terbuka jati diri yg sebenarnya.,Sad
3456,"suka banget pergi ke suatu tempat,dimana tempat itu hanya aku dan orang asing -lala",Love
4182,"selamat pagi, kara! tentu saja boleh, dong. akan saya jawab, ya. b: auramu cantik dan anggun sekali. saya ngelihatnya amazed, serius. n: kita jarang mengobrol ya, kara. tapi ayo kapan-kapan kita ngobrol gitu, you seem like a fun person to talk with!",Neutral
3576,tulisannya aku suka banget kakk,Love
3271,makasih buat kamu yg selalu ada di saat senang dan sedih.. seneng rasanya ada yg temenin,Joy
1031,"itu gatau harga akun apa gimana, suka nyesek kalo ditawar sampe jatoh banget mana upf sekarang susah",Anger
4628,berani untuk tidak nyuru jokowi turun dari mobil atau datang kesuatu tempat agar tidak terjadi kerumunan saja mereka tidak mampu. padahal lebih mudah cuma satu orng yg dilarang.,Neutral
855,"makanya baca mbak baca. itu disuruh gembira brrti jgn panik. klo panik imun turun. tanya yg ahli, org genbira biar imun bgus apa sebaliknya? Bikin kesel aja",Anger
3926,"eh plis ini lucu banget sedikit termotivasi deh sama cewenya, aku juga anaknya hampir sama, suka banget ambisius sampe lupa waktu",Love
78,"woii bodok.. klo semua komplain, beropini,berargumen,berpendapat dkk mngenai kbijakan pemerintah. buat apa pileg dlakukn?? goblok di pelihara. lu lakukan itu malah buat anggota legislatif terhormat itu makan gaji buta.. tolol. pendapatan aggota dewan itu 10x gaji umr tiap bulan",Anger
2247,"waduh, yg wangi2 bayi sih enak. kaya zwitsal",Joy
5234,"ncts! yang lagi nunggu comeback nct mana suaranyaa?? yukk sini kita menabung buat persiapan cb, biar ga panik nanti kalo announce cb bole dm tanya"" dulu kok",Neutral
6460,"tapi sedih sama captionnya, Love my tannie",Sad
6506,iya kan sedih..,Sad
4857,pagi ce.. udah normal kah tweetnya ?,Neutral
788,"aku sudah pernah ""menonton"" kisah seperti ini sebelumnya, dan aku benci endingnya +-+",Anger
2279,"gua liat lysyn dejun sedih, iya gpp jun kita nunggu wayv kombekmaaf ya jun semangat wayv",Joy
4095,baru saja mengirim video,Neutral
3897,"ah cerita tsana ini mirip pas aku ke day6. aku cuma denger 2 lagu aja dulu, terus lama2 enak, lama2 asik, lama2 kepoin jae, lama2 kepoin doun. gak tau kenapa suka dan jadi fans cinta banget mereka. semua.",Love
4602,"btw hai all, apa kabar",Neutral
5879,"jika kamu merasa sepi, apalagi saat berada dalam proses berbenah diri, tak mengapa. bukan mereka yang menjauh, tetapi dirimulah yang sedang memfilter, siapakah orang-orang yang layak hidup bersamamu.",Neutral
3631,suka banget bukain dm mokondo,Love
5294,"gue jg tadi salah nder jawabnya, tpi bomat, who cares? biarin ajaa. lagian lu dah hebat mau dan berani jawab pertanyaan gurunya, jadi gausah malu ya nder",Neutral
424,lah adek gue udah lulus kuliah juga masih gue panggil adek. ade ade aje lu yee pagi pagi bikin emosi ni maap,Anger
392,"baunya busuk banget sumpah, gatau kucing w nih punya dendam apa sama gue pokoknya tiap dia kentut pasti deketin dan sok2 manja. aslinya kentutt",Anger
5278,pembelian panik sebabkan kekurangan telur ayam,Neutral
6678,"tulisan yg luar biasa, anak sy cewe msh 6 bulan. ga bayangin besok udh usia 18 udh bisa ngurusin dirinya sendiri seperti mbak anin. pasti rasanya sedih dan bangga bercampur aduk ya",Sad
4200,"biasa aja, gue malah tiap update di igs lebih gatau diri caption nya tp disaranin jgn dibawa ke tt, warga sana lgsg ditelen mentah2 trs tar nain yg diserang. kyk wktu itu jm digosipin dating, si mba nya lgsg diserang netijen indo pdhl mba nya jg org indo",Neutral
2672,terong ga enak flop bgt,Joy
6471,"dan akhirnya kita berdamai. Sadar tidak bisa bersama dan tidak bisa mengulang kejadian yang sama pada waktu itu. sedih si sebenarnya, tapi kalo ga gitu nanti guanya yg ancur lagi heheh",Sad
4775,kalau gitu nol kan saja mereka di jabar.,Neutral
3493,bener si aku setuju banget soalnya aku jg emang se suka itu sama karya exo,Love
1459,heheh tapi aku takut dimaininn aduh,Fear
5103,"pepatah mengatakan bahwa : ""orang bodoh lebih berbahaya daripada penyakit menular"".",Neutral
4686,"ga, gw biasa gitu anggep aja kek me time, kan sendirian jg",Neutral
3835,rambutnya lucu banget mbaa suka bgt,Love
5476,"jika anda ingin bahagia, menikahlah dengan pria yang berwibawa. wii .. bawa mobil. wii... bawa duit.",Neutral
6735,"tadi waktu mau berangkat ke sekolah, kan harus salim dulu kan sama ortu? trs tadi mau salim ke ayah, tapi katanya ""udah sana berangkat aja"" jadinya cuma salim ke mama, sumpah kayak?? kenapa susah bgt tinggal julurin tangan doang??tadi diperjalanan mikir keras sambil nahan tangis",Sad
5491,"namun, waktu kamu kembali untuk mengikuti gp99 ada perasaan senang, sedih, khawatir. karena jauh dari rumah, karena adanya rasisme, karena situasi cn kr. namun disana kamu bisa kembali membuktikan kemampuanmu.",Neutral
2355,"semoga cepat sembuh pak,, salam untuk keluarga besar. tetap semangat,,",Joy
2442,enak dong,Joy
6492,"smnga cpt selesai yah,, sedih lihatnya mrka ptus tpi masih slng syg g' tega jdinya ikut sedih",Sad
6876,"yang namanya terlanjur sayang itu ribet loh. mau cuek gak bisa, mau marah gak bisa. bisanya cuma diem. diem-diem nyesek diem-diem nangis.",Sad
464,tolol sekali jek,Anger
163,"sebb tu kalau org2 macam ni nak jalan aku buat x tahu je, selamba je jalan. kau x de hak nak halang2 jalan org. kecuali ambulans. bodoh",Anger
6124,kok sepi rep nya gak kek pas masa-masa penjilat,Sad
6980,enak banget tapi hanya bisa melihat,Sad
6782,wkwk gua sedih bgt,Sad
7019,"bener banget, temen gue ada yg bilangin ke dia kalo gue suka sama dia eh dia bilang kita kan beda agama, mending jangan suka sama aku yaallah nyesek bangett",Sad
2009,wowkowkwowkwowow bjimsroott 2 aja ngery ap kabar gw 9 takut nih wkkwk,Fear
3084,baca di mf ini deh nder udh bnyk yg kasih review soalnya. tpi klo kmu suka drama ringan & fresh.. cocok sih.,Joy
900,asu pjj lagi dah enak ptm padahal,Anger
6741,enakan yg goreng atau kuah siih? kemarin beli yg goreng kaya gada pedes-pedesnya jd kecewa,Sad
2293,bila semangat mau pergi church tiba2 bersin x tentu pasal. umm. xdapat pergi.,Joy
4481,sudah tua masih bingung saja cari identitas diri,Neutral
4605,it's ok gak semuanya hrs lancar sekarang you're undergoing changes and it's normal to have everything agak kelabakan at first,Neutral
3716,pls ini tuh tipe yoongi banget tiap nge prod laguu. terus ini tuh tipe jungkook banget yang suka ngasih adlibs di bagian yang kosong. kayakk yaampunn yoongi jungkook tuh emang diciptain buat saling ngelengkapin. t__t,Love
5873,tag doinya biar gak sepi liburannya,Neutral
1764,gue jadi ragu,Fear
1549,"gembel style lgi, oke /jk ya allah, gw takut banget",Fear
3029,"aku gak suka yang bertele tele phi, enaknya makasih na phi! jangan bosen bosen kasih aku makanan dan kawan kawannya",Joy
5339,panik knp atuh kk,Neutral
2044,jangan lupa sarapann semangat buat hari inii ayang semoga harimu menyenangkan !!,Joy
767,"astronomi? iya emg saya ngikutin, kamu emg tolol sih cuma menyimpulkan dr following akun saya, bener2 tolol. berarti saya bukan ateis dong gara2 ga follow akun ateis. gitu kan logika kamu? logika cacat pakar kok cacat",Anger
1508,malu bngt jatuh di parkiran,Fear
6878,knp gue bego bgt si,Sad
4517,iya kalo udah biasa kek gitu win makanya hrs dibiasain dr kecil deh,Neutral
4219,wow.. urus saja moral mu.. eh tagihan mu,Neutral
5882,selamat pagi,Neutral
4625,"tentu saja kalo jual cash, ga dapet r",Neutral
3292,"happy birthday zidd, happy terus ya jangan sedih",Joy
819,bangsat tau aja lg lu dip,Anger
1403,"astagfirullah kaget gw, smpe bingung juga dpat notif bgni sejak kpan gw punya gebetan jgankan gebetan org suka aja gk ada",Fear
1382,gue liat 3d mv aishite aishite kok takut ya,Fear
2148,ujan teruss enak,Joy
1638,kaget gw jelek bgt tolong,Fear
6806,jadi gak mood buka twitter bawaannya jadi sedih,Sad
399,harinih nak pegi sekolahkan lawyer bodoh yang menyusahkan customer. haritu dah sign paperworks semua alih2 dia kata document silap print and i pula kena all the way pegi sign balik. firma bodoh itu langsung taknak bertanggungjawab even datang half way to meet client,Anger
882,ga tau malu ga tau malu ga tau malu!!!,Anger
3565,sy suka banget ini polos banget mereka asksk,Love
6321,mau nntn biar gk sedih krna di ghosting :),Sad
1179,jangan panik jangan panik,Fear
4244,"ia menggeleng heran mendengar candaan gori namun masih tetap menanggapi dengan santai. ""yakin lah yakin. kalau tidak puas, nanti saya jajanin es krim sehari satu selama sehari."" joshua membersihkan dada gori dengan teliti.",Neutral
6085,gk bs gmbr biar folls/ moots mengerti dan tdk kecewa dgn diriku yang tak bisa gmbr tp maksa sok gmbr,Sad
2130,"sabtu sek semangat makaryo pren, uang kenakalan cair.",Joy
456,lo berdua bego gausah rebutan,Anger
1950,"ga berani ngucapin happy birthday ke cowo yg gue suka anj. kalo gue pikir pikir sekarang, kek dulu gue bego banget anj. padahal itu kesempatan emass",Fear
689,lepaskanlah hati dan pikiranku dari keterikatan yang menjadikanku mudah marah dan berkecil hati,Anger
5593,"bagiku,juara itu posisi dimna ada rasa puas yg mndtngkan kebahagiaan",Neutral
1953,"aquarius gak pinter bohong, to the point banget dan kadang karena to the pointnya dia itu suka bikin sakit hati jadi takut ketemuan",Fear
2710,semangat mas,Joy
5246,"jangan takut oleh jarak, karena jarak yg telah mempertemukan kita",Neutral
4349,si bebe apa kabar ya?,Neutral
6142,sedih,Sad
1884,"kemarin ada yg menyandingkan bung karno dengan munarman, sekarang giliran haikal ngoceh ttg bung karno. kelihatan terstruktur dan sistematis. ada nuansa adu domba (supaya pdip dan nasionalis lainnya ngamuk). ada pula nuansa mengaburkan sejarah. ngeri..",Fear
6519,"temen gue yang lockey udah bilang gini sebelumnya, kalau sampai cb group dia ga ikut, ada kemungkinan bias gue nggak akan lanjut lagi disana, yaallah sedih:(",Sad
6251,yellow iya pas sedih wkwk viva la vida ga terlalu sii,Sad
2494,",, ayok semangat jaga kesehatan maka minum istirahat teratur dan asupan yg bergizi jgn lupa selalu bersyukur dan berdoa setiap saat alhamdulillah aamiin yaa allah yaa rabbal alamin,keren nih pak mentri bumn erick thohir semangat sehat pak,",Joy
3036,"manajer kayanya. suka bikin planning sbnrnya walaupun sering banget dipatahkan sama keadaan, stay strong",Joy
3603,"chubby baby suka banget sama episode yg ini. suaranya mix wkwk told ya, if i have a brother like earth no need a bf wkwk",Love
845,ngeri kieu euy gg tilil idiot bego bodoh,Anger
542,mental lo tuh miskin banget anjingggg literan 17k giliran lo butuh baru koar koar. benci bgt dah gue kalo begini,Anger
3724,karna ga keluar2 suka banget muka jadi bersih gitu huhu,Love
4187,itu mh suster pak eh bpk apa kabar?,Neutral
3679,psaw cakep banget possessed chongyunnyaa suka kok! suka bangeet! dan shadingnya itu dewa sekalii!!,Love
5652,"jaman dulu w naksir seseorang masih kasih usaha buat deketin walaupun gak pengen confess apalagi jadi pacar. dulu seneng bgt bisa intens sms an dg dia. sekarang mah boro-boro. adulting makes me focus on myself. kalopun suka seseorang, yaudah suka aja. gitu tok.",Neutral
5792,"abisan masih sedih kalo keinget yg unspeakable, jadi biar move on sedihnya, dilanjut baca cerita sedih lainnya",Neutral
4851,"awalnya pengen nonton, tapi reviewnya gitu. ada yg bilang beberapa scene ga bisa nyampe klimaks jadi ga kerasa problemnya. apa bisa jadi juga karena udh kebal (mati rasa) jadi biasa aja wkwkw",Neutral
2964,sbb aduu tegang gitu ye wkwk,Joy
2529,"selamat pagi mots, karena lagi g enak badan, makannya ginian. semangat.",Joy
1048,namanya plot hilangnya maksa.. ntah mrk mau akhiri dgn seolah2 ketemu aja atau dibuat hilang tbw sampe yg punya raga balik.. cuma kmrn aja ku nonton udh kesel bawaannya..gak suka banget sama plot hilang ini..,Anger
1960,"langsung aku unfoll loh, ternyata alasan orang2 pada ga suka sama dia sekarang jelas banget orgnya bikin ngerian",Fear
2530,bolehkah aku dapat kata semangat darimu,Joy
5204,"negara juga ga bodoh. ga perlu sok""an mancing ats nama kebebasan informasi kalau tujuannya hanya bikin propaganda/framing.",Neutral
237,bodoh lah takda flight terdekat,Anger
1133,bisa gak sih langsung tanggal 11 aja gausah ada tanggal 10 gua takut banget mana 2 hari lagi,Fear
5857,"nothing is impossible emang benar adanya, bukan hanya melulu tentang harapan dan rasa senang, tetapi kecewa dan rasa sedih pun ikut andil di dalamnya",Neutral
4259,seperti nya akun saya juga dibokir,Neutral
5223,tuhan selalu memilki cara tuk membuka matamu atas orang-orang yg berusaha memanfaatkanmu. jangan pernah ragu akan hal itu.,Neutral
6777,loh aq aja bisa nangis lagi pas scene ini. nyampe bngt. selama ada irvan sakit sampe meninggoy dan full jessy nangis spy nyampe sedihnya ke pononton. tapj aq kok ga bisa ikutan sedih. cuma pas andin sesengukan di makam itu aq sempet ikutan sedih.,Sad
5454,lebih enak sahabat dulu baru jadian terus nikah,Neutral
2978,semangat ya dirimu tak takut tetap berjuang,Joy
5604,orang2 jago banget menghakimi orang lain sekana akan yang mereka liat itu selalu salah ya.. padahal mereka gatau orang yang mereka hakimi itu salah satu orang yang gak seberuntung mereka.. semoga kalian gapernah ngerasain gagal nikah selalu bahagia dn pnya pwsangan yg baik,Neutral
5437,"mau tya, mna lbh tahan donat panggang atau goreng dan lbh enak mana?",Neutral
4771,"jadi keinget,, dulu suka bgt ma ini lagu ampe ngapain aja tuh nyanyi lagu ini, mandi,makan,kerja,santai aja nyanyiin nih lagu tanpa tau videoclip aslinya.. pas buka ytb and nonton vclip nya,, auto kicep saya tapi jujur lagunya emng bagus nagih lagi",Neutral
3919,"kalo aku suka dengerin ceritamu, melihat km dengan pnuh cinta ;3",Love
3138,bangun2 demger kabar jimim sembuh tuh bahagianya,Joy
6312,ala.. alaa.. alaa.. murung kejap hahahha,Sad
4073,"lockey tetep harus support secret number juga, dan bia nerima member baru juga. iya kita sedih, tp kepikiran ga si sama eonni"" secret number kita mrka skrg harus berjuang lg tanpa denise aa Love and support both secret number and denise.",Love
6080,"sedih emg kalo ditinggal temen ngebucin, sedih ga ada waktu main sm temen, sedih krna pengen ngebucin jg",Sad
3229,puji tuhan ku bahagia banget rasanya dapet kabar jimin udah sembuh..,Joy
1826,nemu menfess yang gua banget. tapi ragu mau rep..,Fear
593,terserah kalian lah..apapun kata kalian pasti dibenarkan oleh yg bodoh..,Anger
2725,semangat hari hari masih panjang yang sudah biarlah berlalu alloh tau apa yang terbaik buat aku walaupun itu pahit rasanya sebelum nyawa di cabut sampai tenggorokan tidak ada kata terlambat untuk berubah lebih baik,Joy
4137,"paket wisata karimunjawa new cuma 160rb saja guys, cek infonya di",Neutral
560,tolol bgt asu,Anger
5545,"selalu guru inget krn kelasnya beda aja vibesnya, penyerap energi guru guru krn kayak guru sblm masuk kelas mipa 3 awalnya santai santai aja ada yg semangat pas keluar kelas gue serasa logging out keserap energinya ama kelas gue",Neutral
5782,inisial orang yang lu suka dan sayang ?,Neutral
243,lagii rame kalo suami boleh pukul istri yaa. kalo pukul bercanda ga bikin lebam aku sih biasa ajaa tp aku tipe org yg gasuka disakitin jd kalo aku dipukul kupukul balik soalnya sayah semasa hidup gapernah pukul aku marah aja ga pernah krn ak anak satu2nya,Anger
4437,aku minta maaf karena memberitahu semua orang soal ibumu aku kangen menjadi temanmu kau baik-baik saja? aku melihatmu lily,Neutral
4896,dapatkan buku pesan di chat dan temukan kesayanganmu di toko daring kami di: shopee tokopedia,Neutral
405,iya tuh bapak emak w emang bodoh,Anger
1442,bikin kaget anak orang,Fear
261,"genius kang taehyun happy birthday anak lanang sehat terus jan sakit klo sakit aku marah kangen tyunn sulap, jg pengin tyunn ada konten masak trus upload di yt gitu _ __",Anger
6836,denise gw sedih,Sad
6453,"berbisik mengingatkan. tentang sepotong kecewa yang tak kunjung usai. di balut dengan luka yang tak kunjung di obati. luka, luka, luka dan ditutup lagi dengan luka. sedikit terselip rasa bersalah, menolak untuk mengakui.",Sad
1689,kaget loh kak msi pgi,Fear
1725,mvs euphoria s1 sender baru namatin yg s1 kok si rou ga mau naik kereta brg jules? trs pas di eps7 mcky beneran di ituin sama temen2 nya? di dpn cassie? sender kaget bgt,Fear
2496,"happy birthday vale, bahagia selalu ya!!",Joy
4751,"kahar muzakar lahir 1921,jusuf kalla 1942 selisih 21 tahun, di nalar jg ga masuk akal pemuda umur 21 dah punya cicit . tp kalau dasarnya character assassination sih sah2 saja, dh biasa orang ngeritik di serang pribadinya di negara ini.",Neutral
340,pe yg kau benci sangat siel ngan aku,Anger
6607,bangst gue 'enJoy' bersedih-sedih. karena gue suka menahan diri untuk gak bersedih atau nangis. stress relief ku adalah kisah angst,Sad
1601,beraso nok makan biskut raya awal eh takut tokdei raya tahun ni,Fear
4576,"halo bpk/ibu, mohon maaf atas ketidaknyaman yg dialami. utk perihal tsb dapat dilakukan pasa menu ""pesan"" ya. bpk/ibu dpt juga melakukan tracking melalui link yang dikirim ke nomor ponsel melalui whatsapp atau smsnya",Neutral
3725,"betul, aku suka banget spongebob aku mau jadi patrick",Love
7011,"iyaa, apalagi kalau udah yang sakit banget yang susah makan gitu suka minta suapin mama terus kalau tidur harus ditemenin papa juga t__t",Sad
2785,thank u ya brill. aku ga nyangka bakal ada yg baca twittku wkwkw. semoga aku semangat melakukan apa aja kecuali scroll2 hp. wkwkq.,Joy
1523,malu kat fattah amin. berlakon kayu pun dia tak tengok kamera tauu,Fear
6306,gimana damai dengan rasa kecewa. gimana.,Sad
6279,"kebanyakan orang dengerin lagu"" kaya gini yaa salah satunya utopia inget kenang perjalanan cinta mereka tp gw gak gitu, suatu lirik dapat mewakili strategi sebuah korporasi ada lagu yg buat gw sedih saat dengar yaitu ""toxicity"" (sod), slalu teringat almarhum teman udahh ah",Sad
6555,"7. pas cheongsan peluk onjo demi allah gw sampe teriak ""jangan pergi ahelah"" terus nangis 8. pas namra mau gigit onjo tp gajadi tu kan namra teriak frustasi bgt sampe merinding gw karena gatau ya sedih gt 9. pas anak2 nyamperin namra di rooftop gw nangis",Sad
1766,gara-gara rame soal kolbuk gue panik anjrit,Fear
6984,"pusing banget, tapi suka, sedih jadinya ya gk kesampean",Sad
4037,denger lagunya def sunset with you keputer di epicure semarang.. kaget.. dan bangga kwhskshssks ily bestie,Love
5594,"maksutt? bukannya malah enak kalo ada pc yaa, bisa ku kolek, kalo station brrti gaada album n pc nya?",Neutral
5736,banget sama orang yang kalo di ajak bicara suka ngomong hah,Neutral
6615,"gw nggak tau kenapa bisa ikut bahagia ketika kamu sedang bahagia, dibilang kontak batin takutnya gw salah.. gw udah terlalu sering menganggap semuanya pure dari kontak batin, tapi terkadang hal tersebut yang bikin gw kecewa dan gw nggak mau mengulanginya. dibilang care, iya bgt..",Sad
363,"masih pagi loh, udah ada yg bikin emosi aja",Anger
7003,yg suka doang mah banyak gak gw pungkiri. nah yg sayang dan cinta kaga ada bwankk wkwkw :(,Sad
6364,hehehe iyaa kak bner dripada sakit hati mnding pindah ke t4 lain kn msih bnyk tuh di bali t4 yg bsa lbih menghargai turis' yg liburan ke bali. karena sekarang jga di bali sepi banget dan hampir semua di phk dan gulung tikar jadi masih ada turis lokal pun syukurnya minta ampun.,Sad
4443,spill saja mint,Neutral
5642,"mbl mbl murah banget loochh ayo guys join go miracle, suka dr0p jajan murce rd sering open sh4ring merch juga dan sekarang lagi open tabungan buat cb bangtan tabungan mulai 25k aja guys yuk gass join link di rep yaa",Neutral
6534,"1 kata aj sih, 'kecewa'",Sad
2562,haloo minjuu habedee!! semoga sehat dan bahagia selalu,Joy
4940,"biasa nanya atau kayak memantau dia butuhnya apa dulu, kak. kalau beli barang juga biasa saya lihat dulu gayanya gimana, tapi kalau mentok ya dompet atau sepatu. 2007.",Neutral
6486,"gue ngga sakit atau sedih gara"" foto itu sih,gue percaya sama bw siapa pun kapal mereka di series mereka bakalan always together, cuma gue sedih gara"" komen yg ngedrag w, sama ngebandingin momen bw sama kapal sebelah, yg jelas"" bedahnya tuh jau banget dan ngga sama",Sad
3083,"buat kalian yang butuh epha app prem yg murah, fastrespon dan suka kasi promo, aku opres batch 2 sampe full member nih! mau intip pl atau mau nanya2 dulu? bisa banget! rep aja nanti kuketuk dm-nya ;3",Joy
6518,ini beneran denise out dari secret number? sedih banget bacanya,Sad
2102,kabar bahagia banget pagi ini,Joy
632,"dah tetiba kaitkn malaysia si bodoh libertard ni, takde lagi genocide di malaysia spt berlaku di papua sekarang lol",Anger
2493,nugget dan sosis rebus itu enak ygy,Joy
2665,hello adek kesayangan nuna selamat dirgahyu! yeayy adek nuna udah makin besar sekarang semoga lebih bahagia lagi dan lebih manis lebih tampan mempesona,Joy
5267,jgn malu a,Neutral
4406,udah normal lagi dong,Neutral
5195,"tak perlu bersusah payah untuk membalas dendam, cukup maafkan setiap kesalahan. karena memaafkan adalah pembalasan yang terbaik.",Neutral
5378,mahfud mengatakan berita hoaks ini banyak tersebar di sejumlah platform. termasuk media sosial yang sebenarnya diharap jadi wadah interaksi warga secara positif,Neutral
2334,"yang semangat, cantik",Joy
5422,"erick thohir ajak pr warga manfaatkan lahan perumahan mjdi lokasi pertanian. erick pun gagas energi tani. gerakan ini utk membumikan semangat bertani dlm masyarakat bisa menghasilkan produk2 pertanian secara mandiri.,",Neutral
3619,likee both cuma puzzle piece tuh suka nya suka banget,Love
3883,gua tdr enk banget tiba2 di suruh bangun masuk kerjaa kebiasaan suka dadakan anjr,Love
6995,"pacarku suka ilang ilangan tanpa kabar dan kadang ngilangnya bisa seharian gitu, nah sekarang dia juga ngilang lagi udah 2 hari. kalo aku minta putus gitu aku berlebihan kah? jujur aku udah cape banget tapi aku masih sayang",Sad
4211,"sabtu ini sudah jadwal bersih-bersih kamar kost karena berantakannya luar biasa. klora di sini, sudah memasuki usia kepala tiga, tahun ini.",Neutral
1494,malu ah,Fear
2401,semangat kerjanyaa,Joy
3874,"mumu suka banget makan.. kita makan bareng.. aku masih kenyang, dia bisa udah makan lagi wkwk. terus dia suka kasih kejutan.. inget hal hal kecil, yang aku aja lupa :""d selalu nanyain hari ini ngapain aja.. padahal sepanjang hari juga chatting. suka ngerjain aku wkwk",Love
1232,dari kemaren aku demam + tenggorokan nya sakit.. ya allah takut,Fear
2661,enak bgt,Joy
2817,saya merasa bahagia karena pelaku usaha?mkm disana mendapat penuh dukungan,Joy
6463,sedih yang bisa disuruh masak indomie berkurang satu,Sad
5620,"untuk merasa bahagia, bingung, kecewa, sedih, atau marah adalah masalah keputusan. bila anda memutuskan untuk merasa berbahagia maka bahagialah anda. dengannya, kebahagiaan anda adalah sebetulnya hasil dari ketepatan keputusan-keputusan anda",Neutral
4153,bismillahirrahmaanirrahiim.. joe biden saja kritisi ikn tapi pemimpin negeri ini kan dri pdip maksain ikn ya bagi yg paham karena terima kasih yg berkenan rtl tagar.,Neutral
5269,sabar sabar. kaget sama crossovernya. chigiri pulang kunigami udah nangis noh di pojokan,Neutral
3061,"100 days my prince, ini wajib banget ditonton apalagi kalo suka romcom",Joy
6797,"welcome back denise sedih bgt baca pengumuman dr kamu pagi ini, apalagi liat insta story km yg foto sm member but, walaupun kalian terpisah sekarang, aku akan tetap selalu dukung kalian.",Sad
7004,"dulu tiap ada yang kasih berkas talak suka heran kenapa harus pisah padahal masih muda bahkan ada yg sudah beranak, tapi keadaan mental istri atau suami ya mereka sendiri yg tau dan pasti itu sudah yg terbaik buat kedua pihak",Sad
1735,"serius, jadi kaget gue",Fear
2823,semangat bro,Joy
5395,tuh testi dari orang yg make maskernya . jangan ragu lagi guys buruan pesen aja,Neutral
4847,"tempel stiker di kaca belakang mobil boleh saja, asal jangan penuh",Neutral
2475,dan kau jadikanku ratu dikerajaan cintamu agar akupun bahagia hidup bersama denganmu selamanyaa a,Joy
2564,"happy birthday, valee. bahagia selalu!! ;33",Joy
5962,txt members jg lagi pada sepi sepi ae keknya lagi ada schedule y kemaren,Neutral
5472,jadikanlah dirimu alasan orang lain tersenyum bahagia. :),Neutral
707,"yg dari kota sebelah kena penjara 8 bulan denda nya 20 jt gegara kerumunan lah yg ini??..kok bisa ya, maaf sya org biasa yg bodoh gak ngerti..atau jangan2 sya ini yg dibodoh2in ama yg beginian ya?",Anger
3046,"kok bisa setengah doang? waduh asik banget, kak juyeon suka lagu yang mana??",Joy
6261,"gimana si caranya biar bigwin? cpk bgt astaga, gapernah menang sedih bgt, sebernya rada iri sama yg bisa bigwin",Sad
6038,"assalammualaikum wr. wb jangan lupa bahagia di pagi ini, nikmati kopi meski kopi itu pahit sambil dengarkan musik classic rock bila engkau izinkan hengky supit cover by:obay kusut",Neutral
72,hahah bangsat,Anger
4448,"sebenarnya sederhana saja utk bs lngsung pada suatu kesimpulan. manusia dilahirkan dlm keadaan fitrah(suci). orang tua nya lah yg akn menentukan warna kehidupan si anak kedepannya. jika orang tua merawat anaknya berdasarkan buku petunjuk(kitap suci), mka anak akn cenderung baik.",Neutral
6618,sedih la dia takde kawan,Sad
1190,kaget akun gua ke log out sndri,Fear
2601,semangat ka tinaa!,Joy
1125,"dan yg emng belom tau banyak lah tentang dunia ini gitu. tapi gw ngerasa sedih dan marah aja, gatau deh rasanya campur aduk. ini aja ngetik sambil nangisssss, gatau tapi nyesekk bgtt rasanya. apalagi kalo ada yg hate² komen gitu ke win, gw bnr² gasuka gw sakit hati anjj!!.",Anger
1241,panik banget tadi twitter gua ga bisa di buka,Fear
6338,plis author masa gak mau bikin yang mature version. sedih,Sad
5842,"jangan kecewa, kalau orang sunda masih pilih partainya arteria itu namanya keterlaluan..",Neutral
3351,"wp terbagus minggu ini wkwk. selain tuli-san sas-tra, atithesis bakal jadi wp favorit. pas baca setiap part tuh rasanya nyaman, suka sama tulisannya semoga bisa nemu yang bagus lagi eheh",Love
4008,"kaito : sayang, kalau hari minggu suka nonton apa | shin: mm,aku sih sukannya nonton pokemon sama fairy tail, kalau kamu? | kaito: aku sukanya nonton foto kamu karna aku lope you",Love
1577,takut banget loch,Fear
3906,aku lagi suka banget sama lagu ini siapa tau masuk juga dikupingmu hehe,Love
3729,"sleeping masknya ini packagingnya cantik banget. udah gitu nyaman banget pas dipakai, teksturnya enak, wanginya enak dan beneran bikin kulit jadi terhidrasi dengan baik pas bangun tidur. suka bangeet .",Love
4358,heran banget langganan luka kena pager kosan kalo mau mudik hari hari biasa (alhamdulillahnya) gaperna padahal,Neutral
1343,ak ya pengen coba kenain air tetap sj takut,Fear
7061,"ga adaa!! barusan bgt jatohin pot bunga bokap, gue dimarahin dia cmn duduk santai di deket pot bunga ntu",Sad
440,"bangsat orang yg suka minjem duit pas ditagih"" malah lari gausa dikasi ampun",Anger
1100,"sayang nya gue kalo bucin ya mau secakep apapun cowo lain tetep liatnya elo hahah sedih bgt jd cewe ye, knp bucin tolol semua",Anger
2637,"aku yakin, aku akan bahagia, jauhh lebih bahagia ketimbang dlu aku bahagia sma kamu., aku pasti bisa dpetin bahagia itu, pasti. pasti.. pasti.",Joy
4983,tali iman yang paling kuat adalah cinta karena allah dan benci karena allah.  (hr. at tirmidzi),Neutral
649,"woy tolong lah mu klo lgi tolol, tololnya kebangetan banget",Anger
1546,ujan anginn takut banget mana genteng tetangga gue melayangg banyak bgt untung gak kena orang huftt siang siang takut,Fear
5380,justru yg kalo pas main malah pake baju haram itu yg bikin malu. masa sekitar rumah kerudungan giliran keluar malah buka bukaan. justru kebanyakan orng keluar kerudungan tpi daerah rumah ke warung suka pd males (meski harusnya ttp hijaban soalnya wajib nutup aurat),Neutral
5400,"halo siang kak , nyambung ke ursula nih^^ sorry udah bikin gelisah izin cek ya - ursula",Neutral
2852,semangat teruss kapanpun itu,Joy
3503,"tapi mak gua ada buktinya anjir mantannya masih ada yang suka sampe sekarang, trus ada lagi yang namain anaknya pake nama aing ada lagi mantan yang udah cerai sama istrinya, trus deketin mama lagi (papa udah gak ada) mama: ""ogah banget mama ngurusin laki orang.""",Love
5095,"walau tubuh lelah dan lisan tengah marah tetaplah berdoa. sebab tuhan melihat tengadah kita yang pasrah dan hati yang ikhlas dalam mengharap kepada-nya. walau aktivitas kita menggunung, indihome selalu menemani untuk urusan online-nya",Neutral
630,emang gak bisa kalo urusan yg menuntut kinerja profesional tuh libatin keluarga. ngegampangin bgt. mau marah jg rasa gak enakannya masih kentel. ntar yg ada ngaruh ke hub keluarga.,Anger
4768,ada dan pernah mengalami. lebih baik memang diakhiri saja wkwq,Neutral
1249,panik banget tadi ditanya tanyain guru bk,Fear
6263,"terkadang, tidak peduli berapa banyak orang di sekitarmu, kamu merasa sepi. hanya karena kamu berharap dia yang kamu cinta ada di sisi karna kamu sangat menyayangi dirinya",Sad
482,nangisin cowok muka pas2an dan attitudenya jelek is another level of tolol,Anger
1584,"panik tetiba mata bengkak sebelah, ternyata aku alergi ibuprofen",Fear
4676,belajar islam yg utuhlah jangan hanya hukumnya islam saja biar jadi orang itu bijaksana dan beradab,Neutral
1462,hmm takut tapi tetap usahakan percaya diri lah pokoknya :(,Fear
3040,allah kalo ngasih surprise suka banyak banget jd terkejutt bahagia ahaha,Joy
6645,"sendiri dan sepi, aku ingin berlari menelusuri mimpi yang tak kunjung menepi",Sad
3273,"huaa bagus aunya aku suka, simple, lucu, sedih ada semua gpp ga dpt maliknata jadian wkwk",Joy
3683,"ini adalah era wonwoo ganteng dan manis banget huhu, suka svt gara2 lagu ini trus lgsg tertariknya sama wonwoo karena ya emang ganteng pas disini",Love
4145,tapi rasa mcm x guna klau berhenti kerja sbb senior mcm tu.. tu bkn senior biasa.. senior citizens weh,Neutral
4982,"yang bisa kontrol emosi, tepat waktu, pekerja keras",Neutral
3225,kabar bahagia banget pagi ini,Joy
1072,orang normal sarapan nya makanan lari nya ke perut lah kita pagi pagi sarapa bikin kepala kejang !!,Anger
2631,semangat kerkomnya ayra,Joy
1660,laptopnya kaget itu,Fear
2425,"semangat buat hari ini ya!! u deserve to be happy. anw, jgn lupa sarapan ayaa",Joy
5968,secreto ku sepi yh setelah ak ga update au:d,Neutral
5375,jelas agar orang ngga takut sama tni..,Neutral
3097,"iya bangett, tapi no wonder sih. mama pas masih muda cantikk banget. pas baru kerja pun, katanya banyak atasannya yg suka. kalo liat album mama pas masih muda, beuh mau nangiss cakep banget mama sama temen-temennya juga cakep-cakep",Joy
3976,"kalo menurut juna, nara itu asik buat diajak ngobrol ya berarti itu mah nyaman sebagai teman aja. bukan yg 'suka' gitu kan? dan kalo pun juna pengen temenan aja sama nara, batas temanan nya jg dia harus jaga. topik ngobrol nya jangan kayak org pedekate ajg",Love
6332,dia macam sedih / strees sbb xde duit tau. tah la,Sad
6716,ko masi sepi ya..,Sad
5027,"iya emang episode awal aja, mulai pertengahan emosi kita dipermainkam pdnim. apalagi 3 episde terakhir",Neutral
7059,"ini papa nya aja belum ada kabar gasih, aku laper belum disuruh makan sama ayang",Sad
1408,"aku kalo lg di samping bapak2 selalu tremor, takut, gak jelas padahal orangnya nggak ngapa-ngapain",Fear
1845,"eh tergantung kali ya nder, di ruangan kan make ac (biasanya) terus sekelas juga dikit, takut ganggu yang lain gak sih kalo buka fresh care secara wanginya itu nyegrak banget masuk hidung..",Fear
1798,ngeri brodi kapal sebelah,Fear
3957,tipu lah kalau i tak rindu guy yang suka buat Lovebite dekat tits i,Love
1475,kaget bener suka tetiba logout tapi ga limit,Fear
35,unesco org arab hahaa kata yg benci anis,Anger
444,kata bapak gua kl dapet mertua atau suami pola pikirnya begini di pikir pikir lg kena bukan cuman bikin sakit hati tp sakit batin dan sakit segala galanya . karena mertua atau suami yg baik gabakalan ngelakuin atau nyuruh hal bodoh,Anger
2359,jangan terlihat begitu sedih minato. aku bahagia. kebahagiaan itu karena kau mencintaiku -kushina-,Joy
3654,lagi suka bgt sama muka aku akhir2 ini sehat banget padahal aku lg haid,Love
3179,kemaren nangis kangen jimin skrg dapat kabar dia sembuh puji tuhan banget,Joy
1286,"selalu merasa gaenakan padahal sebenarnya udh gakuat.. merasa takut kalau orang lain tu engga puas dengan hasil kerja kita,, kenapa sii mikirin perasaan orang mulu heh",Fear
5242,"itu la tu. tgk biceps kiri pun nampak bekas bcg tu. tak kerana vaccine tu, dah cacat kena chicken pox.",Neutral
4445,seperti biasa,Neutral
3416,"piw hai sender sini sama kala ganteng wkwk avail hari ini dan bisa req ava jugaa plus bisa provide nsfw mau imagine atay dirty talk baik frontal ataupun non frontal bisa kok jadi kamu tinggal mau req yang mana silahkaan , aku juga tipikal pacaran itu suka banget bawel",Love
2137,"optimis bisa, semangat pak! menteri bumn erick thohir ingin harumnya aroma kopi indonesia bisa tercium hingga mancanegara,",Joy
2636,"lagi semangat belajar kimia, kalo gurunya ga dateng gue nangis sih",Joy
4016,"mimpi ada abang jual sepatu bagus banget, abangnya ganteng banget. ada yang tau ga suka mangkal dimana? tadi nyesel ga beli",Love
6837,gue masih sedih udh difb base rh tpi w g bisa ngirim arghh. beneran saya lebih memilih untuk gpp keunfoll sendiri driada harus cari folls diakun ini akun teraman,Sad
1681,"ade org kata simpan sikit,, takut esok nak guna haha",Fear
5148,lebih ke bego kalo ak,Neutral
1692,malu,Fear
5219,madzhab : 1.hanafi cadar sunnah dan wajib ktk khawatir nimbulin fitnah 2. maliki sunnah dan wjb jika khawatir fitnah 3. syafi'i cadar wajib 4. hambali cadar wajib lah yg pada benci ini kalian maksudnya apa kalau blm bisa diem aja. kalau sampeyan benci dipertanyakan kelean sapah,Neutral
5638,"olaa its acaa! ayoo nonton sama acaa kebetulan acaa available hari ini dan seterusnya,, acaa juga suka banget nonton nanti acaa kasih watching list acaa! kalo sender berminat bisa langsung dm dan ini card acaa yaa",Neutral
3635,"aku sayang dia, rindu dia, inginkan dia…",Love
372,tahu tak benda bodoh apa yang aku dengar dekat radio pagi ni? lagu hael 'kelentang kelentung' diorang nyanyi translate ke english tak memasal era ni dah kena maki,Anger
5436,"orang hadir di hidupmu karena sebuah alasan. mereka berimu bahagia dan kecewa. ada yg sesaat, tapi ada yg selamanya,",Neutral
6702,paling sedih bila tengok gambar class diaorg.. meja diaorg semua full bunga gambar ape semua then student yang selamat sampai sekarang diaorg trauma dengan tragedy tuh,Sad
140,aing macan marah?,Anger
4419,alhamdulillah jimin sembuh dan sudah pulih ini kabar yang indah,Neutral
6590,"kasihan dan ikut sedih. cari aman tanpa foto,tanpa upload dan lainnya. kalo ga jangan di dunia homo.",Sad
5820,"rumahnya luas tp sempit, tinggi, tengahnya ruang tv kamarnya 3 muterin ruangan. di situ ak keluar bentar di teras soalnya sepi kan, itu mobil masih pada lewat trs aku bilang ma temenku kok masih pada bawa mobil sih berarti belum separah itu kan??",Neutral
714,pagi pagi udah emosi gara gara baca 2ha,Anger
3188,"jiminn, makasih udah berjuang untuk pulih seneng banget denger kabar kamu udah keluar rumkit tinggal masa pemulihan, istirahat yang banyakk yaa malaikatnya army",Joy
6247,"zzullucia: kesian bgt td mau poto berempat itu bb gueseleborratu disusun buat ganjel hapenya nucil biar bs pake timer.. sedih tp agak lucu wkk	Sad
sedih drmn yak.. hmm	Sad
sangat kopong.. sedih kali lahh	Sad
dulu tak mampu hantar anak ke pengasuh kl: about rm1k first month sje. so trpkse berulang dr kg mak ke kl 2hr plus travel pegi balik. husband keje state lain. sedih weh igt balik	Sad
punya fb khusus hype mashiho tapi sepi anjr, giliran w up member lain rame. dah ku hapus. skrg mo buat lagi nyesel ngehapus	Sad
padahal de gea baru dapet penghargaan, udah dibuat sedih lagi sama tim tolol	Sad
sedih banget	Sad
12 tahun lebih bareng terus, gimana ga sedih pas ditinggalin	Sad
ikutan sedih, malah ikutan nangis pas dijauhi dan teman yg paling dekat	Sad
tau ga si kalo hari ini itu berasa kaya bahagia tapi sedih juga	Sad
orang orang di tiktok kok jahat banget sih :( padahal lockey lagi sedih kenapa terus aja di buat makin sedih heh :(. jahat banget	Sad
akun gue makin syepi sedih bener	Sad
haha iyaa meanwhile yg kumau tuh nendo.. nendo pls halo gsc sedih bgt or rerelease figure deh. apakek astaga..	Sad
sesaat sebelum lepas landaas, biasanya gk begitu sedih, kok skrg sedih..campur ngantuk juga	Sad
aku menjadikanmu sesempatnya tak seperti dulu yang selalu ada, adalah bentuk kecewa yang tak bisa ku ungkapkan, karena masih tersisa sedikit rasa yang menjadi pengalangnya. semoga bisa cepat hilang sepenuhnya.	Sad
liat mv teaser wonpil jadi galau ih, lagunya sedih kayaknya huhu	Sad
jujur ya gue gak pernah denger kabar mipa 3, beneran sepi itu kelas dan kayak angker gimana gitu	Sad
sedih sih karena video ini jadi banyak yg gak mau ke dokter perempuan. dokter² yang jaga di klinik tempat gue kerja kebanyakan perempuan dan semuanya detail jelasin penyebab keluhan pasien. mau pasien selama apapun cerita soal keluhan, tetep dijelasin sampe pasiennya ngerti.	Sad
ini kuota dari kampus ngga turun apa yak? sedih amat duit habis buat beli kuota doang	Sad
baru kali ini bangun tidur dari kosan merasa sepi, padahal biasanya dibangunin si mirza, ran, tangi kelas esuk/apel""",Sad
4431,"kritik buat faisal bakri, oligarki ini sdh ada sejak orde baru, jgn di framing hanya ada di jaman jokowi saja, judulnya saja sdh tidak jujur",Neutral
4950,"berpura"" lah bodoh meskipun itu mnyakitkan,,jgan mndeskripsikn dirimu itu sbagai org yg pandai tpi ahlak mu tk pandai",Neutral
406,bodoh kau emang.,Anger
20,hah? kaya dendam bnaget sama ibu,Anger
1004,"polos banget kamu v ada yang hate kamu malah kamu anggap bercanda, bener"" gak nyangka msh aja ada yng gak suka ama org baik seperti ini",Anger
2411,semangat pagi.. semoga hari ini dilimpahkan banyak rejeki.. aamiin,Joy
2545,happy birthday marr!! bahagia terus yaa,Joy
2390,yh semangat,Joy
5688,"bagi gua yang taurus, ya taulah kebanyakan taurus tuh keras kepalanya banget banget, egoisnya tinggi, sok cuek padahal mah baperan, kalo soal cinta taurus susah buka hati tapi sekali nemu 1 yang dia suka dan dia sreg dia bakal bucin banget meskipun endingnya putus",Neutral
42,"ternyata ada yg lebih bego dari aku, jauh malah",Anger
2830,dopinge jo lali massee semangat! mugo lancar berkah,Joy
3371,"hai achanjkt48 kadang aku suka rindu kamu kangen typomu,kangen ngingetin sholatpokok nya semua deh :*salam kangen dari fantasticof48",Love
3022,"terkahir deh, sengaja jg baru update skrng krn waktu itu banyak bngt pikiran smpe mikir takut ga lulus jadi blm berani share, eh aku lulus ternyata bestie hahah. ini beneran terkahir.",Joy
3364,suka banget sama mereka berdua,Love
4399,"1. empire of corpses, ceritanya tentang ilmuan yg berusaha buat ngehidupin lagi orang mati, tapi tentu saja orang yg dihidupkam itu gak sempurna jadi dia melakulan perjalanan buat mecahin misteri terakhir dari penelitiannya",Neutral
11,silibus kita memang kbat gila babi. bodoh yang buat silibus ni. learning should be fun.,Anger
4760,"niatnya mau bersihin tp malah lepas bagian yg ada di keycapsnya.. utk lubang d keyboardnya normal..coba ganti pakai huruf yang lain tetap connect sih, masalahnya cm yg di huruf d itu ajaa.. kira2 ini bs di solve ga ya? thanks min",Neutral
1177,proyek dibalik kepanikan..atau panik dibalik keproyekan,Fear
1947,"”karena ditempat kaos kaki suka banget amburadul ga di gulung habis dicuci, jadi pagi pagi buru buru kadang ga mikir. pas sampe kelas baru Sadar :d tapi trobos aja sih ampe panikan",Fear
2501,semangat trus mbull,Joy
2863,"hallo makjii. goodmowning, dah bangun belum? semoga hari ini berjalan dengan lancar yaa mak. bahagia selalu dan sehat selalu tentunya. semoga hari ini ada rezeki ku dan bisa pakai . have a good day",Joy
3865,gini aja gw suka banget anjr. hastag pelet taehyun,Love
1026,gak paham gue. emang harus banget gitu gvk lo laporan kalo punya pacar ke ja3? justru itu waktu yg tepat buat ngenalin kalo te itu pacar lo goblok! gimana te gak kecewa. gue jg bakalan marah kalo jadi te. ini lg si ja3 suka sama lo hadehh,Anger
3848,aku suka bgt sama kata kata kamu yg zjjaakmwks i rlly feel Lovedd. aku tungguu actionnya ya sayang!!,Love
2989,wkwk panik u?,Joy
961,"suka gak abis pikir klo orang punya pikiran selingkuh/main belakang kek heh anjg pacar lu mati""an jaga lu, ngurus hidup lu yg gak seberapa bagus, ngerawat lu, tpi masih mikir buat selingkuh?? sumpah sampah banget",Anger
2889,"puas harini boleh lepas dendam, selalu mai kerja hari sabtu jaa duk syok tengok org seberang rancak punya duk jogging apa.. settle 2 round arini alhamdulillah",Joy
3015,"kalau cewek udah ngeblokir/mute akun org, tapi msh ngintip akun org itu, konsepnya gimana tuh sis.. : definition of munafikun.. kangen tp malu dia bro.. haha..",Joy
3338,suka banget,Love
4996,beberapa menit keadaan menjadi canggung. takemichi bingung ingin mengobrol tentang apa dan benci dalam situasi ini. sampai dengan berani dia mengatakan apa yang ada di kepalanya. takemichi : dra-draken-kun.. draken : hmm?,Neutral
735,tp kalo yg tbtb kata mba nya bilang mau putus sekolah ya ky nya bukan mak w aja yg marahh bapak w jg lebih marah lagi jgn lupa tetangga pun pastinya ikut bergonjang ganjing atas hidup ini wkwk,Anger
4400,biasa ny jm sgini udh auto bid,Neutral
1440,takut banget buka wa.,Fear
2875,sing semangat mbake..,Joy
3986,"pengen banget bilang suka,tapi apalah daya aku yang gengsian ini '_'",Love
916,"jadi nanti anaknya tertekan, menikah tujuannya bahagia trus memulai kehidupan baru dengan orang yang kita cintai jadi kalo mau punya?idak punya anak gapapa karena itu pilihan mereka asalkan mereka bahagia dan kalo mau punya anak disarankan punya persiapan yang mateng bgt!! bukan karna ortunya yg heboh sana sini, aneh"" aja -_-",Anger
5909,masa sepii?kok sepi?,Neutral
5523,"menteri bumn erick thohir mengajak para warga manfaatkan lahan perumahan mjd lokasi pertanian. erick thohir pun mnggagas program energi tani (et). energi tani brtujuan mmbumikn semangat bertani shingga masyrkt mnghasilkn produk"" pertanian scra mandiri.",Neutral
4089,"dah biasa sgt kalau dlm mimpi suka buat kecoh, jerit-jerit because ya know mimpi kan selalu opposite dgn perangai biasa kita. tapi masalahnya, tiba-tiba nak menjerit dlm loghat nismilan kat mak cik dan anak dia sbb menyibuk",Neutral
6536,kayak sedih aja gitu kalo weekend dipake buat kegiatan kantor. ini kapan gue bisa istirahatnya????,Sad
5531,keknya pancake enak ya,Neutral
2772,semangat ya mbak..,Joy
1624,ngakak anjir takut bgt wkwkkwkw,Fear
5613,"ssst iku sing waktu itu nyalon gubernur kalah telak itu bukan ? seriusan nanya. sepertinya negeri ini mjd tkesan tdk baik2 saja sejak bnyak yg kalah pilpres?ilgub?ilbub?pileg. tmasuk sejak byknya mentri & pjabat bumn dipecat, tmasuk pensiunan pjabat yg blm puas",Neutral
821,"aku sbg yg pernah + juga berusaha utk tidak panik, aku kasih tau lah kalo temen2 yg lain hrs lgsg pada swab, antigen dulu aja blabla. ternyata, dia ngeprank doang. aku emosi dong disitu. dikeluarin lah semua stiker kata2 mutiara aku. aku marah2 di grup. krn ga lucu becandaanny",Anger
1367,"kan,,bangun bangun kaget",Fear
3712,"kdm ahjussi ini tuh ganteng banget walau suka dapet karakter nyebelin, jarang banget ada yang bahas dia disini huhu.",Love
6357,"aku tidak menangis karena sedih, ini hanya karena angin yang membuat mataku berair “ i miss u",Sad
850,"tetangga yang gue anggap deket bgt karna baik k3bangetan dan royal bgt, eh taunya dpo invest bodong hampir 1m. bangke! jadi takut soalnya byk org2 dtg trus dm2 gue nyari2 info malesin anjir",Anger
1000,"honestly im not the cheerful type orangnya lebih suka diem, kalo ngga penting males ngomong, ngga mau sok asik juga. but.. karena tuntutan peran, jadi sok baik deh haha lucu banget maksain buat two-faced, kesel juga sebenarnya",Anger
6958,kenapa w hrs ga enak badan pas weekend,Sad
4114,"hai, apa kabar ? ak harap km baik baik saja disana",Neutral
1637,aku masih pake se kamu mah ah udahlah aku malu,Fear
1667,gue kaget bgt,Fear
4589,"yg dibahas cuma masalah ekuivokasi, bib. ceramah orang kita pahami dengan positif lah. kalau yg dipermasalahkan adalah frasa ""pukulan"" tentu maknanya akan bervariasi. secara konteks fikih pun pukulan dibolehkan, tapi yg mendidik bkn mencederai. koreksi saja, bib.",Neutral
3173,alhamdulillah pagi2 dapet kabar baik,Joy
5385,"berapa episode ""siapa takut jatuh cinta""????",Neutral
1347,ini ada yg nungguin ga si? aku lagi sakit trs tbtb kepikiran takut gabisa nyelesein apa yg udh aku mulai jd bakal maksain update dikit dikit ya,Fear
5528,"akhirnya setelah beberapa pertimbangan gw ga deactivate, tp gw logout dari apps untuk akun alter gw ini. ya karena gw masih belum bisa lepas aja sih. tahun kemarin gw rasa gw udah cukup puas bermain disini. berarti dm gw masih terbuka, walaupun ga tau kapan bakal bales dmnya",Neutral
3230,pagi pagi dapat kabar bahagia,Joy
4975,knp pembahasan dari semuanya berada di titik yang sama? apa aku yang bodoh? seakan dimanfaatkan untuk kepuasan yang tak tersurat?,Neutral
5438,"wikipedia reminder -- moa, yuk biasakan buat buka wikipedia txt minimal 1x?ari buat social rate juga!, ubah ke mode desktop scroll?aca selama 3-5 menit",Neutral
4783,sensi pake yg biasa atau yg kf94 kak? btw makasih yaa,Neutral
3232,"alhamdulilah, luar biasa, allahuakbar",Joy
5793,sedih knp?,Neutral
703,hidup di negara isinya kenthu doang bangsat,Anger
5643,"bapakku arsitek, dan klo bikin rumah selalu ada bagian terbukanya katanya biar gak panas. alias biar hemat ac. dan bagian terbukanya gede banget. tp aku gk suka. soalnya klo hujan selalu ketampon! alian air hujan yg kena angin msk ke bagian tumah yg tertutup atap.",Neutral
3291,aamiin. aku udah seminggu lebih sepi huhu tapi gpp semangatt!!,Joy
3673,agatha chelsea cantik bangett suka banget liatnya,Love
2408,yaudah semangat,Joy
1327,udah aktivasi tapi takut ga valid,Fear
6848,"ngga tau kenapa, saya bodoh bgt dalam hal mengingat bisa bisanya saya melupakan ulang tahun bestie saya padahal dari jauh hari ingat, pas hari h lupa. jangankan dia, ultah mami saya sendiri aja bisa lupa pas hari h. ada cara ngga sih buat jadi orang yg ngga lupaan? capek.",Sad
5805,"media official tv nasional kok ikutan ng goreng eh maklum kan udah sepi, jadi ikutan ngegosip",Neutral
4909,"sebenernya udah ga cenggeng ko ndii.. cuma aku sebel kalo lagi ngerasain perasaan kaya gini ndi daann biasa nya kalo aku lagi kaya gini kamu yg nenangin, tapi nyata ndiisekarang pun kamu masih suka nenangin yakan ndi ? tapi dari atas sana",Neutral
4440,kmrn kepalaku pusing trs badan greges jd tidur saja pilihanku. apakah sudah makan sblm itu?,Neutral
5916,sesungguhnya allah tidak suka dengan orang yang selalu berwajah muram di hadapan kawan-kawannya. (hr dailami),Neutral
986,"pasti guru gue dah ini, kaku banget sih gue kesel",Anger
6024,buat apa sedih hati.,Neutral
6419,"stelah kemaren ditinggal snowdrop, trus minggu sekarang ditinggal bulgasal, minggu depan keknya bakal sepi bgt gak akan ada yg nemenin malam mingguan lg",Sad
6088,gua semalem lagi asik baca tiba tiba dia lock akun sedih bgt,Sad
5863,"tapi soal kerudung.. nggk gw gak bisa. keeudung yang mleyat mleyot, terus kusut sana sini eww no. bisa sih pake kerudung yang rabani. tapi hari jum'at - sabtu wajib pakai yang ada logo sekolahnya. daan kalo misal gw siap"" 5 menit (tapi kayaknya bakal lebih) terus perjalanan -",Neutral
4049,"enak kuenya, Love you cintaaa",Love
3485,suka banget postur tubuhnya,Love
2474,"alhamdulillah, i am happy for you nder, semangat teruss",Joy
3873,"suka banget telponan.. pernah 11 jam alias sama sleepcall wkwkw.. trus aku jadi tau kapan dia bangun, kapan dia kerja, kapan dia makan yaa pokonya gemes banget mumuku itu.",Love
1198,ngeri ni..,Fear
4181,daerah beling yang ada. yaa namanya juga si -paling-mengabdi.. siap di daerah mana saja :mukasongong:,Neutral
1518,bisa bisanya semalem mimpiin gwinam takut bgt,Fear
5871,"kita selalu brsama, senang sedih kita lalui brsama disaat kita sudah lulus sekolah kita mulai brlanjak dewasa, brpisah unt mr_anoncyber",Neutral
1799,"rep aja bro, takut nanti nyesel belakangan",Fear
1014,"kalo bocah koar koar kasih bukti aja biar diem, gua gak suka kedamaian",Anger
128,"tolol, namanya adek ga harus anak kecil. adek ya, yang posisi lahirnya setelah kakak, mau jecil atau gede ga ada urusan.. dongo",Anger
1364,"cuman aku malu aja buat ngepublish ke orang lain , karena dia juga gk pernah publish aku",Fear
5829,kisah ini tidak bisa menjadi bahagia ataupun sedih,Neutral
4470,gue juga gak jajan pake duit sendiri biasa minta nyokap tapi kok ini bisa ilang yaa,Neutral
891,anjingg kaget bikin kesel,Anger
2793,ujan2 mcam ini enak ngezoo ah..,Joy
5945,"nonton film kak, kalau belum pernah nntn miracle in cell no.7 bole coba. sama dengerin podcast2 yg sedih gituu kak",Neutral
4403,"saya dapat cerita itu dari hasil dengar kajian ustad hanan attaki. bukan hasil baca sembarangan, bukan juga hasil googling, bukan juga dari bible. kalo asumsi saya dikata yg enggak enggak, y anggap saja itu pertanyaan dari pikiran saya yg dangkal ini. terimakasih",Neutral
6738,"kadang gue sedih kenapa jd orang yg kalau ada apa2 diampet dewe, kan jd mumet dewe",Sad
6072,"karena tau rasa kesepian, manusia akan menjadi lebih baik. karena tau rasa sedih, manusia akan menjadi kuat. (princess tutu)",Neutral
3249,"mobilnya mantap uiii kayak di iklan di berita, maknyuss senang",Joy
1208,aku malu sst yang udah liat congrats kalian pernah memandang wajah istri kak andrew,Fear
3868,"aku bener bener suka senyumnya mutsuki. yuki senyumnya hangat, mutsuki senyumnya black prince banget . udah gitu aku suka hubungan mutsuki sama hajime. kalau yuki-kyo sering baku hantam. mutsuki hajime justru berteman",Love
6351,kalo dipikir pikir serem juga ya kalau semua orang bisa meraih mimpi mereka. kan siapa tau mimpinya jadi kek pol pot atau siapa gitu alias nyusahin banyak orang. tapi ya sedih juga kalau ternyata kita lah yang gabisa meraih mimpi itu. tapi ya gimana lagi yekan.,Sad
4065,"sampe sekarang gue masih sedih bakal nangis kalo baca liriknya. serelate itu sama kehidupan banyak orang. karya yang di tulis mark beneran bagus banget dan dari segi vocal, rap, semua yang dia lakuin di mv bener keren banget! dan bikin gue bangga sama mark huhu ily",Love
6056,"soalnya ga sesusah to m1p1 kok beneran, bacaannya juga pendek2, tapi ya gitu berbobot bgt buat otak pas masuk tka sumpah panas bgt, ac ga kerasa sama sekali mana sunyi, cuma ada suara kendaraan dari luar, bunyi klik2 mouse, sama bunyi kresek2 sarung tangan kebelet pipis",Neutral
1239,sebenernya takut ajg make ava muka sendiri,Fear
2289,enak banget,Joy
2740,enak parah si,Joy
275,anak cucu para bangsat bangsa?,Anger
4585,setahu gue founder partai ummat amien rais dulunya juga lulusan chicago university dan dia sih sah saja ngutip dari manapun,Neutral
1035,"saat itu juga pengen gua tonjok tapi ditahan jadinya gua dorong aja ampe jatoh dari bangku kalo suka tu bilang, lah ini malah bikin 3 kelas benci gua semua manaan ada yang bikin grup ""haters nya bella"" kenapasi alay banget goblok",Anger
1229,gabakalan ada habisnya ga sih.. takut ricuh jd keknya gak ada nder,Fear
1008,buat sendernya emang harus banget ya semua orang harus bisa bawa motor? kalo temen lo atau siapapun itu suka gatau diri ya lo bilangin lah,Anger
3828,beda banget dah raut muka orang yang suka dikasih jatah ama yang kaga,Love
2532,semangat snmptn,Joy
4293,si gabisa santai kl pake blush ampe jengkelan,Neutral
1058,bisnis haram nih artis indonesia yang suka banget bekerja dg uang haram hindari dan jauhi bisnisnya karaoke dll.. biadab banget mengajak masyarakat kpd hal2 yg negatif jauhi mereka semuanya para artis yg menjerumuskanmu keneraka jahanam naudzubillah mindhaliq .,Anger
5250,"cara melawan toksik maskulinitas rapuh, salah satunya adalah dengan mendukung laki-laki agar tidak ragu merawat dirinya sendiri.",Neutral
281,"terlalu cuek dan capek berantem terus, tiap gue complain karna dia terlalu sibuk dan cuek malah dia yg marah, like what??",Anger
1043,mereka suka playvic gitu knpsi sumpah pajamas kesel banget. nanti merembet kemana mana ya kayak semalem ngebela th dibilang solo stan kan anehh,Anger
1316,kaget.. masuk topik,Fear
968,chenle gamau di halu'in' gue saat itu kesel banget anjwingg kayak buat apa gitu loh bilang gituan heran gue kalau lo emg ga suka ya udah ga suka ngata2in ga ada yang maksa juga lo tu suka sama chenle itu hak lo but kalau ga suka ga usah hate emosi gue,Anger
2381,"allahumma sholli ala sayyidina muhammad semoga hari ini penuh keberkahan untuk kita semua, pekerjaan dan diperlancar rezekinya semangat pagi",Joy
5649,kasih gue satu alasan kenapa pada g suka matcha? hmm?,Neutral
1939,in other hand belum berani nonton kukira kau rumah meskipun suka banget lagu dan musikalnya krn (selain omicron) jg takut mental health jadi bagian dari plot aja,Fear
5081,bos aku kalau bad mood suka marah-marah ga jelas. untung aku tidak baperan,Neutral
1274,takut banget bocil tetangga lagi sakit yg tadinya mau menghirup udara mendung akhirnya tutup pintu lagi,Fear
619,"kereta milik cm sarawak, abang johari. celaka punya vvip!! aku paling benci dengan golongan puk**k ni",Anger
5911,"brother of the year, dahh jgn sedih lg yaa",Neutral
1742,"gak katla, ga wordle, yang hari ini bikin tegang semua.",Fear
1390,malu bingitttsssss,Fear
5766,"ga berlaku sama aku yg ga suka minum dingin dan berasa rasa, jarang banget ke area ini malahan. aku biasanya langsung ke rak susu yg dibawahnya juga ada air mineral",Neutral
1579,"kaget, kirain ada yang baru lagi",Fear
1655,ngeri bgt grup b.,Fear
3568,"bandung aku baca sekali, ampe sekarang belom berani reread lagi ih sama suka banget kalo ff ff nya ka shita, selalu ada jalan keluarnya dan happy ending gitu walaupun proses nya rollercoaster banget kalo punya ka rai aku cuman baca au chio ibel, yang ff di wp belom pernah baca",Love
2352,"bisa jadi tuh, kak. di sini juga kemarin begitu, beneran masih abg ini, sih. tapi semoga hari ini cerah",Joy
2212,"wajar, aku bahkan baru bener bener bisa pake laptop di kelas 1 smk. ga harus bisa cepet kok, kalau keadaan ga mendukung yaa mau gimana? gapapa nder, semangat. mulai sekarang sedikit demi sedikit pelajarin yaa? ke sodara atau temen yang punya laptop, kamu minta ajarin gitu",Joy
7038,"ngerasa gak sih orang yang deket banget sama kita sekarang satu per satu jauh banget sama kita sekarang, jadi ngerasa asing gitu. kadang diem-diem suka pengen lari aja kalau ketemu orang itu, apalagi kalau gak sengaja ketemu di luar jadi canggung bgt buat nyapa duluan.",Sad
3178,hehe have a nice dayy!! semoga hari ini dapat kabar baik!,Joy
3192,alhamdulilah jimin kemarin mimpi jimin dan sekarang dapat kabar kekgini seneng banget jimin we Love you,Joy
1307,khawatir,Fear
575,"sorry to say, gk dulu deh opini nya kak. gamasuk di akal dan hati nurani soalnya. ya kalo sekali dua kali mah gpp, kalo tiap pagi(?) hmm. mending aku rusak hubungan daripada trus trusan nahan emosi jiwa nglawan rekanan gatau diri.",Anger
2360,wedang jahe buatan w enak bet,Joy
1280,kating takut adek tingkat aku doang keknya. ini matkul wajib padahal bukan mkp :),Fear
5760,sederhana saja. kalau sombong; banyak yg nggak suka. kalau rendah hati; banyak yg seneng & nyaman denganmu.,Neutral
4957,"kadang pingin bilang ke sesama perempuan .. jangan lah bego-bego kali karena satu laki-laki doang. ga worth it gitu loh :"") kalian tuh cantik, pinter, sifatnya menyenangkan. di luar sana pasti ada cowok baik yang mau sama kalian. stop nyakitin diri sendiri gitu :"")",Neutral
5860,padahal lapaknya sepi ya.,Neutral
1993,di tlp ex bisa biasa aja tapi kalo ketemu jantung saya tidak aman,Fear
2639,"terimakasih sllu dukung bang,selamat akhir pekan sehat dn bahagia",Joy
269,kenapa pagi-pagi gini udah ada yang bikin emosi,Anger
629,benci banget gue njing sama kegiatan yang namanya bangun pagi!!,Anger
5241,"pura-pura kaget, atau mo cuci tangan.",Neutral
3081,"morning cantik, kebetulan nih kala pakai fc taehyung dan side fc nya jungkook jadi pas buat kamu wkwkw avail buat hari ini bisa kok tipikal aku itu suka banget bawel sama pacar terus juga kadang suka cerita hal random gitu dari mulai sambang sampe merauke wkwk bahasanya",Joy
3466,"pernah di infinite kalau di monsta x gak pernah, awalnya suka sungjong gara2 visual dia dan kiyowo banget apalagi kalau ngambek tuh kaya bocah, trus kepincut sama woohyun gara2 vocal nya sama sok gantengnya dia akhirnya woohyun jadi bias pertama sungjong bias ke dua",Love
6179,aaaaa sedih banget,Sad
4396,kalau nanya mau lanjutin dimana lumayan normal si. oiya mungkin temenmu cari semangat,Neutral
4023,suka banget mv nya! simple tapi ngena dan enak di liat nya!,Love
6704,sedih ;(,Sad
2046,semangat!!,Joy
4356,"pejabat yg buat hoax tolong dipenjara, hukum jangan belaku cuma untuk rakyat kecil saja..",Neutral
5995,tumben masih sepi,Neutral
2113,semangat zi,Joy
27,kadang suka emosi baca beginian tapi orang goblog emang susah kalo diajak ngobrol,Anger
2040,"gila, sepi bgt rumah gue berasa nge kos nying takut ah",Fear
3928,"tapi sayang ibu kos ga jadi satu rumahnya sama kos, diluar kota malah. jadi ya ibuk kos gabisa liat langsung kelakuan mereka jadi tunggu aja blio dateng buat jenguk kos, soalnya blio suka dateng dadakan wkwk",Love
6395,"berani kok, kalo gw lg stress+banyak masalah mesti rewatch, biar ngrasain jg sedih dan capenya mereka, ga cuma gw doang yg menderita wkwk",Sad
3216,pagi' dapet kabar baik tentang jimin,Joy
6591,sedih karna mati ditinggal ayang,Sad
3814,suka banget,Love
129,bangsat bener krn pelakunya adalah guru yg seharusnya mengayomi,Anger
5244,"jual app premium dari netflix, spotify, disney+, viu, iqiyi, wetv, youtube, hbo go dll harian bulanan payment via ovo, gopay, spay, dana full garansi affordable price trusted 1oo% jangan ragu buat tanya dan dm ya!",Neutral
6948,"trs gue makan sampe dibawain minum, dibilangin pake ini yang biar enak, intinya trs ngomong gak berhenti, gue dah nahan nangis karna merasa bersalah gue jutekin",Sad
4599,rencana imbas imbis tok. akhirnya yo bubar lah. wes biasa dikei janji2 palsu ki,Neutral
13,"angka covid lagi naek. kalo masih dilanjut event offlinenya, asli bodoh sih ni brand.",Anger
6073,"yang terbaik adalah percaya dan berlindung hanya pada tuhan, bukan pada manusia. karena akan ada kecewa jika terlalu percaya pada manusia.",Neutral
4476,respect sama mu mampu nahan tim tebaik bornmounth adu penalti saja wkwk,Neutral
1525,mama takut gmn,Fear
2365,make notion enak juga wkwk tau gitu dari dulu make ini app satu,Joy
4648,apa kabar dengan si kita ?,Neutral
3052,"sukailah suka, sayangilah sayang, dan cintailah cinta..maka di akhir perjalanan kau temukan kebahagiaan",Joy
4005,"sherlymu soft bucin banget gila gw suka, canonnya sherly caring ama understanding juga ke liam si cuma sayang scenenya kurang banyak ayo takeuchi-sensei banyakin konten bucin sherly",Love
2340,semangat mengkulii,Joy
374,"sjshhd yaampun iya pantesan, ih bego banget aku",Anger
5160,"mau seburuk apapun lo, mau sebanyak apapun kesalahan lo jangan sampe lo benci diri lo sendiri karena yang harus lo lakuin cuman satu, belajar dari semua yang udah terjadi. lo bakal spesial bagi orang yang tepat.",Neutral
6084,ya allah aku sedih kali sumpah denise hsgsfscs dari awal aku udh bad feeling tapi masih berharap gitulo paham kan,Sad
939,ini pasti type buyers yang ribet aku ngga kasih proof kok bilang aneh lagian setiap seller punya s&k sendiri kali kalo ngga suka mah tinggal skip ribet banget bikin kesel dulu,Anger
6773,sedih jg y kalo mau terang2an bucinin j bisanya di priv.,Sad
4573,"pesan delivery aja, kasian perutnya..",Neutral
2147,kurang 400k sampe target yoo semangat markf,Joy
3591,"thanks for the ga min! aku suka a qiao soalnya dia soft, baik banget kayak malaikat ga ngerti lagi",Love
6629,"wml rules done. akunku ika_ruyanah semogaa jaehwan sama baejin sembuh, sedih liatnyaa",Sad
6423,kecewa lagi,Sad
5953,tetap jadi org yg bahagia sebab setan itu datang dari perasaan tertekan dan sedih nice quotes bu guru untuk mamih satu lagi mih. tetap lah trsenyum mskpn di anggap gemblung.sebab senyum adlh sbgian dr ibadah dan hal yg paling dibenci org2 yg tdk suka dgn mu,Neutral
3623,"cantik!! lucu banget ponimu, aku suka ;__ ;",Love
529,"sakit hati, tapi ga berhak marah juga karena bukan siapa2",Anger
3714,aku dulu tertarik banget sama benda-benda dilangit. kalau ada pelajaran ipa tentang tata surya pasti selalu semangat. sampai nggak rela kalau jam pelajarannya habis. t __ t oh iya dulu juga aku mau jadi mermaid simply karna aku suka air..,Love
4732,"di negara taiwan tu lo joss kedelai jadi minyak goreng, biji matahari bisa jadi minyak goreng, bunga2 warnanya kuning ke emasan jadi minyak goreng, luar biasa di indonesia lo kaya raya bahan baku kok masih langka minyak goreng. stop goreng menggoreng dehh di rebus aja masaknya",Neutral
1269,aku takut,Fear
4281,"diem bae bitcoin lagi naik, ngko ujug-ujug ono le menanyakan kabar",Neutral
1394,ga malu apa ya,Fear
4850,okok. w gatau kabar covid begimana si skrg,Neutral
4009,"beneran ta, ini kakak suka banget nih tema, konsepnya nih",Love
4390,"09.21 simpang muara : antrian kendaran normal diketiga kaki simpang, situasi arus lalulintas lancar",Neutral
1797,tiba tiba banget aku kaget,Fear
2979,udah kayaknya segitu aja review (pantas disebut review ga sih?) atau kesan yang gw rasain selama nonton snowdrop gw ga spoiler terlalu banyak jadi moga pas nonton tetep bisa kaget dan kesel wkwk since its one of must watch drama too! ^^,Joy
1441,aduh jadi malu,Fear
6372,"unexpected ending, sedih banget pas adegan kena tembak didepan ceweknya lagi --""",Sad
6895,anjing nih eps 3 sedih banget bangsat gue nangis ampe idung mampet,Sad
3811,makin suka sama dia abis nonton one spring night gua jadi banyangin kalo di kehidupa asli nya junghaein itu emg seromantis dan sayang bgt sama pasangan dia,Love
1273,masih kaget.. dijilat??,Fear
4703,kalau di sini ma biasa ajaa masih banyak kali yg lbh gde dari ini,Neutral
1712,coy ngeri sekomplek wkwk sehat2 mat,Fear
955,"fi: lucu cara ngomongnya kayak arashi ih. ci: idih fiel jelek banget suka mleyotin orang, suka ngajak gelut pula, aneh…",Anger
5239,kita sangat khawatir ada orang yang melihat dan mendengar maksiat yang kita lakukan di balik dinding sampai kita lupa bahwa ada allah maha melihat di mana pun kita berada dan malaikat-nya yang selalu berada di sisi kita punya pena.,Neutral
5658,yang ni tak payah cakap banyak. tengok muka pun tahu jenis suka buat onar. terima kasih kerana report kami akan masukkan dalam list untuk report klik:,Neutral
6256,"ya allah sampe ke bawa mimpi ceritanya di gedor sama salah satu host, terus salah bales dm eh ga jadi menang. sedih sedih bangun2 langsung nyesek karna mimpi",Sad
6498,"yahh, sumpah sedih banget lohh, walopun zi bukan fans nya, tapi sedih lohh, mimpi buruk fandom tuh kaya gitu :((",Sad
403,"satu keluarga suka kucing tapi ada 1 orang yaitu nenekku yang benci banget sama kucing kalo ketauan main kucing pasti diomelin, diperingatin toxo, penyakit, terus bulu nempel sebel banget apaan sih",Anger
2071,"nggak tau ya aku up lagi kapan, lagi nggak enak badan dari akhir januari di tambah bulan ini banyak ujian praktek",Joy
6722,"kecewa, broken, membuang sedih, membuang masalah, paling parah si pingin move on.",Sad
1977,jangan jatuh cinta dan suka daripada sakit hati!,Fear
158,we ustzh marah sbb takde orang masuk kelas pai lepastu rupanya dia yang salah masuk link,Anger
3888,"terlepas kdg alurnya bikin kesel, tp terima kasih bu & team yang sudah membuat cerita yg epic dan masuk dlm sejarah sinetron, bikin banyak orang termasuk saya mau nonton sinetron lagi setelah belasan tahun vakum. maaf lahir batin bu suka misuh",Love
902,"kalau dari awal nak set senang je, baik awak cari anak orang kaya je. Kesel",Anger
352,tolol bersama..,Anger
4540,"siapa saja yang allah kehendaki kebaikan padanya, allah akan menimpakan musibah (ujian/cobaan) padanya (hr. bukhari) perjuangan penerapan syariah ..",Neutral
4130,mode biasa mode mengintai,Neutral
754,wordle 231 4/6 bego banget nebak huruf lain di percobaan ketiga,Anger
2971,ih jadi malu dipanggil bestie sama makji tapi happi,Joy
7045,"kurang suka kadang wkwk kalau udah cerita berarti udah bingung banget. mending di omongin langsung ke pacar, di cari solusinya sama sama. kadang kalau berantem tuh kalau kita sebagai pacar pasti bisa maafin dan ngebucin lagi tp kalau cerita ke temen, belum tentu mereka bisa",Sad
2920,"gua duduk sebelahan sm kak ji, tapi kita chattingan lwt hp. trs dia ketawanya ""awokwok"", gua reflej bales ""aneh banget ketawa lu"", abis itu dia marah ngambek gtu wkwk",Joy
311,kalau tunjuk muka dgn anak dan isteri kemudian buat kenyatan bodoh ni..tu bukan berani bang..tu bapak bangang lagi bodoh degil mcm kaldai yg tk fikir anak2 dan isteri tersayang..ibarat kau bgi gambar kau dgn isteri kau tengah berjubo depan anak2..then berlegar dlm sosmed.,Anger
4644,"jalanin saja dahulu, menyerah kemudian.",Neutral
661,bangsat banget!!,Anger
1989,harap demam biasa :( takut copid,Fear
3665,"ngemis-ngemis cinta mah sah-sah ajaa, asal lu tau risiko yg bakal lu dapetin. jangan malah nyalahin orang yg lu suka ketika orang yg lu suka ga suka sama lu balik dan juga ngerasa ""si paling berkorban""",Love
306,"pinjem duit di leasing, giliran ditagih marah ke penagih bayar listrik nunggak, giliran petugas pln cabut fasilitas listrik, eh petugas pln malah dikeroyok. pesan barang cod, enggak sesuai ekspektasi, malah kurir yang disuruh bayar. wow, luar biasa!",Anger
2335,"semangat pagi, semoga ada rezeki hari ini",Joy
4790,apa kabar juniordanyw,Neutral
2356,senang bangett,Joy
3702,efek paparan belaka - terbiasa menjadi nyaman larangan untuk berkumpul bersama orang-orang yang ingkar dan suka mengolok-olok.,Love
3804,handy mandy nih bapak ak yang anti banget kartun tapi belio suka,Love
1927,"kalo sosis rebus enak, tp nugget?? aneh gk sih???",Fear
6418,sedih,Sad
3427,"dari yootaeyang ke inseong tiba2 satu hari ngeliat inseong ganteng banget rambut putih terus kesemsem, ngeliat foto lamanya pun kayak mikir ""inseong selama ini seganteng ini??"" terus ditambah emang dari dulu suka jokes inseong makin bucin dan sekarang menjadi bulol official",Love
749,"baru mau sedih kenapa close, endingnya bikin emosi. semoga hari lo senin terus",Anger
3638,"gw jatuh cinta, apalagi pas dia suka senyum-senyum sendiri pas sama gue",Love
5151,"hal itu berjalan selama setahun, lancar tanpa halangan. tetapi suatu ketika, dana mengetahui semua apa yang dilakukan anak bungsunya selama setahun itu. dirinya benar-benar marah, tidak terima dengan perlakuan fauzan.",Neutral
1266,kaget kirain kelirik taunya bukan as lihat akunnya,Fear
5875,jangan lupa sarapan min.. karena sedih itu juga butuh tenaga haha,Neutral
6254,yah kecewa dak do stiker nyo lagi,Sad
3595,"hooh suka banget liat style dia yg kayak gitu,",Love
2134,"pagii~ btw cuaca enak gini mendingan tidur yok, have a nice weekend~~",Joy
5066,hanya orang orang bodoh saja yg masih mengagungkan seseorang yg tak tau kerja,Neutral
4109,untung sudah biasa ngurus apa apa sendiri yaa. plus point for me,Neutral
4969,"ketika berbuat salah, jngan mengeluh, jangan marah. tetapi pelajari kesalahan, kemudian coba kembali dgn cara yg berbeda",Neutral
4904,banguna dapet kabar baik,Neutral
514,"ah alibi siamah, bebeja weh teu bisa nahan sange, embung coli jadi weh predator. emosi pagi pagi.",Anger
6326,aa sedih bgt progja udah selesai semuaa hwaa gamau udahan kkn-nya,Sad
409,"nah ini. kalau yg kita benci kejahatan2nya, siapapun wajib dilaporkan. dalam kejahatan itu siapapun bisa terlibat, kan?",Anger
6371,"mesti itu mirip sama wajib ya? ya engga juga sih kalo dibilang mesti. kalo emang mesti mereka yang maaf (gabisa punya keturunan) gimana? senua tergantung niat awal menikah. niatin aja buat ibadah, kalo diniatin nya mau punya anak, nanti pasti kecewa klo ga dikasih, jadi ya was"" ja",Sad
7051,"kadang diriku suka ga paham sama perasaan diri sendiri ga tau mana yang beneran sayang mana yang cuma sekedar pura"" semua orang ku anggap sama ku beneran tulus buat temenan sama semua orang engga pilih"" juga allah aja ga pilih"" masa diriku manusia biasa pilih"" tapi sering kecewa",Sad
7000,cinta memang rumit dan menguras energi jiwa raga hati hidup w :(,Sad
6134,"sabtu galau, 05 feb 2022 actually ngga yang galau galau banget sih tapi kayak sedih sama ngakak juga entah yang keberapa kalinya suka sama seseorang yang udah punya pacar even though blm officially liat dan denger sendiri dari orangnya or his social media hahhaha",Sad
207,"yang no 3 ""izinkan suami berpoligami,untuk mencegah perzinahan"" aduhh goblok banget ya jadi orang, jadi selama ini pernikahan itu zina gitu? dan poligami itu bagus & dianjurkan diagama gitu? helloww diagama gaada tuh 1 kontol harus 2 lubang. bajingan bangsat lo",Anger
458,"mau apapun yang aing post di medsos ya berarti aing merasa hidup aing udah cukup , bukan buat alesan saria nginjem duit ka aing dan ga bayar hutang, makin sini kaya makin tolol aja emang orang2",Anger
2054,pokok semangat sek,Joy
2430,"10000?0 sihh enak didenger gituu, lirik nya juga relate bangett djdjjfjf keren ya tuhan",Joy
250,wkwkakak faker tolol ye,Anger
6046,bogor sepi ya bang,Neutral
1107,"aq dh 5 kali approach..smua ke reject..sedih siot..siap depress..tu la nk ckp takut nk approach dulu x la tp effect after approach tu yg prob..klau diterima ok..lau x sedih,malu,marah semua ad..and its effect ur life..kdg rasa penat dah nk hadap",Anger
5743,"kenapa ya, kalo au bxg peran mingyu tuh pasti jadi cowo sempurna yang buciin banget sama cewenya, kalo wonu perannya pasti jadi cowo brengsek yang suka nyakitin cewenya. tp kenapa pas au minwon mingyunya yg jd cowo brengsek se brengsek-brengseknya cowo dan wonu jd yg tersakiti.",Neutral
1713,orang dulu siap mesyuarat satu kampung nak tentukan tarikh nikah takut bertindih susah orang kampung nak datang rewang.,Fear
3911,"keknya gue kesengsem ni ama mew suppasit sampe kebawa mimpi pas tidur. dan gue baru tau dia actor yg main di series bl . gue awal taunya dari lagi dia tbtb muncul di spotify gue, terus jadi cintaaa banget sama suara dia dan senyum dia yg di vclipnya zom marie blush",Love
715,"ini klo gue isiin kyk gini bisa2 abis di comot ponakan gue trus di bagiin ke temen2 nya, baik nyerempet bego dia",Anger
552,"aku ngadu ke dia dong, tatang marah ngajak aku ke tempat ayato. disana dia langsung ngomelin ayato. ""lu jadi ketua kelompok ga becus banget sih?! malah anggota lu yg nyariin buat ngajakin kerja kelompok sampe babak belur begini diboongin preman sekolah!""",Anger
1439,"i decided to buy pc from kseller je nanti, i takut i tak dapat pull my fav member sebab tangan tak wangi",Fear
2270,jangan lupa sarapan. semangat buat hari ini!,Joy
3144,"haii sasa, apa kabar? jangan lupa sarapan yaa , minum air putih banyak banyak , jaga kesehatan yaa!! . kalo keluar rumah jangan lupa pake masker , cuci tangan dan jangan lupa jaga jarak . have a nice day , semangat untuk hari ini!!",Joy
6755,"baik, pake kata tolong, dan bersedia nungguin. sedih banget",Sad
1925,"km luarnya klo ada mbak?as kebersihannya enak jd ada yg bersihin tiap minggunya. yaa krn bareng2 jd kurang privasi aja km dalemnya privasi terjaga, kl mlm ga usah keluar kmr. kl kamarnya kecil jd lembab, rawan binatang2 kecil, bau huhu (klo g rajin bersihin ya)",Fear
634,"wes ngene wae nder serlok saiki, marakne emosi esuk2",Anger
316,marah marah terus! keriput!,Anger
6644,"kenapa ya kalo tengah malam tu suka sedih sendiri berlarut-larut trus semuanya kaya berkelebat di kepala mulai masa lalu, masa sekarang, masa depan tuh whyy",Sad
427,"santai buat cowok , gak ush emosi , sabar ok. biarkan mereka menilai seperti yak apa tentang cowok , kita cukup memilih mana yg lbh cocok haha",Anger
5251,"dengan majikan lewat 5 minit pun kita takut. tapi dengan allah, kita langsung tak takut. kadang-kadang solat dekat nak habis waktu. - uai",Neutral
105,"betul org cakap, kalau tak bodoh bukan bn namanya..",Anger
3041,"w ngerasa cringe bgt anjir dr kmrn, kayak mau ngetik kak tuh a nya suka ilang jd kk emg sama aja si.. cm kan kesannya baku banget kyak w ngetik kakak tp di singkat jd kk hehe, kocak and ngakak deh pokknya",Joy
4238,ketiduran nunggu kabar dari ayang,Neutral
2169,ngopi enak,Joy
1709,grub b ngeri kali,Fear
89,paling benci kalo lagi diem terus panik sendiri gatau bingung kenapa :),Anger
2241,"good morning gita, semangat buat nanti streaming nya (2Œ’_2Œ’;)",Joy
3174,"bang tombyyyyyyy apa kabar, lama gak nampak, sehat slalu ya.. ayo ikutan bang.. alhamdulillah kabar saya baik, dan masih wangi",Joy
5283,"maksudku perjalananmu ke sini. . tapi, junsoo-ya sudah bertahan sampai sejauh ini, sangat menakjubkan! erangan itu”” meski samar terdengar pada indera pendengaran”” roman cemas tetap terpampang secara jelas. mereka, kan sudah lama dipisah oleh jarak, chaewon ”",Neutral
1949,jap i confuse crush i kan up status takde sapa sayang dia padahal dia tahu i suka dia and kalau nak cakap lupa i tengok status dia hari2,Fear
4044,"semangat jalani aktivitas hari ini, ilysm",Love
2848,risol kenapa enak banget ya,Joy
1,"kok stabilitas negara, memange 10 thn negara tdk aman, bahkan sby menyuburkan ormas2 radikal, intoleran, teroris, yg berafiliasi ke partai tertentu..narasi klhtn intelektual tp bodoh..",Anger
4337,"pula diboyong engkau pada pepatah; wahai , , datanglah. kemari, kami tumpahkan pesan bergerigi, kami serakkan pesan sebelum mulai berotasi. pastikan pedoman ini sampai tepat di tujuan.",Neutral
935,nie ayam kampung kenapa suka banget ribut sikk,Anger
6061,tetap semangat biar cepat sembuh y pak rektor tweeter sepi tanpa mu bagaikan sayur tanpa ikan asin..,Neutral
2720,fokus aja ngembangin identitas tim utk di masa depan mu sudah ancur2an sejak lewat sepertiga musim yuk mu semangat benahi tim,Joy
591,bego emang nggak bisa apa apa lu zar cuman beban doang,Anger
5310,"salah satu sudut bibirnya kembali tertarik ke atas membuat senyum tipis terpatri pada paras tampan miliknya. dengan penuh semangat ia melanjutkan bait dari lagu anak sekolah ini. ""tiap kali kau bermanja gemetar rasa di dada ingin kubisikkan cinta tapi hati ini malu jadinya""",Neutral
2936,"eng! guys aku abis bikin poem bahasa inggris lagi hihi, pada nangkep maksudnya kah? takut ga nyampe meaningnya",Joy
2448,bila akhirnya bahagiaku bukan bersamamu aku selalu berharap bahagia kamu adalah ssat bersamaku,Joy
1576,takut ditolak :),Fear
5912,kua mana aja yg sepi biar cepet,Neutral
213,boleh benci tapi jangan bodoh,Anger
778,marah.,Anger
3496,"r.i.p kepada minatku melihat foto2 masa kecilmu, ga nyangka banget padahal sebulan lalu kalo gabut dikit masih suka tak liatin",Love
5555,"kalo abis sakit lalu sebats udah berasa enak lagi, itu tanda kalo sudah sembuh",Neutral
2043,semangat dan bertambah kuatlah kalian frp_natsud_ frp_lucyheart frp_wendy ~,Joy
6415,"belum sih, mau zoom dulu ((sedih karena sabtu nggak libur))",Sad
1567,karena kalo malu bakal malu banget ini lebih lebih dari orenji untung beneran iri jongu,Fear
165,"hiyahiyahiya. terpesona, ku pada pandangan pertama. dan tak kuasa menahan emosi.",Anger
4702,belum lagi jam 9 nanti soundtrack rilis semoga banyak kabar baik ya hari ini,Neutral
3566,"suka banget sama layoutnya, thank you ya",Love
5418,"kami respon via dm ya kak, untuk nomor internetnya yang di info via mention harap dihapus ya karena merupakan privasi pelanggan yang khawatir di salah gunakan oleh pihak yang tidak bertanggung jawab, terima kasih. - lia",Neutral
6727,"sedih sumpah yang bikin gue bertahan nge stan secret number selama ini cuma denise, sebenernya dari awal 2 member baru masuk udah punya firasat kalo denise keluar sih, tbh aku masih gabisa nerima kedatangan 2 member baru itu. thankyou denise, thankyou secret number and goodbye.",Sad
2013,"lah lah kaget dong aku, kok kamu malah sedih??",Fear
273,masih pagi gue dah emosi.,Anger
3860,"pasti bakal gemes karena tristan bisa gemes sendirii punya pacar yg suka dimanja he will take care of you gently and very well, tristan akan membuatnya nyaman dan akan dijaga dengan baik. tristan juga orangnya mengayomii. yuk cek carrdnya dibawah untuk informasi",Love
4167,"pindah alhamdulillah..ga jadi pindah jg alhamdillah, tidak ada pengaruhnya pada sy..tetap nyari rejeki sendiri yg halal utk keluarga tanpa hrs mengiba, menjilat, mengadu domba antar sesama anak bangsa. pesan simbah sy, ojo ela elu..ojo gumunan..ojo mateni rejekine wong liyo",Neutral
5650,"ya walaupun kadang gue kalo kesel suka kelewat batas. tp skrg gue lg berusaha banget biar ga negatif"" amat jadi orang minimal sopan lah",Neutral
3788,"berawal dari sahabat eh jadi pacar wkwk, terus suka gimmick saling sayang padahal iseng doang akhirnya jadian",Love
5183,tinggi di depan,Neutral
394,lagu ngegalau kelas 10 pas lagi jaman jamannya galauin cowo yang seharusnya ngga gue galauin haha dasar bodoh,Anger
583,blm di tuduh pki da marah lu drun.,Anger
7057,"iya gue milih jalan yg gatau salah gatau bener, gimana caranya rumah tangga gue baik baik aja.. cuma itu. memang setelah mba e ini lama hubungan gue baik, bahagiaa, ribut hal kecil ya tp sampe kena pukul dan pala bocor sih gue udah biasa dan itu hal kecil buat gue.",Sad
6560,sedih nderr,Sad
5821,"jangan sedih jangan galau gue punya mbah dukun langganan yang mujarab, kalau mau gue kasih alamatnya nanti nih.",Neutral
6766,sedih banget pls..,Sad
520,kamu aja yg tolol bin dungu..!!,Anger
1763,dan chat mita di whatsapp official 0811-84-1400. hati-hati terhadap akun palsu yg mengatasnamakan bank mandiri dan meminta data rahasia. semoga sehat selalu. tks~kareen (end),Fear
1875,gue takut..,Fear
3965,"bukti satu lg, bahwa proses untuk warga kecil sangat lamban. namun untuk pundi"" uang terus digenjot setiap bulan nya. juga lagi dan lagi birokrasi yang super menjelimet. kenapa pejabat suka banget bikin pusing diri sendiri ya? padahal otak saja gapunya",Love
3344,wkwkwkkwk suka banget ama mereka aku tu,Love
2253,"makasi kembali ka, semangat pagi ^o^",Joy
3224,"jiminku sembuh, semoga dia secepatnya bisa beraktifitas seperti biasa",Joy
526,"pas mlaku ijo dikon ngucapke habede tau, ilopyu jangan marah yo tau tur nek pas oren kok kon ngucapke ngene njuk le ngomong kepie gek lanang?",Anger
2946,alhamdulillah pake kerudung karena keinginan sendiri. justru malah malu pake baju haram,Joy
4473,apaa kabar? jangan lupa sarapan,Neutral
3899,"dan gue harap sih ke jadian, si te suka sama ggvk bucin cinta ama dia tapii semuanya terlambat karna ggvk dah pergi biarin dah dia idup dalam penyesalan hidup dalam penyesalan tuh lebih sakit dibanding dikasih karma yg datang cuma sekali",Love
692,emang dasar nya pada tolol semua yang komen begitu,Anger
6687,":( sedih, knp bub aku",Sad
4444,"hoho ga kokk sunbaenimm, aku tuh baik budimann, cuma emang tingkat hormon isengku tuh diatas batas normal",Neutral
3633,makasihh banyak udh baca melt into you seneng banget tau kamu suka miy stay healthy and be happy always ya,Love
1050,"hadeuh kalo inget bulan ini bikin sakit ati banget anjeng, udah deket lama aku nya udah suka eh malah ujung ujungnya sama adek kelasnya kan anjenk kesel sendiri jadinya",Anger
590,entah harus bersyukur karena dikasi tips atau emosi karena secara tidak langsung tertampar kenyataan,Anger
519,makin banyak orang tolol asu goblok,Anger
3380,"suka banget, lagunya enak2",Love
3676,padahal mereka juga yang suka shipping aneh banget,Love
5835,hoy tl sepi nih,Neutral
5179,kenapa dia marah marah.,Neutral
1607,ako malu sekali,Fear
3610,"aku bukan vampir jadi suka bawang haha iya sih, soto sama kari emang banyak banget yang suka",Love
6752,mau dong mutualan.. akun baru netes masih sepi bgt :(,Sad
1809,"rada ngeri yaa, apalagi strAnger gitu",Fear
791,"dinamik socmed au joongdok gak jauh dari physical attack lahir batin. selamat pagi, saya bawa kisah kebodohan (fresh from the oven) seseorang yang memang pantas dikatain bego. ga sanggup lagi gua anjir.",Anger
792,oalah masi pagi sudah dibikin emosi.,Anger
5824,"park shin hye, son yejin. bagiku kek 2 itu ratunya drama sedih",Neutral
1855,"malu banget anjirr, tadi ada yg teriak ""misi paket"", gue udah buru2 mau buka pintu, kirain paket gue udah dateng, taunya paketnya untuk rumah sebelah",Fear
1980,"ga boleh boncengan cowo cewe kalo bukan sodaraan, aneh banget sih menurutku. soalnya kan banyak nih cowo-cowo yang suka dengan baik hati nawarin boncengan soalnya ya emang baik aja gitu as a friend, masa gabisa sih. btw ini sekolah negeri ya",Fear
3233,"iya bener, mood bgt pagi ini denger kabar jimin.. perjalanan ke tmpat kerja senyum2 terus sambil denger lagu bangtan, ngasih tau bpk2 di jalan jg gue ramah bgt njir",Joy
3598,"tak suka aku takpe, aku boleh blah. aku harap aku dah penuhi pertolongan yang kau minta dengan baik. terima kasih.",Love
933,lama2 nyebelin bgt ya anak2 hasil keluarga bahagia ini -_-,Anger
3963,"aku cinta dia mak aku suka dia mak yang sedang"" saja..",Love
5260,jangan panik nder terakhir tgl 15,Neutral
6570,langit tau banyak yg lagi sedih makanya turun,Sad
4179,gue dulu pernah bahas ngerinya jalinsum..mau jalan biasa atopun tol bagi penjahat gak ada bedanya..petugas harus lebih bernyali dibanding penjahat2 disana..,Neutral
4026,"happy birthday my mom sorry lupa dah saya tak pandai berkata2 cuman mau bilang sehat sehat makasi sudah melahirkan saya keduania ini, maaf selalu bikin marah terus kadang ga bisa ngertiin keadaan mama i Love you hahah dahlah telat 5 hari lagi",Love
7072,"aku-yang selalu mudah kepikiran, berpikir kalau keluarga lama-lama muak membantu keluargaku terus, walau padahal mereka terlihat ikhlas-ikhlas saja. aku merasa bersalah karena di umurku yg menuju dewasa, aku ngga bisa membantu keuangan keluarga. aku jadi merasa lemah dan useless",Sad
4116,g biasa srpan raa,Neutral
988,"tiap sabtu kebangunin anjir grgr dibelakang rumah ada ibu ibu suka senam dan pake speakernya tuh gede banget anjing suaranya kaya bener bener gede banget gila, udh pernah ditegur sebenernya tp diulang lg gt kaya minggu depannya pasti gede lagi si suaranya :) bgst pen tdr aku",Anger
5458,bukan uang banyak yg perlu kita punya. tapi ngobrolin rencana2 indah aja udah bisa bikin kita bahagia. - mama,Neutral
3453,"most noticed kulit jadi lebih halus. pori-pori terlihat samar. setiap pagi kulitku terlihat fresh dan plumpy. efek brighteningnya juga ada. aku suka banget hidrasinya. untuk menghilangkan bekas jerawat belum terlihat ya, karena pemakaian juga masih sekitar 3 minggu.worth to try",Love
6462,lagunyaa monyet sedih bgt,Sad
3778,aa suka banget senyum tae disini anwjjsjjw sayang sayang bangett.,Love
5941,msih sepi apakah masih pda tdur / udh pda sekolah?,Neutral
3093,"me too, malah kalo menang ga suka aku kasih tau, jd kalo aku beli2an barang gitu kek ""yaudah kalo ada uangnya mah"" wkwk",Joy
3155,hari ini dapat kabar baik,Joy
5069,"umpama serasinya merah dan cinta, marah juga menjadi simboliknya. biru pula setia pada satu makna, laksana sebagai penyejuk mata. ada yang meraikan perbezaan, ada juga yang tegas pada satu pendirian. sekadar coretan tiada makna, merungkai cara fikir manusia.",Neutral
3201,pagi yg cerah dapet kabar baik dari bighit,Joy
5714,"ya karena,aku gk suka cinta cintaan",Neutral
1098,ini boleh ga si aku kecewa or marah sama dia haha.. cuma krn aku beli acrylic frame trs majang pc bareng sama polaroid ortuku dia blg gini apa aku doang yg sensi nih ya dikira nge kpop bikin lupa semua hal? bahkan ortu sendiri? lo bikin gw makin ga mau kenal spesies cowok dasar idiot,Anger
6508,"demi allah.. yang kena siapa, yang nangis siapa.. gua jadi peran badguy banget klo begini pdhl gua yg dibikin sedih",Sad
2844,"anjay, semangat kk",Joy
886,"kalian pernah mimpiin seseorang yg random? dan lgi ga mikirin org itu, mimpinya absurd dan kerasa nyata, kaya klo mimpiin org lain tuh aneh aja padahal sebelum tdr biasanya udh prepare diri (doa dll). dan sebel jg apalagi pas tidur kebangun gara2 kaget/ada suara bising:(",Anger
6985,"ketemu cowo itu di pekanbaru. masi ingat banget semua hal sama dialah walaupun ga pernah jadian. ya sesayang itu dulu. sekarang sih dpt yg better. tapi dgn kejadian itu aku bs blg ke anak perempuanku one day, jgn mau di blg suka trus km ambil hati kalo ga diofficialin :/",Sad
5489,masih semangat retwit nggak?,Neutral
515,"eps 7 saya kesal dengan gwinam ni ngapa kaga die sih? emang zombie immortal yak? udah jatoh dari lantai 4 bos, apa harus di shot gun baru die ni orang? terus namra bisa feel gwinam, tapi gwinam nggak bisa atau nggak ngerti?",Anger
6530,sedih betul,Sad
4833,"pedri : ""publik sangat penting bagi kami. mendengarkan kehangatan dan kasih sayang mereka luar biasa dan memberi anda banyak kekuatan.",Neutral
1453,waduh takut takut,Fear
3553,awalnya gua balas story junior berkedok senpai gua kan terus gua tanya bilang bagus gak dia bilang bagus banget dan sekarang gua malah betul2 suka sama nih anime huwaa ngakak terus,Love
3609,"kalau denger lagu loey, pasti yg pertama suka yours. sayang sama suka bngt sama lagu ink. kalau gak dengerin lagu ini, mungkin gak bakal kenal exo:((",Love
4665,"bertahanku bisa saja pasti, tp kalo d siasiakan mending di evaluasi ayo jalan",Neutral
2506,semangat kerjanya!,Joy
2994,mandiri tanggung jawab rendah hati sabar dan takut akan tuhan..itu saja udah cukup utk harapanku :3,Joy
3999,done bismilah makasih giveawaynya kak semoga sehat selalu panjang umur dan banyak rezekinya amin jangan lupa istirahat dan jaga kesehatan ya kak mau jeno ecan jga gapapa kak yang penting di kasih semuanya suka kak,Love
6706,"barusan liat trend denise katanya keluar dari sn, ya ampun sedih banget baru bangun baca ginian",Sad
906,"dokter ngmongin pola pikir sama treatmentnya disebelah mana? mati semua? ini gue masih idup. gue ngmong ortu gue bahagia setelah mati,karna gue ikhlas? kagak!! gue ngajak debat biar pro pemerintah? kagak najis. reply gue baca lg, yg gagal nanganin pandemic ga indo cma indo ko",Anger
28,si mutajir mancing emosi sih pagi2,Anger
6075,"terkadang, bukan karena dusta, kamu membenci seseorang, tapi karena sedih menerima kenyataan bahwa dia tak bisa lagi kamu percaya",Neutral
2507,enak dong :),Joy
2428,"kak, semoga semuanya baik-baik aja yaa, jangan lupa makan yang enak dan dengerin musik yang bikin tenang supaya keadaannya sedikit membaik.. semangat ;33",Joy
5043,kok dia mau ngedads bodoh sih pake kasih uname akun itu? agak bodoh ya wkwk trus abis itu lu apain anaknya wack? kaga lu sidah isbat anaknya?,Neutral
762,boleh ngomong bangsat gak sih? :) masih pagi uda emosi jiwa,Anger
3747,"yaallah rumah impian gue banget, ga besar tapi ga kecil banget. suka banget ih, adem banget keliatannya :(",Love
4811,: aku mengganti handukku : kalian ingin tahu merek handukku? nanti saja ^_^!! hahaha : ini bisa dijadikan konten haha : baiklah selamat malam untuk hari ini!,Neutral
284,masih pagi udah emosi,Anger
686,konyol og.. ngajak 'panas-panas'-an neng grup chat.. ketemu langsung laah gontok-gontok-an ketok moto sekalian.. tapi bar kui beres ga ono dendam/rasan-rasan.,Anger
6540,"ikutan sedih bacanya, keputusan berat tapi aku yakin denise pasti udah pertimbangan hal ini. yang terbaik untuk denise, semangat juga lockeys.",Sad
2353,selamat pagi semangat semoga segera bigwin ya,Joy
5697,"breadtalknya aku kasih temen, ngga suka abon rasanya aneh wkwk itu dibeliin cust",Neutral
6083,kok saya tetap sedih ya,Sad
21,huahh benci covid bangett. semoga berhenti di jimin tidak ada jungkook dan juga taehyung. no god pliss,Anger
2752,yo enak seh gawe tandang gawe ndang mari,Joy
885,kau cuma kaget2an.. ayam gw juga bisa kaget.. Idiot amat jadi orang,Anger
917,ini mah enk di suami semua kga enak di istri gblk,Anger
1040,"duh tuh anaknya nanti kelakuannya mirip gue banget deh. biar bisa dinasehatin terus tiap hari. daripada dulu suka nyindirin gue berkedok self reminder, mending langsung kasih copy pastenya aja ke mereka tuhan haha",Anger
6849,gagal menjaga emosi di kata terakhir,Sad
1265,ohh gitu.. kaget bentukannya kayak preinst,Fear
4579,kirim foto yg biasa ada tulisan topup berhasil sih,Neutral
6128,aa sedih,Sad
277,menghindari perzinahan kok poligami sih tolol banget goblokkkkk. makanya titit nya gausah gatel liat perempuan tetangga.,Anger
5084,. sabar itu keliatannya bodoh kalo dipikir pake logika :),Neutral
2084,kamuu juga sehat dan bahagia selalu yaa ;3 thank you soo much udah baca,Joy
1245,mbok 15mbps ngeri ngono,Fear
2382,enak nih pagi2,Joy
571,"gua mau nyemangatin org"", tp gua sendiri lg ga semangat, aduh keenan knp bodoh bgt si. haloo moots, tetep semangat yaa, luv u.",Anger
1435,pernah ga sih ngerasa takut berlebihan buat sayang bgt secara tulus ke orang?,Fear
3902,"[fakta melody] melody suka menanam pohon, maka dari itu dia ambil jurusan pertanian, biar bisa menanam benih cinta gue ke dia",Love
5089,"semakin sakti manusia mk semakin bodoh akalnya, semakin tdk punya apa2 (kesaktian) mk semakin kenceng sandaran pada al 'aziz allah swt.",Neutral
1247,gua klo udh pd ngomongin skripsyid takut bgt dh sumpah,Fear
4681,tidak membahayakan gimana bagaimana dgn foto udaranya jgn dinilai dari satu segi saja.. ini pendapat saya yg bodoh,Neutral
3526,aku suka banget sama hampir semua genre sih. kayanya kecuali metal sama rock :] akhir-akhir ini selera musikku lebih ke calming vibes yang enak didenger sambil mengerjakan apapun. coba dengerin ini deh kak!,Love
2514,"have a nice day teh, semangat banget nih diliat liat",Joy
1007,"sumpah benci banget kalo dibalesnya gini. iye sehat-sehat aja sekarang, merasa bersih, tapi di dalem badan nggak ada yang tau. apalagi kalo main sana-sini dan suka seks berisiko. masa sih tega celakain orang yang katanya lu sayang?",Anger
4770,"wkwkwk biarkan saja, yg penting dia bisa bahagia",Neutral
4543,baru saja mengirim video nagari durian tinggi - kapur ix,Neutral
5329,ada dengar ceramah ustaz ni pasal riak. macam kalau kita pergi rumah orangkan kita nak solat sunat tapi takut riak. teruskan solat jangan tinggal kerana kalau kita tinggalkan solat kerana riak itu adalah riak.,Neutral
6133,"sedih banget kok ada orang kayak gitu, rasanya mau ku ulek tau. manusia bukan sih",Sad
2064,semangat,Joy
5590,"juara bukan hanya sekedar usaha dan menang, tapi harus bisa bersyukur, kalau gk ada rasa bersyukur tidak akan ada rasa puasnya dan tidak akan tenang, jadi ingatlah utk bisa bersyukur",Neutral
1690,"idih nuning kabur dari space ka ciba .,, takut yah",Fear
6112,penontoon kok sepi sih? tarak tarak tass,Sad
1985,"terus tadi gue sempet stalk ig nya gitu terus lo tau?? gue ga sengaja click like anjir demi allah gue langsung ah mau menghilang dari bumi!! terus kalau di sekolah kan suka papasan gitu gue suka pengen nyapa tapi takut, duh gimana ya cara kenalan nya? kasih tips dong",Fear
294,"kalo di sinetron itu yg jahat jahat banget yg baik bego banget --""",Anger
1547,takut banget..,Fear
2012,plis wei baru bangun tidur tiba2 pas buka twitter dapet kabar denise,Fear
588,ramah tamah rajin marah tak mau mengalah,Anger
3329,lucu banget editannya aku waktu sma suka banget sama series ini. liburan ke bandung cuma buat nyari gramedia buat beli series ke-4 karena dikota aku belum ada,Love
2403,selamat pagi pak dhe tetat semangat dan sehat selalu,Joy
2129,"siipp kak, kalo gitu bisa ikutin semua s&k giveaway yg ada di caption postingannya ya. semangat terus! :) ^mc",Joy
3998,baru seminggu vegie kangen banget dah makan ayam goyeng. terakhir makan ayam di kereta beli ayam mekdi yg spicy di st gambir maem bareng ayang nyuapin ayang padahal dia gak terlalu suka ayam tapi karna w mau mekdi doi mau gak mau ikut makan. sekarang dia seneng w gak makan ayam.,Love
6196,hal yg sedih pagi ini adlh saat aku ngerasa kasian m diri sndr. saat Sadar diri bnyk hal yg harus diperbaiki. saat Sadar klo aku gak boleh terus²an kayak gini. saat aku harus lebih berani utk terima perubahan. saat aku harus menguatkan diri utk sekedar mencoba,Sad
3741,"enggak, suka oleng sana sini tetep aja balik lagi ke mas ganteng peletnya kuat banget",Love
3508,"pertama kali aku tau exo tuh, aku suka banget liat suho 2013 gaada jamet2 sama sekali emang lain ya orang kaya",Love
2719,aamiin allahumma aamiin semangat pagi,Joy
4521,"karunia pekerjaan. siapa pun anda yang saat ini bekerja di perusahaan, instansi swasta maupun pemerintahan, baik sebagai karyawan biasa atau atasan, jika ingin pekerjaan anda membawa berkah, buku ini bisa menjadi wawasan mencerahkan bagaimana bekerja yang membahagiakan!",Neutral
5150,bila menyampah / jealous tapi tak benci camni lah,Neutral
6445,sedih ajh,Sad
6452,sebagai tim bubur dgn topping kacang kedele yg banyak saya kecewa dgn pendapat anda,Sad
556,"sudah makan belum bang, janganlah marah atau sedih karena kalah..",Anger
4795,aneh bat sodara wa. klo orang kena covid kan biasanya emang d-dimmer nya ga normal aka terjadi pengentalan darah. eh malah gw disalahin karena pola hidup nya ga bener makanya darahnya kentel,Neutral
2469,"semangat buat hari ini ya!! u deserve to be happy. anw, jgn lupa sarapan sebb",Joy
3738,"suka, banget. apalagi pas naik motor sendiri udah kaya me time",Love
4286,so biasa battery 20% memang kena charge dah. kalau tak turun tu sepantas kilat. hairan pulak aku. tapi kalau time battery 100% nak turun 90% tu lambat pulak ye,Neutral
5830,gk tau mau sedih apa seneng,Neutral
5289,"kaget doang, heran doang, ngemeng doang..",Neutral
1716,karna takut tenggelam dlm lautan luka dlm,Fear
2604,"nelayan sejahtera, rakyat bahagia..semangaatt gus ketum",Joy
5841,hari ini bahagia atau kecewa?,Neutral
1704,saya yang ngejalanin mah biasa aja.. cuma kadang kasihan keluarga aja takut mereka malu.,Fear
2139,"semoga bisa tercapai ya kak, semangat untuk temennya!",Joy
3239,alhamdulillah dapat kabar baik untuk hari ini happy banget semoga cepat sembuh total baby mochi,Joy
2383,"kabar gembira untuk kita semua, kulit manggis kini ada ekstraknya, mastin hadir dan rawat tubuh kita jadikan hari ini hari mastin, tampil bersinar membuatku bahagia badan sehat rahasia mastin herbal, rahasia alam dari indonesia penuh pesona pesona mastin.. mastiinn good~~",Joy
4311,"kamu tidak bisa memaksakan sesuatu yang bukan untuk mu. ikuti saja alurnya, berusaha lah jadi yang terbaik versi kamu, dan selebihnya pasrahkan pada-nya.",Neutral
1285,"alhamdulillah aku di jauhkan dari cowok itu, tapi rasa takut dan traumanya masih membekas sampai sekarang sulit di hilangkan.. ketambahan lagi, dulu waktu kelas 3, temen cowok2 pada suka kan gangguin cewek2, nah si cowok2 itu pada megang dada si cewek kalo nggagguin.",Fear
6030,"(untuk minato) "" jangan terlihat begitu sedih minato. aku bahagia. kebahagiaan itu karena kau mencintaiku """,Neutral
6322,non fan tapi ikutan sedih baca sudat denise,Sad
3930,heyy dolie kamu suka kembang kan? nih ak kasih kamu kembang spesial bonus dapet ayang gratisnya,Love
5354,"udh di anggep anak y mana ada takutnya dia, selain itu dia emg percaya sama hal begitu",Neutral
1591,"bismillah deh, gue masih takut soalnya kalo main warna pastel",Fear
6268,sampe pagi ini masih nempel suara denise cover day6 ini di kepala..antara masih msih kagum dan sedih karna dia salah satu orng yg bikin ku tertarik ke kpop karna headvoice dan range vocal dia bagus bgt:'(,Sad
2162,"hiih km harus ikhlas, semangat berproses semuanya",Joy
2396,"woo, semangat jalani harii!! hv a sweet saturday",Joy
317,enuf la buat drama acah masalah sosial masyarakat ni. most of the story lebih pda tnjuk negative yg 'lekat' kat kepala je.. acah je pdhal nak rating = masalah sosial increase.. and then nama melayu. tukar la nama lain. bodoh pny director,Anger
6350,anjirr nangis beneran lihatnya perpisahan tu napa selalu bikin sedih si :'),Sad
3111,cinta tak suka berlama-lama dalam kesedihan. just move on! -,Joy
5233,fomo adalah singkatan dari Fear of missing out yang berkaitan dengan sebuah perasaan yang takut tertinggal atau ketinggalan karena tidak mengikuti sebuah aktivitas atau tren tertentu.,Neutral
5656,"ok dah tu, sorg marah ss akhirnya jd org kuat ss, sorg marah dsai at the end mntk kerusi..tu la cinta itu buta, mula2 gaduh, lps tu suka..",Neutral
6870,masa pagi dah nangis. benci bgt sma hati ku ini lemah,Sad
4036,"crush gw jgn malu"" buat ngechat gw dah ;3 Love u",Love
795,"mls bgt, msh pagi ud ad aja yg bkin gondok hadehh emosi",Anger
3020,semangat bar2 tanpa takut limit,Joy
1711,agak ngeri ya,Fear
3387,"hahaha nahh kan si jean tuh aslinya suka sama nana, yaudah deh gatau lagi mau raka atau jean cuma nana yg bisa menentukan dia sayang ny sma siapa",Love
36,"satu kata jangan mengundi , sebab semua bodoh",Anger
4549,: kurasa kita akan sering bertemu secara langsung~~? : tunggu saja : aku sudah menonton video sorotannya : tunggu sampai jam 5 sore : ini adalah harinya : ini hari jumat dengan 2 konten sekaligus!,Neutral
913,gak beli motor gak beli rumah kalau cash resikonya ya dibuat ribet salesnya kaya gak senang ngehe,Anger
5295,kalo mereka main bareng lagi gue ga kaget sihh,Neutral
3972,"aaa manis banget narasinyaa , suka suka aplgi sambil dengerin give me your forever",Love
4133,"yaahh dinikmati saja kalo kaya gituu, selagi masih ada orangnya disayang sayang aja",Neutral
974,"tapi kami suka kpop itu tulus kak. gak ngerasa juga dimanfaatin. karya mereka juga bagus kok. menurut kakak, karya mereka ga bermanfaat? mau aku kasih liat penghargaan2 yg mereka trima? julid amat sih. gitu banget bencinya sampai dibentur2in ama even motogp. aneh.",Anger
983,"dihh ga sopan bgt, ini kurir kurir anteraja sama jnt pada ga bener apa gimana sih, suka banget bobo paket orang buat hal yg ga berguna gitu",Anger
5783,"set komemoratif ulangtahun jubli emas mrsm ke-50 bakal dilancarkan 14 februari ini edisi terhad & eksklusif kehebatan tidak dilahirkan, ianya dicipta kehidupan, suka duka, pengalaman dan cinta pertama bermula di mrsm abadikan kenangan anda pada ulangtahun ke 50 mrsm.",Neutral
1418,asik ..permainan emosi dimulai ..yg bermain dan terlibat ngeri-ngeri sedap..siap2 nyiapin pukulan tangkisan..indikasi sih positif 100% melawan hukum cuma upaya mencari keringanan aja ..tamatlah sudah karier2 yg didapat dgn cara gag berkah..,Fear
1560,"hahaha.. emang lagi ngeri sih, tapi dulu pas curug hejo sepi. sekarang ngeri di cuaca sih, masih sering hujan.",Fear
4135,"hari sabtu emng biasa libur, emng ada apa?",Neutral
6291,"semuanya sih, termasuk denise juga sedih juga harus ninggalin kakak-kakaknya",Sad
4265,akwjajshwhw gw baru mo bilang emak eren doang normal.......... eh baru inget beliau ada di perut istri pertama,Neutral
1355,"kiri, kalo kanan soalnya banyak bergerak takut kepentok",Fear
6623,aku gak bisa makan apa² nder sedih,Sad
6709,sedih bgt.,Sad
987,ya terus kenapa? ga suka? iri? dengki? ribet banget yak ada orang asing bikin konten karena lagi pramusim di indo terus dikomenin nyari engagement? terus harus ngapain? ga posting kegiatan pramusim mereka? manusia ribet anjir.,Anger
2682,"pagi neng, semangat sekolahnya",Joy
5047,"hanya orang bodoh yang mati demi cinta, aku akan bertahan hidup untuk cinta. - ryo saeba",Neutral
1640,aw malu,Fear
1290,kaget liat reply.. fans sultan smua keknya,Fear
3681,iganteng banget ya pacar kamu. tapi percuma kalo matanya masih suka ngeliatin masa lalu,Love
1380,takut ga ada yg mau pembesan ama gue maybe,Fear
1933,ga enak banget tinggal di tempat orang,Fear
4675,"semuanya udah diatur kan pasti, tinggal nunggu kabar baiknya",Neutral
5957,i'm back setelah sekian lama sunyi je acc aku kan,Neutral
3160,kabar baik di pagi hari cepet pulih jiminie,Joy
2030,"ff, ya? hmm, romance, sih. soalnya itu genre paling aman. sebenarnya in general sukanya family tragedy, tapi kalau lagi butuh dua itu, aku larinya ke film; jarang lari ke ff because i tend to expect dan takut kecewa”nanti jadi gak comfortable lagi.",Fear
892,"busyet bujubuneng.., elu baru kaget sekarang, selama ini ke mane aje tong!? ngapain aje elu pade..?!",Anger
4876,ketauan deh biasa searching di search barnya,Neutral
4069,"ketika kamu sedih, kamu boleh tutup matamu, ketika kamu tidur juga kamu boleh tutup matamu, tapi jangan tutup hatimu untukku eakkk",Love
4255,oh tentu saja,Neutral
2,dah lah emosi mulu liat emyu,Anger
2109,"have a nice day, semangat buat hari ini",Joy
849,"aku butuh kepastian, bukan harapan palsu!",Anger
2737,"selamat pagi mas,salam sehat penuh semangat dan selamat berakhir pekan",Joy
2466,"alhamdulilah aa, jimin udah sembuh. berarti gue juga harus semangat dong biar bisa sembuh",Joy
1914,"tapi keinget pas lsp ngejurnal manual sampe arus kas gue lancar, komputer juga lancar, eh giliran ujian teori gue zonk bgt tiba2 kek orng bego wkwkw",Fear
1596,"iya, takut ke",Fear
1913,dia mau marah pun lucu banget tapi jika masuk teel orang lain aq maloe,Fear
5139,"salah satu manfaat revenge kill them with kindessâ adalah gaperlu musuhan, ga perlu cape marah marah, ada saatnya mereka see your worth and come to you.",Neutral
6662,sumpah sedih banget denise,Sad
2736,"nape nk dengar cakap org? commitment you diorang settle kan ke? i tanye je. kalau nk puas hati manusia mmg tak you, sbb manusia sifat dia tak pernah puas.",Joy
726,ho'oh kalo aku malah makin jengkel,Anger
53,"saya bisa masak, saya ini sudah ada bekal untuk main benda tajam dan minyak panas, jadi tolong hargai saya dan jangan bikin saya marah",Anger
1796,malu japp sshh berapa haribulan tu btw,Fear
3845,"elu itu care sm org yg lu sayang, baik itu temen atau pacar. orangnya gasuka yg ribet ribet, tipe org yg soft. kalo dulu gua ngambek atau marah lu malah yg minta maaf duluan wkwk. saran gua kalo elu yg baca ini suka sm confess duluan deh-",Love
2553,"seringan apapun masalah, karena malas ia terasa berat.seberat apapun masalah, karna semangat ia bisa diselesaikan & menjadi ringan.pagi =)",Joy
2800,"jangan hiasi wajah dengan sedihmu, karena kamu tak pernah tahu seseorang bahagia hanya melihat senyummu.",Joy
936,"yang ngehoax itu kalian dan media kok nyalahin ridwan kamil lawak banget, yang jadi permasalahan itu patung garuda yang 2t bukan keseluruhan istana negara baca baca makanya biar ga kemakan hoax terus sama aja kaya kaum sebelah kalian suka hoax, idiot amat jadi manusia",Anger
5839,gua tadi ngebatin.. kok stasiun sepi banget.. trus baru inget hari ini hari sabtu dan orang2x kebanyakan ga kerja,Neutral
824,"jijik. kamu menjadi pembohong untuk menutupi fakta bahwa kamu ini, selain baperan, juga bodoh. ini adalah perbuatan paling menjijikkan yang dapat dilakukan manusia. ngaku panteis, bohong. ngaku ngikuti astronomi bohong. pembohong huek. ngaku anak ugm/ui?",Anger
4321,"pengen nyari trophy tapi males battle ? bot kami menyediakan fitur auto search th diluar, th snipping , yang dengan mudah bisa memenangkan banyak trophy dengan pasukan sedikit. minat? cek bio pesan sekarang",Neutral
3401,bucin banget. serius. lucu kalo liat/dengar mereka suka sama orang tuh.,Love
1389,sbenarnya panik juga sih,Fear
3564,grey sama what am i suka banget,Love
884,"yg bawah raja palsu, bikin eksmosi",Anger
4867,"mohon izin memastikan kembali, kurikulum yang diisi hanya sampai semester 5 saja kan min?",Neutral
1868,anjerr ngeri boss,Fear
5181,"cara terbaik untuk membalas dendam terhadap orang yang menghina anda, adalah menjadi lebih berhasil daripadanya.",Neutral
10,ya allah mau marah tpi gimana ya,Anger
3415,"hablom, suka banget sama seragamnya",Love
5421,paling enak tuh berkreasi di kostan emang,Neutral
1463,takut bila dah start beli ni kang semua fav chara la nak beli,Fear
806,aduh benci ah last2 minit xnak hantar.,Anger
5774,"sksksk bener banget, pas ngajar gua cuman cengo aja ngeliatin, nanya ke temen ni orang ngomong apa. mana pelajaran ipa..tapi kalo di fb suka comment2an bahkan chattingan sama mr.nyaa",Neutral
5566,"jaga kesehatan mental anda dengan lima tips sederhana inimental yang sehat, tidaklah melulu harus bahagia atau tak memiliki beban sama sekali. meskipun kita memiliki beban yang cenderung berat, akan",Neutral
4068,"happy birthday taehyuni, terima kasih karena udah jdi kesayangan moa moa bkl terus dukung tahyuni dan akan terus berada disamping taehyunie saat sedih dan bahagia sehat terus dan bahagia selalu, jangan lupa istirahat dan makan yang banyak we Love you",Love
2108,"semangat jalani hidup dengan bahagia yang seperlunya, bersedih dengan seperlunya, dan bersyukur sebanyak-banyaknya",Joy
5976,"kalau gak punya siapa2 sih bodoamat ya, adanya tl sepi sih join agency wkwk",Neutral
7018,"pernah suka, pernah sayang, tapi gak jadian. ;/3 :')",Sad
2234,cie libur semesternya udah habis ya? semangat wkwk,Joy
963,emang gublug sih org2 yg suka banget masang lampu2 led begini dibelakang mobil. dia ga tau apa bs bahayain mobil belakang nya kalo malam apalg di tol. biasa bawa angkot kali ?,Anger
4494,dia biasanya pergi olahraga sendirian,Neutral
2632,semangat pemulihanya sayankk,Joy
704,bersin dikit gw parno pengen swab astaga benci bgt omicron bikin idup ga tenang,Anger
431,jgn percaya org yg berpihak pd rezim bong.. cerdas dikit ga usah banyak2.. kebanyakan ttp aja tolol..,Anger
4388,"penghargaan ini adalah untuk gubernur sebelumnya, anies hanya terima saja, colek pdip",Neutral
145,makanya pada ngaji yg bener biar gak bego..,Anger
2033,"inget guys teras cihampelas bandung tempat relokasi penjual sepanjang jalan cihampelas aja ga efektif. mungkin beberapa bulan pertama bakal banyak pengunjung tapi setelah ketemu banyak minusnya bakal sepi dan kumuh, jadi agak jijik gitu",Fear
5942,jangan sedih 43 206 via,Neutral
1165,takut ya.,Fear
3500,"eh ini lucu banget, jarang bgt gue suka tiktokers cowo tapi dia lucu, mana kacamataan, rambutnyaa suka banget. kek lucuu",Love
2050,"kalau yg cuma kembang tahu doang, aku belum pernah coba tapi pasti enak.,duh lupa namanya",Joy
3760,aku suka banget kalo kamu foto pake kamera t______t mau nangis ily banget,Love
2624,"yeahh, aku akan semangat",Joy
4484,"serah anda mo gmn, saya cuma pengen kehidupan normal",Neutral
4435,kabar baik,Neutral
5640,yahh anjir ada tu 1 lagi yg gw suka banget tp lupa judulnya. apa ya,Neutral
5485,"bener wkwk, jual beli itu suka suka whales, dikira whales satu doang ada banyak, dan grupnya juga pisah pisah, mau jual beli juga suka suka dia, malah kalau dia jual ga bilang, tiba2 sorr aja, bilangnya cuman pas serok, patokan paling enak ya tradfi sama makro ekonomi",Neutral
4361,"anak penguasa .. yachh siapa berani ngelawan ?? kpk saja melempem . polri dan kejaksaan , bisa2 dicopot klau ngurusi 2 org ini .",Neutral
2424,"best class ever pokoknya. susah, senang, sedih, semua nyatu sampe kangen berat pengen nangis.",Joy
1262,"takut banget dimana mana iklan cincin lamaran, cetak undangan, wo lewat mulu.",Fear
1771,ngeri bgt ini org sebelah gue..,Fear
3511,suka banget di sini,Love
271,karena saya egois dan bego,Anger
4792,"sakit tenggorokan, bersin2, mual sampe muntah, badan kek gaenak tapi ga demam. pas iseng baca gejala omicron langsung ovt. doain aku sehat2 yaa, semoga ini cuma masuk angin sama radang biasa sedih rasanya kena penyakit ini",Neutral
7048,"kadang cewek suka masang topeng sok tegar, sok fine, sok ""its gonna be okay"" padahal hatinya lagi nyesek banget. :')",Sad
244,"bodoh banget dah checkout maybelline lupa pilih hadiah,",Anger
6979,"ge mriyang tapi kudu tetep kerja demi bisa bahagia dapat duit, miris sedih",Sad
4572,"oh, jangan. kantor polisi punya banyak orang yang asing akan wajahnya. hubungi orang dalam saja.",Neutral
2032,takut kecewa sama ekspektasi,Fear
6522,hidup gue sepi amat ye.,Sad
5595,"bagiku,juara itu posisi dimna ada rasa puas yg mndtngkan kebahagiaan untk aku,mkhlk sekitar,tentu juga tuhan.smpai2 tuhan&makhluk bahagia akan lahirnya aku cnth kecil semut yg bahagia krn aku mmbrinya sbutir gula h",Neutral
813,dah la paksa paksa pastu nak marah,Anger
3810,"tapi jujur suasana tempat makannya ky rm sunda modelan ampera dan kawan2nya. trus aku makan beres dluan, aku bilang aku mau keluar dulu. eeeh ternyata si harry ngikutin wkwkkwkwkk trus aneh banget dia bilang dia suka sama aku wkwkjwjwjjw",Love
7024,"dulu suka banget bahkan aku sering diem di rumahnya krn ngerasa adem aja gitu, bisa diajak cerita juga, ngerti sm keadaanku, tp skrg udah gada sedih bgt :( gada temen cerita lagi :(",Sad
5749,"abis liat cinta laura diwawancarai, selama beliau ngomong saya ngangguk-ngangguk aja soalnya merasa relate. cuman motivasinya aja yang kalah gede saya suka males hh ""saya merasa kebahagiaan saya datang bukan karena saya sendiri, tapi ketika saya membantu atau memberi dampak",Neutral
1804,kaget kirain bakal zonk ehh ayang pulang,Fear
6712,sedih betul jadi penyokong manu pagi ni,Sad
4346,ya allah beri kabar baik untukku hr ni,Neutral
2461,"halo semuanya, semoga kalian tetep bahagia dan juga tetap semangat nge-ba nya yah-!",Joy
545,mba kuntil bikin emosi,Anger
3241,kabar bahagia terus dari kemarin. mudah-mudahan bisa sehat terus semuaa,Joy
738,mending lo baca dm gue biar gue pagi2 tidak emosi,Anger
310,"opini lo yg nomor 3 bodoh, zaman nabi poligami itu untuk ngebebasin wanita dari budak dsb, kalau kata"" lo disini lo cuma mau cari enak di elu aja sumpah gedeg bgt gua manusia modelan gini",Anger
3521,"yes, apalagi dia tuh bisa tau banyak hal yang terjadi di twitter, malu gak sih kalau sampai dia tau ifans pada suka ngedrag temen-temennya kaya keliatan banget kita gak dengerin dia ngomong apa, lebih nurutin ego yang maunya dia solo",Love
1131,"sumpah ini receh bgt dan not bts related. cm jujur w magang padet bgt dikasih project mayan banyak. trs kemaren ada senior gd presentasi gt dan keeren2 bgt nangis parah. trs aku pengen chat blio pengen tanya2. minta nomornya ke hrd, dapet, tp mau chat gajadi soalnya takut",Fear
6969,both aje dah agar kau puas dan bahagia t__t,Sad
4111,"ga biasa sarapann, adin?",Neutral
2769,iya pasti lancar. fight! buka toko kue aja biar enak jualan tiap buka gue beli? :v,Joy
920,hadeuh.. kita rakyat ini dibodohi duble dong.. enak sampeyan dapat gaji hanya utk kepentingan ketum partai..,Anger
6107,saat ini kamu sedang lelah sedih hingga kecewa karena setiap hal yang kamu perjuangkan tidak pernah sesuai harapan.,Sad
3587,"my dearest sunshine itu spesialnya apa ya. banyaakk. dia sering menguji kesabaran, tapi dia juga sabaarr banget ngadepin aku yg ga karuan. dia juga baik, physical touchable, perhatian, selalu ngeduluin keperluan aku dah oh ya! dia suka drakor dan seblak haha",Love
3959,"cewek itu suka berpura-pura dan menutupi semua masalahnya, karena dia gak mau ngerepotin dan bikin khawatir orang yang dia sayang.",Love
38,"sangat tolol bbm langka,beras mahal cuma sarapan jagung dan ubi sebelum berangkat sekolah itu sekitar 2006 sampai 2011",Anger
4459,"kalo posisinya kayak sender, gua biasa aja sih. soalnya dia juga udah jelasin kan baru liat linenya. kan gak semua orang udah tau line lu nder. dia juga bilang sorry, jadi buat gua ntuh biasa aja sih.",Neutral
4278,"baru bangun langsung di sapa kabar baik, alhamdulillah i vote for for at the 2022",Neutral
2983,"ga kuat ngakak bgtt, ap g malu y orngny di spill gini",Joy
5290,"halo dearest sender, ayo sini sama kak vin kita ngobrol. kak vin dengerin keluh kesah kamu sekalian kasih saran. jangan takut untuk keluarin semua keresahan dan isi hati kamu ya. tentunya tidak judgemental kok. kalau kamu tertarik, boleh langsung hubungi",Neutral
7063,"pagi2 denger kabar kawan main yg kieu pisan pindah rumah ke luar kota ikut suaminya udah kawan sedikit, segala beda domisili );",Sad
5217,sebanyak 85% wanita dan 73% pria mengakui bahwa rasa marah dan kesedihan akan berkurang setelah menangis.,Neutral
2667,"ada raisa makan semangka, ayo kak mimin yakin kamu bisa dan semangat terus yah ^xb",Joy
3223,"mau ini bener atau kaga, tapi klo denger kabar baik soal timnas, selalu seneng sih",Joy
1182,siap huaa takut loh aku,Fear
7054,"ya allah baru bangun denger kabar denise :"")",Sad
614,ah lu tolol. males bacanya,Anger
7058,a”luar biasa banget :( kadang suka iri sama anak ipa 3 dulu kenapa bisa ambis dan kompak secara bersamaan :( anak kelas gue malah berkelompok mulu kalo apa-apa jadinya males :(,Sad
1466,asli iyaa takut kopit tp katanya jg karna lg pergantian musim,Fear
4497,"detektif yang berhasil menangkap pelaku dengan hipotesanya tapi membiarkan pelaku bunuh diri, sama saja dengan pembunuh -conan edogawa / shinichi kudo-",Neutral
3042,jgn pergi anda kata ustadnya ya suka suka dialah stad wkwk,Joy
934,"emang emang yang ngeliat gue dari luar tuh pasti kek asik banget yekan kerjaan enak, sesuai passion, gaji ya oke lah buat foya2 ama nabung masa depan, kaya happy terus, keluar sana sini, jalan2, banyak teman, apalagi ya .. ya tapikan kau tidak berjalan di atas sepatuku memek.",Anger
2419,"kuuyy kak, mau liat haekal bahagia, tapi kalau Sad end bakal lebih berkesan lagi.,hadu gw kayanya nyari penyakit de",Joy
5085,"dendam antara ppbm dan umno saja waktu pn, umno tarik sokongan untuk jadi pula kerajaan walaupun agak rapuh, janji jangan bagi anwar jadi pm itu dasar dan kebersamaan nya bila melaka dan sarawak result cantik, aim pula johor",Neutral
6384,sedih sebenarnya,Sad
5737,"percaya banget, soalnya mamaku cakep banget.. terus sampe skrg aja suka ada bapak2 genit (huek) yang godain mamakku..",Neutral
4822,kayaknya emang wajar si. aku dulu gitu. aku bersihin biasa. skrg udah gede kucingnya,Neutral
826,"kalo main tiktok bikin lu jadi orang tolol, gak beradab, gak tau toleransi better u stop main tiktok. hanya karna konten jadi kehilangan attitude",Anger
1521,"[] takut ga bisa memerankan bapak min yoongi dengan baique, karena yoongi tu kek diem diem gt kan nah gue rada petakilan. sama takut kalo disuruh show off ke ""savage"" an nya tuh gue ga nyampe gitu.",Fear
2930,kaget ajg tapi seru wkwkwkwkwkwk,Joy
4232,gak aneh kok. kenapa harus aneh~ tapi gapapa kalau sesekali mau coba nderr~ nebeng sama temen gitu kalau lagi pada mau nonton. kalau engga ya gapapa. chill~ santai~ ada wilayah yg ga ada bioskop dan isokay kincana kok,Neutral
628,tka gak usah asal jeplak kalau tidak tahu budaya orang indonesia.. bodoh jangan di pertontonkan.. tka buzzerrp dapet berapa receh.. dasar lambe arus,Anger
4430,"tetua2 kampung cerita ketika dahulu wabah kolera menyerang, bnyk orang meninggal smp kuburan penuh. hmpr setiap hari rakyat meninggal krn wabah. membandingkan dgn cerita itu, jml org meninggal di kampung2 masih normal2, tdk ada lonjakan berarti. hapus saja status pandemi ini bung",Neutral
3853,"kalo udah dengerin satu lagu dan udah suka banget, pasti bakal di ulang2 terus sampe moal",Love
390,"5/6 aakkkk benci kalo pulau2 kecil, ga paham",Anger
4345,baru saja mengirim foto kecamatan sanden,Neutral
6897,micellar water malah mau buat bersihin kutek tolol bgt mikir ap km otakku yg kcil,Sad
3990,sunwoo ga peka itu kuncinya jadi sabar ya eric kedua hakyeon sayang ga gitu konsepnya tapi ya giman ya kalau kamu ngomong sepolos itu jadinya gemes ketiga apakah lu ga Sadar sih nu lu tuh suka sama eric tapi lu sikapnya kayak hmz sekali,Love
400,bodoh punya orang ! aku doakan makanan yg kau beli jatuh terburai tanpa sempt kau masuk mulut pun. amin,Anger
4806,"ngalir aja, dftr snm aja asal daftar eh tau tau lolos. tentu saja dibarengi doa dan ibadah",Neutral
5135,emosi nya sampe ke kita ya nder pas nonton,Neutral
5720,aku juga orangnya sweet ke pasangan suka banget ngasi kamu sesuatu yang bikin kamu salah tingkah dan juga untuk Love languange kala woa sama qt jadi gaakan ngerasa kebosanan kalau pacaran sama kala nantinyaa,Neutral
3359,"grandpa vibe banget ya ""dulu kakek banyak yang suka, tapi kakek jatuh hatinya sama nenek kamu""",Love
46,sumpah gw emosi banget yoo,Anger
6787,sedih nya statement ni,Sad
6974,yah serius ga masuk? mengsedih sama-sama hydra. semangat ya,Sad
3642,"taurus lo tuh kadang egois bgt, keras kepala juga, suka memendam. kalau udah ngerasa nyaman susah lepasnya, tukang julid, trus lu klu loyal coba ngasih batasan jg dong",Love
3726,"suka dua2nya, maruko feelnya anak2 banget sopan juga trus si jadoo lumayan bandel ga sih dia tuh wkwk",Love
6477,sedih banget muka nya,Sad
5208,pegiat persekongkolan bangsat indonesia?,Neutral
5319,"kerana berita palsu bisnes kami jatuh, sos aminah hassan mahu kembali bangkit",Neutral
6867,"capek ihh, pengen marah bingung sama siapa :(",Sad
2421,bahagia kamu sedih amat sayang melibatkan orang lain yang bahkan ga peduli kamu seperti apa. terimakasih yuan selalu sayang diri sendiri dan menghargai masa lalu dengan tidak berdrama di masa depan.,Joy
1750,alhamdulillah drawnya agak wangi tapi tetep takut,Fear
6840,sedih w pake mati segala,Sad
6721,anjir sedih udah deh ini mah sn udh berasa ga lengkap lagi,Sad
4062,"kami menyayangi jimin, selalu khawatir dengan kesehatannya, selalu sehat dan baik2 saja, makan teratur, makan nasi jangan makan rameyon, ya",Love
338,aku benci kenapalah korg tepuk masa ni! hoi!!!!!!!,Anger
215,dah hari ke 6 pun still kena marah pasal panadol,Anger
3663,"yo, chiyo. adek lo tuh sukanya apa deh? she asked. well, he already knows that yuzuha had a certain feelings towards his sister. apa aja dia sih suka, asal gak lo kasih beling aja. adek gue bukan ahli debus, lo tau kan?",Love
1341,"shade cushion make over lebih cocok yang mana ya? kalo warm ivory keterangan ga? aku baru pertama kali mau beli bingung milih shade, takut salah",Fear
6470,hmch twitter w sgt sepi Sadly,Sad
3894,"gemes banget.. you too cantik! anyway, kamu klo pagi suka sarapan apa?",Love
3640,pls suka banget sama kak mimo dan kak bayu !!  - hshhehshhs aku juga luv sama mimo bayu berani adu bacot doang tapi softie kkkk,Love
329,"semua yg dari arab pasti halal cuy bagi sebagian orang-orang bodoh yg ada di indonesia kdrt aja dibenarkan kencing onta aja diminum teroris dijadikan anggota fatwa mui teroris dijadikan ulama, ustadz n guru agama kok",Anger
6145,"yaah, sedih deh",Sad
3004,"kalo udah interact sama kamerad joo ngga jadi kesel, mana kamerad joo nya gemes banget kayak malu malu kucing plis gw jadi salfok sama mereka their little moment in every episode are so precious",Joy
6929,"kangen dunia bxg, tp udh nggak semangat layarin kapal huftfft",Sad
3115,ya allah exol makin banyak. seneng banget deh rasanya. even mereka hiatus pun masih banyak yang suka,Joy
6843,aku adalah seseorang yang bodoh dalam hal menyerah - naruto uzumaki,Sad
2322,semangat kyoo,Joy
4197,"anonim pak dok, ava nya colongan,biasa mancing keributan..gk usah dlayanin",Neutral
3549,"dari awal gw termasuk yang menikmati karyanya gofar, walaupun memang bahasanya vulgar dan sebagainya tapi bukankah itu pilihan ? kalau kalian gak suka yaudah, gak perlu nikmati karyanya.. lagian modelan gofar banyak banget kok luaran sana.. Love gofar",Love
1458,"indahnya terbang terlalu tinggi, walau jujur ku takut jatuh terlalu jauh",Fear
171,lu yg tolol anjir,Anger
4203,"mu third last nike size xl, excellent, ada beberapa bobles, 500k saja untuk detail silahkan wa 08225892827",Neutral
5929,"lapor komandan saat ini pagi pukul jam 07.04 wib bagian indonesia perjodohan masih terpantau sepi belum ada perubahan status sampai saat ini "" terima harapan """,Neutral
3569,"beri aku 1 cwo suka kpop, wibu, anak it akan ku sayang sepenuh hati",Love
4226,"akuu bisa, biasa ngelaprak jg kak sinii",Neutral
5158,jd orang yg sulit mengontrol emosi. akhirnya smpe skrng ya tetep sulit,Neutral
5777,"aku suka dari rg sama pahamify sering ngadain gratis, trus ig juga banyak tapi ribet banget syaratnya suruh share grup kadang",Neutral
5834,"aku lagi hari terakhir di bali, suwepi. udah kayak kota mati. belum banyak aktivitas sejak pandemi. bener sepi pol.",Neutral
938,"biasanya jga kalo titip2 ke aku toh? knp ke ibu? udh tau ibu suka lupa masih aja nitip ke ibu, biasanya jga nitip ke aku trs di bls ""apa, nitip apa? nyenyenye"" mlh ngegas gue kasih tau biar klo nitip2 ke gue aja biasanya jga kaya gitu ajg",Anger
60,yaa kann ga ngerasa cape cuman larinya jadi lemot bangett. emosi gue,Anger
1240,"lawan bocil aja takut, apalagi melawan restu orang tua",Fear
5136,"ika kamu benar, maka kamu tidak perlu marah. jika kamu salah, maka kamu wajib minta maaf.",Neutral
6421,aku juga kecewa gabisa ucapin yang pertama.,Sad
2120,"sebab tetap, pencen n senang dpt loan kot huhu",Joy
1524,walau hati takut membadut,Fear
153,gue benci hari sabtu,Anger
481,masi pagi ni jangan bikin sy emosi,Anger
4460,"dan sama saja bagi mereka, apakah engkau memberi peringatan kepada mereka atau engkau tidak memberi peringatan kepada mereka, mereka tidak akan beriman juga. (qs. ya-sin 36: ayat 10",Neutral
3920,"suka bgt sm fight scene tlb (so far paling bagus). khususnya semua fight scene ashile sun.. apalagi wkt ah sun nyelamatin chang ge, kereen bgt2. drama dimana mainlead gak ada real kiss lagu fave gw di tlb, pengen gw kasih cut scene takut sopiler",Love
1762,"diberau ada konflik lagi antara dayak sama bugis, jd khawatir keadaan ayah, mana handphonenya g aktif di tlf, ayah :(",Fear
750,aku benci ppkn,Anger
1785,"hari ni pake baju pink ama celana item, takut dikatain blackpink",Fear
5887,"jangan merasa kesepian saat sedang berbenah diri, karna di situlah saat kamu koreksi sapa ja yg pantas tuk hidupmu",Neutral
4501,hey mana mungkin ? secara peringkat fifa saja jauh.mentok palingan divisi 2 eropa atau mungkin trial 3 bln.,Neutral
4853,"enggak begitu suka susu. kamu saja mungkin yg minum susu, biar makin bongsor.",Neutral
2711,manjain mata biar puas~,Joy
5722,"halo halo! kenalan dulu yuk sama darion main fc aku jungkook nih, dan kurang lebih ngerti dan paham banget lah sikapnya jungkook. mau jungkook ver baby atau ver talented bisa banget. aku sendiri orang yang talktive dan bubbly kalo chat, flirty, manja, dan suka pampering partner",Neutral
4193,"aku adalah manusia biasa yang patut untuk dibenci untuk selamanya. tapi aku mau tau dan ingin bertanya, apakah salahku kepadamu?",Neutral
1333,enggatau tp takut,Fear
6298,syok sedih bgt,Sad
2854,"keren yahh.., di pondok pintar ini mereka belajar dan fokus dengan apa yg diterangkan. semangat untuk kalian anak papua",Joy
186,khai lu bego bgt tolol brengski oon gblok aaaak ksel bgt gw kesell,Anger
1136,"namnjim lag like like nya ngeri bgt, anak buah imam jumbo emg sama aja semuanya",Fear
2058,"sering-sering bikin au taeyong yaakk, seruu! semangat teruss nob",Joy
5936,sedih tgok vdeo rayan tu. semoga selamat semuanya.,Neutral
5931,cari tempat sepi buat enaena,Neutral
148,atheis punya rasa benci? kirain umat beragama aja. lalu apa bedanya :)),Anger
4124,mantap saja pak erick thohir,Neutral
4889,"bagaimana bisa memahami kalau hanya hapal saja, sedang yg menterjemahkan org lain yg belum tentu benar 100%",Neutral
5812,"bahagia secukupnya, sedih seperlunya, mencintai sewajarnya, membenci sekedarnya, bersyukur sebanyak-banyaknya.",Neutral
3363,haha yess aku dulu suka banget sama dia sekarang juga masih sih.,Love
4788,"biasa aja si gw sama ale jg ga awkward skrg, awal awal putus doang awkwardnya tp yaudah lama lama juga kebiasa balik lg kayak semula",Neutral
2866,bahagia bangett,Joy
3776,cewe kasih barang bagus hanya ke cowok yg dia ada rasa,Love
1386,takut limitt,Fear
6684,ih sedih beneran ini mah kok tega,Sad
5858,"pemenang : dapat bersyukur saat kecewa. dapat tersenyum saat terluka. dapat bangkit, ketika terjatuh.",Neutral
3629,sama-sama sayangkuu! aa gemes banget snacknya huhu aku suka banget maaci cayang mwaah!,Love
6366,"dan, ada satu sikap yg buat ambisnya dia itu jd kelihatan toxic.. kalau dia kalah dari temen"" yg ranking 10 besar lainnya, dia nangis. aku gatau mngkin mnurut org lain wajar, tp for me ya,engga. mungkin aku kalau jadi dia juga bakal sedih(?) tapi just keep it for myself aja soalnya kadg jengkel juga",Sad
4797,"jangan selalu katakan ""masih ada waktu"" atau ""nanti saja"". lakukan segera, gunakan waktumu dengan bijak.",Neutral
3028,"oiya mau nambahin lagi! meskipun cara anaknya ambis tapi dia anaknya ga kaku dan galak, justru cara tu orangnya rame, suka spam sticker tuyul, dan tiktok jelek memang manusia tidak sempurna maka dari itu, ketidaksempurnaan cara adalah humornya minus banget",Joy
2969,alhamdulillah ga malu lagi kita tum,Joy
6153,have u ever. malem2 nonton film ga sedih. tp sedih ngeliat idup lo,Sad
1708,"tegang banget kak, santuy aja santuy..",Fear
2953,kalo sunda jukut itu rumput kalo kalimantan timur jukut itu ikan.. saya sunda nanya sama suami kalitim.. abang makan nya sama apa..? trs suami jawab makannya sama jukut.. saya kaget kok suami saya makan nya pake rumput kaya kambing.. Ngakak kwkwkw,Joy
454,"makin benci dan sebel terhadap agama2 terutama sekali agama yg entu, udah bisanya cuma bikin susah orang, ngga ada gunanya lagi..",Anger
609,kalo boong aku mau marah pokoknya :(,Anger
4263,tapi seneng sih punya temen kayak gini lucu. suka banget ngerjain orang sekitar. tiba tiba gak ada kabar dan tiba tiba ilang dari goa terima kasih orang baik,Neutral
4826,"banguna"" bukak livescore manu kalah.. biasa",Neutral
6001,"bismillah.. assalamu'alaikum.. semangaat pagi.. ``yakinlah setiap hal yang kamu perjuangkan, pasti akan bertemu dengan hasil yang kamu inginkan. meski tak sama persis, meski jalannya penuh tangis, tetaplah semangat. kamu kuat, kamu hebat.``",Neutral
2074,"terima kasih sudah berjuang sejauh ini. bertahan sekuat kuatnya. jangan pernah mengeluh. terus berjuang, terus semangat. walau sendiri, jgn bersedih. masih ada tuhan yg mau menemani tiap saat. for me",Joy
4052,"Love youuu kaputt, sehat dan bahagia selalu yaa",Love
5756,"oke bahas concern pertama. 1. uang hilang krn pejabat korupsi. bp jamsostek itu diaudit sayang, segala pengeluaran harus dilaporkan. jd ga semudah itu korupsi. gue aja mau klaim uang taksi suka mager krn ribet, jd seringnya relain ajalah.",Neutral
1622,that takut ngebungkus tho,Fear
4683,"jangan dah wkwk, minimal. mood lo normal aka stabil aja. soalnya mental lo akan terguncang",Neutral
5497,"kita sering mengira diri ini lemah, kadang suka nggak puas atas pencapaian saat ini, tapi coba analisis lagi. kita juga udah melakukan hal dengan cukup baik, tidak menyerah aja itu udah point' plus, jadi mungkin bakalan baik lagi klo meyakini kemampuan diri sendiri.",Neutral
6198,makanya bersiap kecewa sama wakilnya sendiri..,Sad
40,"lah kakak gue yang umur 33 harus manggil gue yang umur 23 apaan anjrit kalo bukan adek? ""oh saya anak tunggal, ada anak perempuan satu lagi punya ayah ibu saya"" gitu? tolol ih.",Anger
5475,"aplikasi premium,2» henlo benlo ! aku jual app premium nih. ngga enak 'kan kalau acara asikmu diganggu iklan, yuk beli app prem di aku ! trusted legal bergaransi proses cepet minat? dm or tele ?anathaa",Neutral
2089,punya kucing putih dengan paw pink hanya impian di rumah ini. tapi gak papa selama dia bahagia. toh milky ga naik ke kasur atau nginjek2 sajadah,Joy
3924,cinta kita melukiskan sejarah~ menggelarkan cerita penuh suka cita~,Love
2175,kokk enak tau mcam kiko,Joy
74,"nnton sis, masih on going. emosi mulu yah, sekarang nntonnya udahlah ikutin aja",Anger
5666,"suka ada kok yang jual set, baru semalem juga ada di go 375k dapet set, malah biasanya ada yang jual di bawah itu juga. kalo cuma melet doang 150k aja udah overprice apalagi 250k. mending sabar dulu kak walau ada uangnya tapi jangan kasih buat seller ga waras.",Neutral
6983,"padahal aku suka banget supergirl tapi dihilangin dr channelnya, adohhh Sad bet",Sad
2657,mengeluh bukan berarti menyerah kok semangat,Joy
3180,"setdah salut banget sama sender, aku tak sanggup menjawabnya karena aku di perikanan saja sudah hampir menangis tiap malam pusing tugas + prak haha semangat nder",Joy
2076,"semangaatt kak! buat ga dengerin kata orang susah banget emang, tapi saya berdoa semoga kakak punya support syatem yg baik. tetap semangat ya kak, semoga lekas sembuh, gbu",Joy
441,"ahaha benar, pagi pagi sarapan saja. jangan marah marah, nanti lekas tua.",Anger
2051,"ingett wkwk. iyaa dog lalu kita bertiga , sama dina mabuk kepayang sama legollas, pinjam cd nya di rentalan , astagaa kita remaja bahagia ya waktu ity",Joy
2541,kaya enak aja empuk banget,Joy
1301,"aku infp dan di aku relate. kalau ada hal yg ga terorganisir tuh emang panik sendiri, pikiran jadi ga tenang :')",Fear
3430,"jadi inget author yang ngedrama dulu, eh gila gue ikutin banget hahah. karena karya nya sih sebenernya makanya gue suka.",Love
1304,"contact kita bisa dinamain siapa aja, ngeri juga",Fear
236,minta nak makan macam2 minta la suami ko. minta org lain suruh beli pulak. bodoh,Anger
5902,dikamu sepi?,Neutral
2599,ayo semangat,Joy
4616,Sadar ga kadang suatu yg kita genggam bisa hilang begitu saja. -bunda.,Neutral
2573,"yuk kak tamatin , semangat !",Joy
3280,brrti wa nya sepi wkwkwkwkwkwkwkwkwkwk ngkak,Joy
3186,ga biasa tdr miring kiri jadi kemeng2 wkwkw ngakak,Joy
3953,pliezt walaupun gw gatau yg lakik tp lucu banget kl di gabungin wkwkkw karena suka gemes sm yuh nya ariana grendong,Love
2768,alhamdulillah.. semangat,Joy
4831,treasure comeback yang sudah ada yang mau jadi apa saja kerugian p mksoed,Neutral
4223,"cukup unsurnya? semoga saja rakyat mengambil pelajaran kedepannya bisa lebih cerdas memilih wakila""nya yg menjunjung tinggi etika dan moral, aamiin",Neutral
2106,iyaa mau makan yang enak yang banyak,Joy
2679,ziung mania? mantap! selamat ulang tahun ya ngab. lewat pesona gua di twibbon ini gua turut berbahagia untuk pertambahan usia lu yang lebih cepat 3 bulan dibanding gua. semoga hari ini jadi hari yang unforgettable dan jadi hari yang menyenangkan untuk dihabiskan! bahagia selalu.,Joy
2761,semangat cari duitnya !,Joy
4688,sini kak 3k saja,Neutral
5399,ga takut tp gapernah,Neutral
1387,ada nad.. barusan. tapi takut makruh kalo marah-marah ngomong kasar.,Fear
6639,sedih kulkasku cuma isi bunga es sama sayur....,Sad
6493,sedih kudu ppg dulu,Sad
5693,"makasih banyak ya kamu udah suka & berani bilang kayak gini sm aku.. tapi maaf karena aku kayaknya masih nyaman sendiri, maaf ya. semoga kamu bertemu sama orang yang lebih baik-! aku biasanya gt, kdg lgsg aku block",Neutral
6827,pas mark live ig kemaren ada yang nanya ada live koreografi g.. lagu mark tuh sedih masa lu nyuruh mark nyanyi sambil ngedance yang bener aja,Sad
5000,"ada sebuah kisah nyata di jeddah. suami istri lagi bertengkar, suaminya marah luar biasa pada sang istri dipukul lah wajah istri. kemudian istrinya menangis, tiba-tiba terdengar bel pintu rumah berbunyi. ""begitu pintu akan dibuka, ternyata sudah di gembok""",Neutral
1279,kaget anjir mini,Fear
6314,.. kok sedih,Sad
6936,"rajin kerja ngga, kalo punya semangat kerja yg tinggi mah gapapa :(",Sad
1555,"emang sih, aku bukan siapa-siapa kamu. tapi aku nggak bohong kalau aku khawatir dengan keadaan kamu sekarang. bolehkah kalau aku yang menghubungi kamu duluan?.. tapi aku takut bikin kamu risih..",Fear
7049,"baru Sadar trnyata senyesek ini suka sama org yg udh punya pacar, gw nyalahin diri sendiri krn dulu terlalu takut pdhl dia dah kasih kode, sering chat random, sering nempel ma gw mulu, tp gw terlalu takut mulai hal baru n td liat dia repost story pacarnya like hrsnya itu gw",Sad
3190,"semangat kak, jangan banyak pikiran dulu ya kak biar imun nya tetap baik kak, banyak minum vitamin kak, ditunggu kabar baik nya kak",Joy
4566,"ayah ku berkata, lelaki itu tidak boleh di paksa dalam hal apapun. dimakan saja dan bersabarlah. jika ia jodohmu, ia akan kembali dan menjemput mu tanpa kamu mintai..",Neutral
4802,bapak itu biasa yang membawa gerobak sekarang hilang,Neutral
6634,sempet sedih juga pas denger tahun kmrn kq minus dikit pendapatannya (kayanya grgr kingdom juga sih ini) semoga tahun ini bisa berlipatlipat gandaa,Sad
4841,gicafe kopi ginseng stamina pesan : pin bb : d68681f0 wa : 085252552807,Neutral
3594,"aku suka banget ya allah:""",Love
1920,"koyok e dendam deh nih kocheng, grgr mau subuh tak kancing i lawang",Fear
513,bego pelihara! yg dipelihara itu kudunya tuyul ya ceu!,Anger
4177,"istilah kuda hitam banyak digunakan dalam sepak bola, seperti tim yang tidak diunggulkan tiba"" melejit bisa mengalahkan tim unggulan, disebut kuda hitam biasanya tim hebat dimasa lalu yg lama tertidur kemudian bangkit, nah melalui ahy bisa saja dipemilu 2024 bangkit~",Neutral
1308,"anjir anjir anjir sumpah ma, pak, hamba takut banget kalo disuruh nungguin adek sendirian. takut dia bangun terus cekek hamba",Fear
5667,"tp gaperlu pura2 excited soalnya anak kecil gampang ngeh kalo kita pura2 apalagi kalo berlebihan. jd kalo ga bener2 tertarik bs cukup nanya2 aja ttg kesukaan mereka itu, mereka jg suka sih ditanya tanya gt",Neutral
914,liatnya aja udh panas tpi gpp semangat meski emosiii,Anger
3452,nempel banget kalian .. padahal ngobrol tinggal ngobrol kenapa harus bisik2 segala kan q suka jadinya,Love
3695,"selama pemakaian, kulit wajah terasa lebih lembap, fresh, dan terhidrasi. finishnya ini bikin muka jadi glowing. overall aku suka sama kedua produk ini, mereka tidak memberikan efek negatif dikulitku ( ´ ) aku kasih rating untuk kedua produknya yaitu 4.7/5!!",Love
4242,"1. suami menuntut istri taat? tanpa suami menuntut pun agama sudah mewajibkan 2. suami mengejar nafsunya sendiri, itu jelas salah. namanya hawa nafsu ya harus dikendalikan 3. seolah jika tidak boleh berpoligami, perzinahan ditanggung istri? zinah ya zinah saja dosa suami.",Neutral
3156,"ntah kebetulan atau engga, setiap gua udah capek banget, ada yang dateng ke mimpi buat nannyain kabar haha makasih loh ka wooya udah mampir ke mimpi dan jadi tempat curhat haha",Joy
2198,"halo haloo, jihan disini mau kasih sedikit reminder ya,jangan lupa bersyukur atas nikmat pagi ini jangan lupa sarapan, minum yg banyak jangan sampe jatuh sakit ya mandi pagi biar segerr jangan nangis nangis ya, semoga bahagia selalu u're magical, Love",Joy
774,` aku udah sabar ya. gak marah-marah atau ngata-ngatain. jangan ngelunjak.,Anger
4425,"makan mangga, normal nya kalau sudah mateng. gak perlu ditambahkan apa2 juga sudah enak kalau masih pencit (mangga belum mateng), harus ditambah yg gula merah lah, yg garam lah, yg asem jawa lah, yg cabe lah.. dlsb. kebanyakan tambahnya, karena makan yg blm mateng",Neutral
943,kenapa kalo dengerin lagu sendirian suka cepet banget bosen gue hshsss,Anger
822,weekend ruined. haih penat la bodoh jadi supporter mu ni,Anger
5005,"ini juga wajib baca, yang suka genre angst baca deh harus bgt. au 7 dream as family, minim romance kok. happy ending, ati ati emosi pas baca, rate 2002939273928397/10. kalo beli bukunya ada unpublished part yg discan & dibuka di drive",Neutral
4277,"kerja seperti biasa,gabriela ngapain?",Neutral
164,"aneh ga sih? padahal dia lebih sering keluar berdua diem-diem ga ngajak aku tapi aku gada marah samsek krnapa giliran aku minta tolong buat ditemenin beli sesuatu dianya marah anjim aowkaowkaow padahal kan skornya juga 2:0,5 klo dipikir-pikir",Anger
5619,"memotivasi mereka untuk belajar dan pintar. orang-orang tua merekapun jg senang dgn adanya pondok pintar papua inu. ucapan terimakasih para orang tua diberikan untuk para satgas yonif.,",Neutral
4547,"sampai 2024 selama rezim berkuasa baju merah super kebal hukum, apa kabar koruptor berbaju merah bansos",Neutral
3983,fellychibi aku suka banget sama detik jam |emang kenapa?| iya dia ga pernah lelah berdetik seperti aku yg ga pernah lelah utk mencintai kamu (Êƒâ£Æª),Love
2538,"tapi ""child"" enak banget si pas sama suara mark lee",Joy
6747,heleh padahl di hati terdalam kecewa luarbiasa,Sad
1311,"anjay ini 2p kegedean ternyata gampang lepas pula, takut kececer jadinya",Fear
5207,jgan bales dendam yaa,Neutral
6952,gue baru bangun tidur dan semalem tidur cepat krn g enak badan batuk pilek tau2 bangun denger denis bikin pengumuman kontrak sdh habis makin nambah sakit vine masih diem ampe skrng g keluarin pengumuman juga kah? agensi anehsemoga baik2 saja :(,Sad
5383,"halo kesayangan kakak! kak vin hadir, mau cerita sini sama kakak? kakak udah pernah ngerasain dan sering dicurhatin soal pergamonan. bisa kasih kamu wake up call, biar kamu bisa menentukan langkah kami selanjutnya. tapi jangan takut, kak vin ga akan paksa kamu pake yang serem2",Neutral
5904,kok sepi?pada tidur ?,Neutral
6565,sedih aing,Sad
3300,cie sedih kawkwakwak ngakakkkk,Joy
3310,"orang kalau hatinya udah kotor tu pasti ada aja tingkah jahatnya, itu peristiwa paling gak bisa dilupa deh dan jadi peristiwa sedih juga. alhamdulillah om ku sembuh dan bisa pulih kembali, mungkin kalo sekeluarga besar gak saling sopport nyawa om ku bisa aja hilang :')",Joy
327,dia pasti marah,Anger
2490,semangat nyatetnya plz plz demi bisa kepilih lomba,Joy
6627,"habis liat berita denise, sedih amat dah. padahal vocalnya paling bagus di sn",Sad
4408,"[closed plot with ] angin laut yang menerpa tubuhnya terasa dingin, namun tidak melebihi dari apa yang ia biasa hadapi. mantel tebal bagian dari seragam lengkapnya juga membantu menjaga rasa hangat. ia dengar, tempat tujuan mereka tidak akan sedingin ini.",Neutral
832,kayaknya ini udah lama bangt gue nggak marah-marah abis baca ff..,Anger
3079,"banyak yangg aku mau belii, tapi mungkin aku beli 1/2 buku ajaa aksks pengennya wishlist aku ke coret semua aku dari dulu emang suka banget baca buku kayak novel genre nya bebas deh kecuali komik soalnya pusing baca nya",Joy
3462,mau banget punya rumah design terbuka gini.. tapi kalo berpikir di bogor yang suka hujan tiba tiba angin puting beliung dkk kudu di alter supaya bisa tetep tertutup,Love
5297,pura-pura kaget biar dia gak malu,Neutral
6199,"twt w mulai nga jelas ni keknya, mulai sedih, marah, kesel, nyinyir, lambe turah. bukan kind human lagi:(.. ok let's go ke pak ayi, aku ngobatin mental ku dulu gais",Sad
54,bego ya begi diba astaga,Anger
4064,very kucing t__t lucu banget.. jadi jatuh hati,Love
3451,kalau anaknya sama suka nyanyi sekarangg menyapaa di media gitu ga ya? soalnya nak w umur 6 taun apal banget dan sering nyanyiin tu jingle,Love
1901,"iya ni mau aku jemur dirumah, kalo nggak mama marah",Fear
1481,duhh gue takut ke s,Fear
4873,"kabar gembira untuk kita semua, kulit manggis kini ada ekstraknya, mastin hadir dan rawat tubuh kita jadikan hari ini hari mastin, tampil bersinar membuatku bahagia badan sehat rahasia mastin herbal, rahasia alam dari indonesia penuh pesona pesona mastin.. mastiinn good~~",Neutral
4895,"summit adalah konferensi untuk pengembang, peneliti, dan pembuat yang membangun summit akan menjadi kesempatan luar biasa untuk belajar dan terhubung dengan para pemimpin puncak di space",Neutral
4150,"47. hi, pasti lagi nyari jasa un-sus un-lock ya? bisa ke yap | unlock all case 5k / acc | unlock umur 7k / acc | unsus biasa 10k / acc payment dilakukan di akhir a¼ close uns permanen semi perm",Neutral
3335,"ada yang suka sama bill skasgard reply sama favorit movie dong, gue lagi nunggu banget doi adu peran di ""boys kills word"" sama yayan ruhiyan perannya jadi bisu dan tuli mvs",Love
4926,"wajar darimana warnet 3rebuan lu ga ngerti skill basic komputer kaya office emang kelewatan gublugnya di sma masih biasa aja, kuliah awto terseleksi alam",Neutral
946,"pas sma ga pernah bawa uang saku karena sekolahan deket banget dari rumah, bisa jalan. kadang males banget kalo kerkom jauh-jauh banget karena pulangnya suka malem dan kalau bayar ojol jadi mahal, mending aku kerjain sendiri. bikin sakit hati",Anger
3293,"hshshhs aku terharu aa makasi ka cinn, sayang banget deh sama ka cin pokoknya sure tata ga akan berubahhhhhh, be happy juga ka cinn ku tersayangg, jaga kesehatan selalu yaa, jangan terlalu sedih, get well soon yaa.. ka cin masi sakit tenggorokan?",Joy
2161,"kalo baring bawaannya lelah, kalo kerja bawannya semangat terus, salut sii sama diri ini",Joy
6851,"kalau bisa aku ingin mengulang waktu di tahun 2017, benci dengan keadaan sekarang. terjebak diantara situasi yang membuat harus berfikir banyak, hanya membuat tangisan di setiap harinya. apakah bisa memutar waktu kembali ?",Sad
5083,"semua yang dimulai dengan rasa marah, akan berakhir dengan rasa malu. (benjamin franklin)",Neutral
5994,"cuma karena kyohei gak banyak disorot di truth, ada yg gak mau beli dvdnya, wkwk. aku paham dia kecewa, aku pun kemarin sampe nyari-nyari keberadaan kyohei, tapi kan isi dvd katakon gak cuma truth doang, bambang. di spl misalnya, kyohei banyak disorot kok",Neutral
3057,"*kumpul keluarga relative: wah uda gede banget kamu, sekarang hobinya ngapain aja? mak gua: ohh si ini suka banget baca relative: wah iya kah pantesan kacamatamu tambah tebel itu gua: hehe iya tante.. also gua: /yg dibaca manga sm fanfiction smut ngakak abissss",Joy
5490,bakar lumbung mereka curi beras mereka biarkan mereka lapar.. kemudian datanglah pada mereka dan bagikan sepotong roti katakan pada mereka kamu sangat mencintai dan ingin mereka bahagia yakinlah dgn begitu kamu akan dicintai mereka kemudian minta mereka memilih mu jadi raja,Neutral
768,"yakan dia adeknya anjir?? gimana sih maksud lu anjir, masih pagi ini ya jangan buat emosi bgst.",Anger
6649,mvs udah nonton kesekian kali dan masih tetep mewek:( recommended buat yg lagi mau nonton yg sedih-sedih!!,Sad
3495,suka banget. bagus sama western gitu vibesnya,Love
285,"apasih bawa2 tahun, tolol",Anger
6996,"udah ngebias dr jaman sma, mulai suka sama band, soloist, sampe sekarang aktor. baru Sadar itu abisin duit banget ya. udah kaya mungkin aku skrg kalo ga terperosok dr dulu",Sad
4524,kita saja yg lalai,Neutral
6292,om gal ak sedih,Sad
2332,"kemarin sedih sedihan, hariini bahagia yaa",Joy
2717,bismillah masih semangat masih optimis yakin bentar lagi bigwin,Joy
2079,"ya allah berkati, bahagia hmi..",Joy
3389,sebelum kita keliling. dia chat ini:) aku emg anaknya suka banget diajak muter muter mendadak apalagi sama orang yg di sayang. se simple itu sebenernya bahagia ku.,Love
722,"i ship both tho, tapi kalo gatekeeping itu tolol",Anger
951,heran banget sama orang orang yang suka nunda kerjaan tanpa alasan.,Anger
6168,sedih,Sad
2262,"semangat, jangan lupa sarapan",Joy
989,"males banget, nge-chat w kalo cuma mau nirun, huh. di sekolah aja lagaknya kayak orang pinter, tapi suka nirun aing",Anger
3212,"baru bangun, puji tuhan dapet kabar baik tentang jimin",Joy
1759,"aku emg tidurnya slalu malem, tp plg malem jam 2 pagi sih, tp alhamdulillah aku bisa tidur di situasi kek gtu. soalnya aku lbih takut manusia drpd hantu. amit2 klo di situ ada manusia ngintip baru tuh g bsa tdur, kan serem bgtt",Fear
5814,"ini sepi banget dah, pada kemana ya?",Neutral
4422,bagaimana cara menonaktifkan karyawan yang mengundurkan diri dan apa saja persyaratannya?,Neutral
5479,"jangan pikirkan kegagalan kemarin, hari ini sudah lain, sukses pasti diraih selama semangat masih menyengat.",Neutral
1724,sir baik tak kena balik panggung mimpi ngeri..kuang kuang kuang..,Fear
5182,"karena bisanya cuma itu doang, aku bego soalnya.",Neutral
341,"udah gw duga, soalnya tumben bgt cube ngegas bgt promosinya dll, jadi keinget cb helicopter kmrn . cube, kalo lo sampe ngapa2in anak gw awas ya. gw marah bnrn, marah bgt.",Anger
3701,"good morning sender, saya avail buat hari ini untuk provide nsfw saya bisa dalam bentuk imagine ataupun yg dirty talk frontal atau non frontal bisa. tipe saya itu cenderung suka bawel dan paling suka pampering , sweet banget sama pasangaan dan suka kasih pukis ke kamu nanti",Love
4243,skrg udah normal deng,Neutral
688,mau marah bgt anjingg ini dr kmrn mau ngeluarin kecoa 1 susah bgtt kabur mulu,Anger
3432,kesayanganku lopenio ga ada duanya cuma sayang wony meski suka marah tapi aku ttp sayang ayang,Love
5203,"dua mode satu ekspresif satu diem. kalau ekspresif berarti masih biasa aja, kalau udah diem berarti udah marah bgt",Neutral
4944,"terakhir, semoga sukses buat series terbaru ini. yang mau nonton silahkan nonton, yang gamau juga gausah dipaksain walaupun mereka idola kita. fangirling bukan agama kok, pake segala ada wajib halal haramnya. santai aja. yang penting happy.",Neutral
966,"biasanya yg pink sekarang yg ungu, ternyata ga suka wanginya plis ini kaya bau orang yg aku ga suka banget, sialan ternyata dia pake ini",Anger
6679,"paling sedih, waktu ortu udah kehilangan masa jaya wkwkw. dulu bisa kali tiap hari order makanann entah mcd/phd/kfc dll, sekarang kalo mau order nunggu menang giveaway, itu pun ada batasan belinya karna harus hemat. sedih banget sih, tapi ya yang namanya dunia pasti muter",Sad
6394,sedih ya nggaloi weton:),Sad
2203,semoga yang menderita penyakit kanker diangkat penyakitnya dan selalu semangat,Joy
2713,"turut berdukacita kak, semangat! big hug for u",Joy
4757,"pasti bingung kaget wakilnya, seperti biasa, sedangkan gabenernya sedang kampanye mimpi nyapres",Neutral
5098,psi walau di benci tapi mengalami kenaikkan elektabilitas. mungkin krn progres nya terlihat jelas oleh publik.,Neutral
7067,"jika basah karena hujan saja engkau resah, lalu bagaimana mungkin kau bilang akan membasuh hati yang lesu?..",Sad
6472,asli gue sedih bgt tai,Sad
5280,"bigbang alive tour 2012 emang udah lewat, tp bwt para vip yg mau koleksi aksesorisnya jgn khawatir langsung cek favorit kami aja =)",Neutral
3572,gue masi suka banget sama foto yg buat ultah minhyun deh cantik,Love
4805,baru saja mengirim foto agropolis wonosalam,Neutral
5299,"saya avail hari, besok sampai tanggal 11. saya bukan hantu jadi tak suka ghosting, malah suka nyariin takut kamu hilang. vibes saya banyak yang bilang om-om dari segi dewasa dan jokesnya juga, ditambah selera humor saya rendah jadi ya lucu terus, sayanya.",Neutral
1990,"skrg gwe gk berani lg nntn sndiri di bioskop, pdhl dlu biasa biasa ajj, knp yh",Fear
4120,"4. saling menjaga juga berlaku untuk menjaga pernikahan, ya jelas tentu saja 5. memastikan istri bahagia, bukan cuma nerimo? kurang tepat, memastikan keluarga bahagia, semua pihak bagahia gk cm istri, tp suami, dan anak",Neutral
4759,sudah ketebak kelanjutannya hohoho tentu saja aku tidak akan tertypu lagi dasar yajuj dan makjuj,Neutral
5808,pengen berduaan tengah malem di tempat sepi sm suami sampe kita digrebek polisi/satpol pp terus tunjukin aja buku nikah kita ke depan komuknya,Neutral
5298,"heran doang, kaget doang, ngemeng doang..",Neutral
6183,mumpung masih sedih abis baca unspeakable mari kita lanjut 2ha biar makin makin sedihnya,Sad
4971,"jika sahabat pernah membuatmu terluka, berpikirlah bahwa dia hanya manusia biasa yang tak sempurna, jika sahabat pernah membuatmu marah, berpikirlah bahwa bukan hanya dia yang pernah berbuat salah.",Neutral
6703,makanya yuyur agak kecewa biasanya mhy pinter bikin baju bozz,Sad
5034,"taun berganti bukan berarti orang gagal akan hidupnya tidak ada, ini bukti nyata kegagalan pria tapi seolah berbicara mewakili semua pria. jangan diambil hati, orang bodoh tiap tahun memang selalu ada.",Neutral
3600,"kaa jee, aku suka banget sama aduhh itu au terbarunya, susah judul wkwk, ya itu pokoknya. ga papa angst, yg penting ” hihihihihihihihihihi maaci anon!! amen! hehe gak streaming mungkin nunggu di tl aja wkwk",Love
6595,buka twt sekarang rasanya ky sepi banget,Sad
7046,"sayang, tapi ya ga bakal bisa bersatu. sebatas suka aja. sebatas teman dekat. itu udah lebih dari cukup. insya allah",Sad
5836,tetap mendukung walau sering kecewa. -fans mu,Neutral
385,"luffy : selain bodoh, kau juga pengecut! aku tidak menyukaimu..!",Anger
6174,"aku suka gt nder kalo abis pake makeup dan aku kecewa kalo ampe putus kotorannya, sensasi gelinya gadapet",Sad
6459,acheol.. aku ikutan sedih :(( cepet sembuh ya,Sad
536,"banget hehe, apalagi kalau lg tidur trus kaget rasanya kaya pengen marah marah",Anger
6599,ngga terlalu kecewa ya tapi tetap gk senang,Sad
5032,"ini kan acc u, knp pulak nk takut org lain marah",Neutral
4212,"x kan nk tgk saja please a¦5 lai , selai pn kena byr apa",Neutral
3507,suka banget ama exooo,Love
201,"diselingkuhin mereka belum sampe pacaran sih, tapi main belakang aja. diem diem gitu tapi ga mulus, bego banget mereka pdktnya jadi ketauannya cepet",Anger
1332,"iya swndirian banget, soalnya ada beberapa anak yang positif kopit jumat kemarin. asli panik dan takut",Fear
3502,"baru liatt aku suka yang kedua! lebih lucu gitu, kalo yang ketiga sama keempat bulet banget(?) modelnya, kalo yg pertama warnanya kurang sih tapi tetap suka modelnya ;3",Love
2708,",, +,makasih buat sejauh ini, makasih udah baik bangett, udah selalu kasi support ke aku juga, udh peduli bgt sehat & bahagia selalu kalian",Joy
5031,"klo aldebaran yg drama,andin yg kena marah warga ponpel ,klo andin yg drama,aldebaran yg kena marah warga ponpel ,botol ketemu tutup,yg kuat ya aladinku",Neutral
4662,"saja nak kongsi dekat korang yang kami juga ada buka booth jualan merch, boleh singgah cuci mata tengok tengok fizikal dan zine lokal yang dijual rantai art event week 4 myground, mytown shopping centre 04 - 06 february 2022 10am - 10pm",Neutral
4021,pAngeran kodok sama siapa ya dulu? ya allah dulu suka banget sama ni sinetron,Love
1854,dia panas ada kali 2 hari sampe 39 deg2an bgt bun. ngeri step,Fear
6323,"sepi banget, bikin sedih",Sad
2872,semangat ber kerja walaupun masih gini gini aja.,Joy
3030,"done, wish me luck suka banget momen skz yang ini, lucu. selalu ketawa terus tysm!!",Joy
1205,takut gabisa beli sedikit gituu,Fear
1645,ngeri,Fear
3417,"nggak ngerti lagi, suka banget",Love
3476,banget :(( mau downsizing dari mulai pc yang least fav tapi suka semua :( sedih karna bingung,Love
5958,"akibat fauzan terlalu kecewa dengan sang ayah yang memaksanya untuk mengikuti jejaknya menjadi seorang akuntan. itu bukan mimpinya sama sekali, dirinya tak memiliki bakat di sana.",Neutral
2861,enak selimutan sambil pake guling,Joy
1792,"dimana tempat yang aman untuk perempuan? jadi makin takut korban kekerasan pada perempuan makin bnyk, orang tolol biadab bngt owasu",Fear
5526,semangat kerja tinggi memang tak menjamin kita sukses. tapi tanpa semangat sudah pasti kita tak akan sukses.,Neutral
3797,sempol ayam siapa nih yang suka makan sempol cara buatnya mudah banget ig by hidayahnrs mandalika / solaria / tidur / sarapan,Love
3368,"suka banget sama au kak agdys. kebetulan gue kls 12, jadi lumayan itung-itung sekalian belajar tps - wuih, makasih udah baca. semangat belajarnya~~",Love
3367,"art! cara buat rambut kayak di karakter anime itu gimana ya.. kadang suka bingung waktu mau gambar rambutnya karena jadi jelek banget. thank you! Tolong bantuannya, pengen tapi gk bisa",Love
3533,word cant describe it. gue suka banget sama bc sekarang ini top 1 anime kesukaan gue sih,Love
6206,karna rasa kecewa itu lebih besar dari pada rasa cinta:),Sad
5109,"dari film kukira kau rumah misal kalo kalian ada gejala yg diantaranya: mood (suasana hati) berubah drastis/marah"" yg terlalu meledak""/nglempar barang pas emosi/sejenisnya, itu bisa jadi ada tanda"" yg harus di priksakan/konsultasikan sama ahlinya. so, be aware ya",Neutral
3449,"-hey i'm not yujin stan tapi enggak tau kenapa akhir akhir ini lagi suka banget kepoin yujin kaya dari fancam nya, foto foto dia dll dia ga cuma cantik tapi gergeous",Love
603,"lu tuh udah bodoh,pendek,ngga pinter, ngga bisa apa apa,cuman beban doang,hidup lagi haha masih mau hidup lu zar ??",Anger
3056,"sekian. gue sampe detik ini masih suka feel so amazed banget sama jungwon, keren banget dah pokoknya nih anak kalo gue jabarin satu satu bisa jadi manuskrip berharga yang diperebutkan seluruh dunia.",Joy
6158,taktau tapi kecewa dengan diri sendiri .,Sad
126,jgn la marah dia. lesen l pun dia takde lagi tu.,Anger
3876,suka banget sama pemeran dan karakternya si grace dh kek dia cantik dan smart banget trs jg nganut prinsip setia,Love
2935,makasih masukannya malu dan senang bercampur aduk,Joy
5443,tidak ada semangat,Neutral
4451,orang priveleged je rasa air evian tu biasa-biasa. tak semahal yang lain.,Neutral
3531,suka banget sama semuanya,Love
2730,"wah, ikut senang. selamat ulang tahun sender! boleh aku pakai twibbonnya juga?",Joy
827,"lakik lo tuh cuma parasit doang, kaga kerja tapi nambah beban. cuma numpang idup doang tolol",Anger
1639,winwin wayv tapi ini konten berbaayar gue kaget anjir masuk sini,Fear
984,bagus untuk menampol sisi patriaki warga sokor yang sangat super duper kuat paling suka adegan mereka makan malem bareng kantor terus si ketuanya (yang mana cowo) bisa seenak jidat makan dimeja karyawan cewe (jiwoo) terus berantakan banget lagi makannya sumpah itu adegan,Anger
3281,sepi dagangan btw wkwk apa masih imlekan ya wkwkw,Joy
7037,aku suka kepipinan muda yg diisi oleh orang muda. tp sayang. kenapa join ph..,Sad
2188,"semangat buat hari ini ya!! u deserve to be happy. anw, jgn lupa sarapan",Joy
6517,ya ampunnnnnn aku ikutan sedih,Sad
2443,"ga enak jg jd patrick gabisa cium bau apa"" wkwk ngakakkkk",Joy
362,gw mau marah bgt bacanya yaallah masi pagii ini emosi gw di uji mulu perasaan,Anger
2349,"sepanjang perjalanan hidup ini , terlalu banyak perkara aku lalui banyak juga kenangan yang telah tercipta , aku harap dimasa akan datang aku hidup lebih bahagia .",Joy
345,"lucu menurut saya itu adalah wilayahnya presiden, dpr, dan mpr. bukan gubernur. kalau begitu artinya gubernur memiliki wewenang utk menyatakan diri merdeka. diksi yang bodoh. artinya pemindahan ibu kota tdk pernah memikirkan nasib jakarta selanjutnya mau dijadikan apa?",Anger
814,bangsat gue kayak orang gila ngegalauin cowo orang,Anger
4807,"agama harusnya bebas dari urusan2 yg buka. urusan agama, tp para pemain ""barisan sakit hati"" ini tetap memaksakan segala cara termasuk melibatkan seolah-olah urusan agama saja.. pantas saja dulu dipecat jokowi karena nggak ada yg beres rupanya, karena cuma bisa nyinyir tp kerja 0",Neutral
3205,my! hari ini seneng banget huhu. dapet kabar baik dari jimin say alhamdulillah buat muslim armys terus nanti stay alive mau rilis jangan lupa kita punya goals juga ya. harus semangat pokonyaa,Joy
5880,"kalo w biasanya nyeletuk ""kok sepi apani"" tapi ga kenceng kenceng amat",Neutral
6781,"heran seegois itu jadi manusia. datang menjalin karna pas lagi sepi, meninggalkan semua karna bosan dan mulai tak sehati. menjatuhkan karena terasa terlalu baik dihati.",Sad
3325,"ya udah, enggak apa. gue sama sahabat gue di sma pernah suka sama laki yang sama. kita bawa fun aja, inget banget waktu tuh laki lagi main futsal di lapangan sekolah, siapa yang liat duluan, nanti kasih tau terus nonton bareng.",Love
4106,pagi yang normal dan sejuk,Neutral
6329,ada sunyi di antara pagi dan aku; kamu,Sad
2116,dangdut enak,Joy
1834,"wkwkw infp bener bgtt. udah gelisah gelisah panik tapi tetep kek, ""haduh sebentar lah main farmville dulu"" ""duh ngantuk yaudahlah tidur dulu""",Fear
793,kapan kau tdk lagi jadi penjilat.. manusia paling bego di indonesia adalah ruhut,Anger
7005,"sedih banget dahh, kucing gua ada tuh 2 yg selalu dilepas dari kecil, tapi ya selalu inget pulang karna mereka emang ga suka main terlalu jauh dari rumah gitu.",Sad
2674,pagi juga mbk e yg cantik. cerah seperti surya matahari di pagi hari,Joy
94,gajadi soft malah emosi.,Anger
4225,"nah ini baru imbang, masa hanya istri saja yg dituntut.",Neutral
3756,"tapi ada satu momen yg aku suka banget, ibukku tuh orangnya galak banget. tipe tipe senggol bacok. jd kalo ada masalah dia siap berantem dengan tangannya sendiri tanpa nunggu laki-laki yang ngelindungin. prinsipnya, 'lu gila, gua lebih gila' wkwk dan itu tertanam juga di aku",Love
2891,"terima kasih banyak dyppo nuna. iya lucu, klo aku gk bilang lucu nanti marah nuna wkwk. ayok party tp semuanya buat aku, nuna diem aja duduk manis.",Joy
2371,"hahaha, ke-distract, ya? ayo kerjain sekarang. semangat!",Joy
6670,"gak ngerti harus ngapain, sedih aja gitu.",Sad
6269,karna gue sedih karna hyunho gue harus bikin au fluffy. yook little blessing markitabuat,Sad
3228,kabar atashi juga baik nee~,Joy
6307,"semalem mimpi orang yang udah lama ga kontakan tiba tiba ngirim pesan, tapi pas bangun nge cek ternyata gada notif apa apa, itu sedih banget :((",Sad
2853,semangat abang,Joy
6548,"morning bang,disini lagi sedih bang liat anakku nangis terus karena kucing kesayanganya ketabrak mobil..",Sad
2912,"terpujilah blues! tiap birama ketiga contra bass yang memetik kunci kres: dendam Sadis disibak, lalu dilepaskan.",Joy
1865,biyen smp sma paling seneng olahraga . dadi ora khawatir jg sih nek dikokon roll depan belakang.,Fear
5754,"dalam cinta, jangan pernah meninggalkan seseorang yg kamu cinta hanya untuk seseorang yg kamu pikir kamu suka.",Neutral
4612,kalau weekend gini mah udah biasa ganti dn alias budak event.,Neutral
1857,mau tidur tp takut kebablasan,Fear
2645,"manusia manis, manusia baik, manusia cantikku, jimin udah negatif covid dan keluar dari rs? gimana rasanya menggambarkan rasa bahagia ku? jimin finally sayangg, tinggal pemulihan pasca operasi lagi ya:"") sayang kuu jimiinn",Joy
2243,"adek w ldks sm pengukuhan osis lewat online, ga enak bgt",Joy
5373,kayak nya pada panik simpen permanen data ya?,Neutral
2336,"sama aku juga gitu kak sender, kadang mikir knp ya aku ga kek temen ku yg banyak gitu suka ke dia, sedangkan aku udah mau kepala 2 belom pernah tu rasanya didekatin hehe tapi gapapa sih kan lebih baik jomblo, yok semangat jomblo sampai ketemu jodoh",Joy
950,"emg org suka gitu.. udh nitip gatau diri setidaknya kyk haii kak.. atau pagi kak,aku boleh nitip menpes ga? gitu aja pasti bisa kan.. trus jg jgn lupa bilang terima kasih itu tata krama yg pasti di ajarin kok dari kecill. bikin jengkel aja pagi-pagi",Anger
3068,"pagii!! mau ngenalin anak lama yg ak pribadi suka banget sm backstorynya krn kyk fabel xixi ini malam sm senja. dulunya mereka hewan asli, lho. tp dewi bulan dan matahari ngerestuin mereka jd manusia krn beberapa hal",Joy
1120,anj anj kesel kecewa bgt sama diri sendiri heeuh,Anger
2597,kgk soalnya aku semangat event,Joy
2204,2in hehe. fix ini enak bgt,Joy
419,idih maunya enak di elu aja bodoh,Anger
922,"anjeng gw kan make dn puasa gelar, kenapa pada bilang semangat puasa. bikin sakit hati aj",Anger
1254,tapi gue takut awkard,Fear
477,"apasi ngentot gajelas. mau kecil, gede juga kalo tuaan gue itu org jadi adek. tolol",Anger
2035,ni nhapa sepi amat dah ngerii,Fear
6512,pagi ini sedih sekali,Sad
5788,paginya baik apa kusut?,Neutral
5742,"kadang aku kalau lagi mode reader suka dm authornya apalagi kalau alurnya bagus. sayang gitu kalau puebinya acak2an. tp sekarang udah nggak sih, kalau diminta aja ngasih krisannya. sempet ada yg marah2 dulu di wp gara2 readernya ngoreksi tulisan dia, padahal bahasanya sopan2",Neutral
5567,segerin dulu.. biar semangat,Neutral
1202,"dan si mbak nya auto malu pake minta maaf, padahal netizen indo ketawa2 doang karna mbak nya lucu dikira quote estetik",Fear
2626,"kamu tahu? aku selalu selalu melawan pikiran overthinking yang senang sekali terlintas di pikiranku tentangmu. ""pantaskah aku? bagaimana jika kamu pergi? bagaimana jika suatu saat perasaanmu hilang?""",Joy
5765,"bikin sendiri. tapi jarang banget sih, soalnya mamah kan udah tau apa yg aku ga suka jadi ga bakal masak itu",Neutral
6810,sedih doi belum ngucapin hhuhu,Sad
1970,"gataunyaa, emang suka dikerasin gitu, bahkan suka dibuat rada lebam gitu. anw akting mereka keren banget sih di sini . ini engga bohong gue jadi kek dibawa ngerasain rasanya jadi dom dan sub gitu, jadi penasaran plus ngeri geli gitu",Fear
3110,"dulu gojek rame banget dan grab juga masih sepi, katanya sebagian saham uber di beli grab jadi macam kerja sama mereka. kwkwk ttp w lebih suka uber sendiri weh ga mau balik lagi apa ya",Joy
4018,idaman banget nga suka mnum dan nga suka rokok,Love
2151,dimana mana hatiku senang,Joy
3687,suka banget and lope lope dia,Love
4916,tidak mengapa untuk mengaku sedang tak baik2 saja,Neutral
1997,mu tersingkir di fa cup? jangan bercanda deh kalo ngasih kabar tuh ah,Fear
4033,"demi allah kaget, yaampun. peluk cium muah Love youuuu",Love
6940,"pagiku gak semangat, karena belum disun ayang",Sad
3054,"haai, sender! selamat pagi, aku mau kenalin anak aku namanya kaitlyn () yang bisa banget kamu ajak food date mcflurry hari ini loh. kalau untuk varian mcflurrynya, kaitlyn suka yang mana aja kok atau nanti kamu bisa obrolin lagi sama kath ya, sender. --",Joy
1248,jadi takut pacaran,Fear
2192,"bismillah semangat hari ini, semoga banyak req dm amin",Joy
2712,sarapan dulu dongg biar tambah semangat,Joy
992,"hadeeh kadang gue bingung banget yah sama cewe suka update2 kalo dia jadi selingkuhan gini tuh ceritanya merasa cantik banget apa gimana sih? jahat tauu beginii.. udah jahat diumbar2 jahatnya, gue aja yg cewek ilfeel liatnya, huftt.",Anger
2190,gm ayu! berkobar2 semangat,Joy
4670,baru saja dilihat,Neutral
5142,masa bodoh sama virus maksudnya,Neutral
3762,"banyak kok film barat yang romance, tapi ak suka banget sama film pride & prejudice",Love
3597,"thankyou gale! kamu perhatian banget sama aku, suka sama aku ya?",Love
4711,"nunaa ""nuna keyyen anenn"" ""apa kabar nun?"" ""huee kangen banget juga "" ""sedih nunn"" mostly kangen kangenan doang t__t",Neutral
1318,"sumpah ya gue sampe takut tiap papasan sama ayam, pasti ngelambat. soalnya doi tuh bukannya minggir yang lebih deket tapi malah nyebrang",Fear
1863,iya sis udah takut gosong soalnya kalo ga dibalik,Fear
2343,kereen semangat,Joy
2449,"semangat buat hari ini ya!! u deserve to be happy. anw, jgn lupa sarapan ola",Joy
2136,"cuma mau infoin, enak banget",Joy
1065,"sangat, sangat kesal dan merasa tidak enak. aku biasa memperkenalkan suasana keseluruhan album melalui highlight clip untuk setiap album.. tujuannya adalah untuk memaksimalkan dan meningkatkan karakteristik musik secara visual melalui video dengan kualitas terbaik.",Anger
5868,"antara seneng ama sedih, seneng nya dapet skin harga jutaan rupiah, sedihnya ga dapet skin yg dipengen ya allah bkn hamba tidak bersyukur, tp hoki seumur hidupnya kok mode on sih",Neutral
7022,"aku belum jadi sekolah ilmu komunikasi politik aja udah banyak bgt yg ga suka ih, hinaa banget aku kayanya",Sad
4227,"santai, gw jga gagal tdi lur. abis ini kita makan2 dah biar ga badmood",Neutral
2621,"ajak depa bertiga jalan-jalan santai petang di lcct. saja nak tengok kapal terbang landing. hakak kau suruh ambilkan gambar. habang apa lagi. keluarkan segala skill yang ada. guna smartphone cokia made in china jer. alhamdulillah, hakak kau puas hati dengan air tangan habang.",Joy
77,haah .. belajar chargeman a1 sekali kerja amik former kat kilang jadi worker .. dengan orang atas yang kejap okay kejap tak okay nak ikut cakap dia macam kerja tak pernah siap kimak .. semua kerja siap tapi bodoh nak memekak jugak .. baruah,Anger
2898,berasa bego kalau udh tinggal dikit lagi yg gak bisa jawab termasuk kitanya wkwk,Joy
4820,halo ryuu~ apa kabar?,Neutral
1314,malu nya masih terasa,Fear
6177,"ada ya orang, jumat baru keluar rumah sakit. sore nya tiba2 ""jatoh"", jadinya sedih mulu sampe sekarang. tapi sabtu paginya udah disuruh kekampus sampe malem. alamat masuk rumah sakit lagi ini mah",Sad
872,skr baru luu semua bikin gerakan cuci tangan??belajar dulu sana sama dokter odgj gk tau malu bangsa ini,Anger
3850,"jujur ya , banyak cinta yang datang kepadaku, tapi ku tolak semuanya. karna aku masih suka wanita!!",Love
5468,teh susu yang bikin enak apanya?,Neutral
6765,"maybe sedih? tapi ya mau gimana lagi. kalau dipikir pikir itu bukan hak kita lagi. mau pc nya di gimanain pun tetep bukan hak kita lagi. cuz kita kan udah jual barang tersebut ke dia, dan dia udah bayar barangnya. so barang tsb udah sepenuhnya jadi milik dia",Sad
2965,but today presentasi geo malu banget tapi legaaaa wkwkwk,Joy
3391,"bener banget hampir 10 taun jadi exol gw ga pernah bosen sama karya exo dan emang sebagus itu lagunya secara grup sub unit ataupun solo gw suka dngerin grup lain tapi cuma exo yang bener"" gw ikutin satu""nya yg gw dengerin b-side nya dan beli album nya Loveee exooo",Love
5415,masih bisa sampai tanggal 14 jangan panik tenang aja,Neutral
2560,demi apapun ini enak bgt fess,Joy
6931,"kapal gue beneran karamm :"""" bahagia selalu kalian dengan jalannya masing2, sayonara",Sad
2635,"met pagii,semangat kegiatan hari inii havee a nicee dayy!",Joy
5256,"hati-hati terhadap akun palsu yg mengatasnamakan bank mandiri dan meminta data rahasia. untuk informasi terkait produk dan promo menarik bank mandiri, ibu bisa chat mita di whatsapp official 0811-84-1400. tetap jaga kesehatan selalu. tks~wilsa (end)",Neutral
3530,kali ini suka banget sm layout nya,Love
375,padahal kubu kamu juga buat naik daun kan anis rakyat juga gak bodoh tolol,Anger
1908,serem bgt ego tuh.....ditambah lagi gue ngerasa bego parah krn gak mudeng kalo the tag kan merekanya masih ada ketawa2 haha hihi tp kalo ego tuh full kayak gt serem bbuanget b nya lima,Fear
4429,walaupun saat ini cuma bisa memilikinya lewat mimpi gapapa semoga saja suatu saat nanti mimpi itu akan menjadi nyata,Neutral
6123,"umurku sekarang sama kayak kamu nder, dan deket sama cowok terakhir tuh 2 tahun lalu kayaknya. sekarang gak pernah ada yg deketin lagi wkwk paling sedih dikata perawan tua:(",Sad
6186,lebih aneh lagi yg hobi dengerin lagu2 sedih biar bisa sedih,Sad
4027,"lo sengaja ya milih guee?! okee jea tu baik bgtt, aneh juga tapii ahaha salting mulu kerjaannya abis tu ngilang. lo bego bgt pas naksir orang, lebih bego dr pd gue pokoknya. bawel bgt anaknya, ga bisa diem. seruu rame bgt pas space triak2 muluu. otw kcb ni boss iloyoo jea",Love
1604,"klo dh offer tuh dh takut, mending kasih harga pas ny",Fear
1118,sumpah sih makin marah dan kecewa sama daddy !,Anger
3677,"nyaman gitu aja, suka juga gitu aja suka",Love
3490,"kecantol lah ama suara jae karena suara dia tuh tipe tipe suara yang aku suka dari dulu dan mulai itu aku jadi kepo perform mereka kayak gimana, dan makin jatuh cinta sama jae karena permainan gitar nya dan yang paling bikin aku jadi jatuh cinta ke jae beneran adalah",Love
6880,sedih karena dibilang tolol sama ayank.,Sad
2958,"team b baku hantam dari awal wkwkwwk emang gak ketemu tetangga tapi jodohnya sama korea:) ngeri"" sedap nih, akan ada baku hantam antara pedepokan dubai sama tadika mesra:)",Joy
1994,"ga biasa bgt. weekend padahal. suami bangun pagi, jogging, nawarin aku mau makan apa dan langsung dibeliin, lanjut sarapan bareng. kesambet apa dia",Fear
7017,"gua ga enak banget keinget rant lama. kalo gua emang bukan manusia yang baik tapi serah lah. kek gua dah ngerasa kalian nyaman, kalian bisa dengerin apapun bahkan gua ngoceh tapi ternyata kalian malah ga suka ma gua ya terserah juga sih. gua masih bisa bahagia walau sendirian",Sad
6151,"gue kalo liat haechan di tl tuh beneran mellow dah.. soalnya beneran kayak rasanya putus baik-baik, dipaksa putus karena keadaan (nangis dah gw) tapi seneng juga liatnya, kayak, oh dia masih sama kok.. masih as bright as sunshine, masih as sweet as honey. sedih",Sad
2376,"lucu banget noona kolaborasi twibbon yaah? makasih banyak ya noona! have a nice day, semangat event!!",Joy
6478,tl nya sepi :(,Sad
1342,menetapkan nonton movie terbaru spider-man venom nunggu nanti setelah blu-ray/legal streamnya keluar aja. kapan ya bisa bebas ke bioskop lagi tanpa rasa takut.. gak masalah juga nonton setelah hype redah walau mau gak mau spoiler bertebaran.,Fear
320,sabar sabar jgn emosi,Anger
1619,ngeri,Fear
3713,seru banget pembahasannya!! yang suka kpop jadi gak sekedar demen oppa koreanya aja tp sejarahnya juga kudu tau buat nambah wawasan,Love
6475,sedih karena belum dapat kabar dari ayang,Sad
2060,"ojo lali , ngemil ceria by",Joy
2219,event jam berapa sebenernya semangat ku udah menggebu-gebu jangan sampe mengabu.,Joy
1673,nonton drama sama mama trus ada kiss scene gue panik,Fear
260,"parahh bangsat banget ya, planga plongo dongo beleng2 bangsat2 yg cr makan dr menghiaap darah orang dn nyawa orang",Anger
6245,"kamu senang, aku pun senang. kamu sedih, aku ikut sedih. tapi. beda lg ya ceritanya kl kamu sedih pas putus sama dia. :™)",Sad
2039,"mau nonton kukira kau rumah awokaowkwk, tapi takut terlalu sedih jadi kalut",Fear
4785,what a shame bro santai santai ye jangan marah marah jangan cari pulakaku sayang hg,Neutral
901,kok enak e kerja woi!! dikira duit datang dari langit apa,Anger
3744,gemes banget dapet bebek ini dari kak kaget tadi dapet dm ps lagi ngerjain ujian anatomi intinya maaci kak udah mau mutualan sm ran maap kalo kadang suka jbjb ga jelas lopyuu,Love
2026,"gara2 osd ceramah masalah ks, diotak gua terngiang2, kebayang2 ketakutan yg slama ini gua simpen sendiri. gimana klo nanti gua digituin? gua balik ke ortu? sedangkan bpk gua pelaku, emak gua korban yg bikin sedih trauma2 masa kecil masih membekas jd bikin",Fear
4234,"morgana kan ganyu dps, jelas normal att burst 6/7 aja",Neutral
1917,nervous bodoh,Fear
1828,takut anjir,Fear
1573,wkwk beneran takut tp,Fear
4415,assalamualaikum.. semangat pagi. semoga hari ni diberikan rizki yang berlipat ganda. amin.. semoga da rejeki dan kabar baik di hari ni. amin ..,Neutral
4749,"nanggepin serius omongan dia. lagian aneh bgt sih menurut gue, nyuruh gue jgn deketan sama cowok lain eh dia nya aja gampang bgt gonta ganti cewek tp temen"" kelas yg lain udh biasa liat dia kek gitu bahkan dia dpt julukan player (ykwim)",Neutral
6207,like i understandd gue jg apal lagu2nya mostly krn gue gapernah absen nonton pensi festival.. and ofc not everyone grew up listening to the same songs as me tp tetep aja sedih dikit hikss,Sad
4654,"lima menit pun, setidak deras apapun hujan, tatap saja basah; yang kemudian bisa hadirkan sakit apabila kondisi badan tidak fit. tak jauh, mari.a tapak kaki injakan permukaan tanah yang mulai basah akibat rintik, pun tenn masukan tangan ke dalam saku jaketnya,",Neutral
4208,"cuti sudah habis , semua back to normal .",Neutral
4627,"ia baru saja menapakkan kaki di ujung terminal b pada pukul enam pagi. taksi telah dipesan, namun dirinya masih menimbang-nimbang arah tujuan. kedua kakinya bergerak dari ujung ke tumit, berulang kali.",Neutral
224,gua benci dimana setiap gua mulai suka sama orang kenapa orang itu seakan-akan menghindar,Anger
723,bagus tapi mau marah,Anger
6345,ini ig lg rame pap foto ayang wkwkw terus jd tau deh bias2 temenku ini siapa aja soalnya pd ngepost foto oppa2 gt kan. terpantau gaada yg bias winner nih gmn kecewa,Sad
1141,jadi malu saya,Fear
5529,sahabat adalah mereka yang mampu mengeluarkan kemampuan terbaik yg ada dalam diri kamu. mereka yg selalu berimu semangat.,Neutral
5764,"nnti kasih tau aku via dm yaa klo km udh follow akunku, masalahnya kdg aku suka gatau ada org follow",Neutral
5554,"tak perlu kesempurnaan untuk bisa berbahagia, jika kesederhanaan mampu membuatmu menjadi bahagia",Neutral
6711,"denisee huhu pagi pagi sedih, liat polaroidnya jd kangen jaman who dis sama got that boom",Sad
2762,hebat mantap luar biasa!!!,Joy
846,gak kaget kalo tau pendukung gubernur kafir,Anger
4289,"kak kalo buat twitter biasa gini tetep andro kan ya, soalnya punyaku gitu",Neutral
5560,info warung babi enak malang,Neutral
5042,"iyh andin ajah smpe skrng dia blm ngomng dia mak kandung nya, dia pikir reyna kalau tau dia bapak kandung nya bakal sneng kli yah wkwkkw kagak inget dia dah buang tuh anak bukannya hrusnya tkut reyna marah kok ini malah sebaliknya aneh kan magadir kak",Neutral
2551,"hii kak, semangat yaa, ga perlu khawatir apa yg belum terjadi, semua akan baik2 ajaa, jalanin aja apa yg udh di depan mata",Joy
5725,"single?karena gak ada yg suka,lagian udah nyaman mencintai yg jauh disana",Neutral
2928,"gs astra menjadi pilihan utama oleh hampir seluruh produsen kendaraan bermotor di indonesia (oem quality) jadi, jangan ragu untuk membeli produk di gs astra ya!",Joy
117,"tolong jangan benci fany, fany baik-baik kok gak makan orang kok",Anger
645,masi pagi bikin emosi aje,Anger
5966,arya saloka kepergok tahan tawa di adegan sedih hingga minta maaf: editor video lupa potong adegan via,Neutral
3,"aib? bodoh benar! sebelum kata aib itu muncul, terlebih dahulu sudah ada tindakan. yakni kekejian! jangan kau sembunyikan caramu menelaah masalah. semisal anak perempuanmu ditempeleng! apa kau juga setuju untuk dia bersikap bungkam? melapor polisi adl benar. lantas apa bedanya",Anger
4170,"oalah. ya gapapa, santai. Makasih",Neutral
5851,haruskah aq buat fesbuk agar twitter ini semakin sepi,Neutral
467,"please jangan buat gue emosi ya pagi pagi, hey para homophobic",Anger
5,"asli malu maluin org indo tolol yg rep latah ""cilukba"" pake huruf hijaiyah sm ""ngntd"" sama ganti huruf t pake salib, ada tiktok filipin lewat fyp aku dan repnya ""ngtd"" semua, dasar goblogg trend tiktok ter tolol",Anger
5342,"bukannya yang ""sudah"" malah dihimbau untuk dilindungi dari yang ""belum"", karena ada khawatir bagi yg ""sudah"" akan jatuh sakit oleh kehadiran mereka yg ""belum""..? belum lagi wacana meski ""sudah"" tetap masih ""bisa"".. pandemi ini memang sebuah test iq",Neutral
919,"salah sih bang gua liat retweet lu pagi2 gini. auto kesel baca twit mutajir. jadinya kan gua memulai weekend yg cerah ini dgn kekesalan. emang bener kata emak, kalo bangun tidur jangan langsung buka twitter.",Anger
2595,"alhamdulillah selamat senderr, semangat",Joy
4324,apa kabar kalian di hari sabtu ini? baik kan ya,Neutral
1063,"nikmatin -_- saya ada 2 yg asli jarang ada kabar yg 1 lagi malah kadang jadi temen, jadi musuh, jadi temen mabuck, dll -_- kesel",Anger
2590,kerenn semangat,Joy
242,hukum bangsat hanya buat bangsat !,Anger
6159,jd sedih aq,Sad
1160,"iya, aku biasanya di tengah-tengah krn takut ada kendala gitu. eh kena hnr",Fear
2870,puas bgt,Joy
3735,jritt ketawa banget aku suka dimanfaatin,Love
6469,ini seru bgt emang!! oiya nder coba nonton my annoying brother juga deh sedih parahh,Sad
2397,"enak nih, pagi2",Joy
3517,suka banget sama konsepnya,Love
3421,adek kok tau bangetsuka di ajak jalan2 sama member adek ke kebun binatang yah?,Love
2563,semangat anggun aku jugaa setiap hari pulang jam 3 sore mana bimbel 3 kali seminggu,Joy
5622,enak tuh,Neutral
1605,iyakan duh kalo udah kea gt takut banget tb2 beli tiket ke korea beneran,Fear
6823,"kaak makasih banyak , yaampun denise sedih banget",Sad
2324,"diliat2 jaehyun kalo deket jungwoo tuh bawaannya ketawa bahagia terus. jungwoo lagi diem aja, tiba2 jaehyun bisa nyubit pipinya atau nepokin pantatnya jungwoo",Joy
2709,ini emang enak banget,Joy
6214,"sedih ku cukup aku yg tau,kamu cukup tau bahwa aku baik-baik saja.:')",Sad
1312,"malu bgt sendirian, kesannya kek semua orang ngeliatin sambil kasihan gitu aku kesini sendiri. plis lah rangorang kalian selain jaga jarak juga jaga pandangan dan omongan ya, pdku semakin drop",Fear
3448,"rezeki banget, alhamdulillah dari keluarga nggak ada yg nuntut ini itu",Love
3812,"mamaku mudanya emang cantik (beda jauh sama aku) tapi ga punya pacar, banyaknya kakak gemes alias emang anaknya friendly no Love Love club banget, jadi emang suka ga ngewaro cowok buat cinta-cintaan, meanwhile aku gak ada yang naksir dan sibuk sama cinta""an cowok kpop",Love
6578,aku jg sedih,Sad
2362,"pagi juga om, semoga sehat selalu ngopi om enak sekarang apalagi ngak ada beban liat kiri dan kanan liat orang mencurigakan",Joy
1975,"kenapa ya gue suka kaget ada luka cakar? kucing sendiri. cuma kadang gue gak inget terus pas lagi elus kaki ada luka melintang, ternyata cakar kucing. dan pagi ini ada lagi. dua pula. mana gede banget anjir. fix, ini kucing yg paling gede.",Fear
3514,"halo sayang!! si cantik-cantik ini suka banget pda, udah lulus s3 bucin di tl ada kak cei , kak lyora , kak vee , clara , cici iko sama kak lila ini carrdnya sukses yaaa",Love
1761,alamak .. ngeri kale ..,Fear
5401,langsung swab pcr ya nder. gausah takut. nanti obatnya gratis ko dari pemerintah. nothing to worries biar ga nyebarin ke yang lain juga kalau udah ketahuan,Neutral
2739,"is astagaa pengen beneh mencok aaaaa sesantap, is asinan enak jua gaknya sabar len masih blm buka puasa masih lama",Joy
5637,"capitano rela dipotong gaji untuk bertahan, tapi milannya keterlaluan nawarin angka gaji barunya. emang suka banget manajemen skrng lepas pemain jd free..",Neutral
6587,"ya allah, ampe ngga ekskul grgr ngga dibangunin.. sedih",Sad
2472,"bukan cuma orangtua yg memotivasi hidupku, tapi kamu cileng, kamu buat hidup aku lebih cerah teens_shieren",Joy
4007,"enggak kog. emang kecewa aja sama ini drama dah dari awal banyak drama ga taunya ceritanya gak terlalu seger kayak series pendahulunya. gue suka semua castnya, sayang di alur ceritanya aja.",Love
4718,apa kabar gaaiss? udah mam pagi?,Neutral
1493,"takut tapi enak takut tapi dilanjutin, idung belang",Fear
4206,tapi mnrtku ga aneh nder normal aja,Neutral
2158,"wkwkww kadang mo ngelarang nyanyi dia nya dah kepede en dlasal bunyi aja , asbun.. dan bahagia buat dia",Joy
1169,kyk kalo emg ga ada bs ga sih jgn accept orderan akuu. kan jdnya ngasih harapan palsu. aku gamau kacang ijoo maunya tausaa,Fear
6388,"sedih, melas, tur kecewa sama diri sendiri. ngedumel wae nanging raono perubahan e. kudu pie nek wes ngene??",Sad
232,kegaduhan yg ditimbulkan dan efek demo bersilit silitnya sampe skrg ga ilang2. meski pd akhirnya mrk marah krn kecewa jebul sing didukung malah pada dadi mentri kabeh,Anger
66,gw benci sekolah,Anger
1603,wkwk kaget tbtb tur. adooh,Fear
3283,alhamdulillah cepet bgt sembuhnya.. take a rest angel.. seneng bgt beb. padahal aku lg sedih ngedit si al nangis,Joy
3596,dua duanya punya flow yang bagus tapi zuzur aku lebih suka ngerqpnya kanata even aku jatuh cinta juga ke allen,Love
4632,berasa punya 3 ibu. yg dua lagi nyokapnya temen-temen gue. checking in kabar masing-masing. semogaa keadaan suram gini cepet berlalu.,Neutral
125,"iya ituu benci bgt, makin hari ada aja peraturan ga jelas kek gini huhu",Anger
5350,"cara jitu lepas dari tanggung jawab : ""saya kaget""",Neutral
1296,"bajunya yang ini, ditengah lagu minjem gitar dari gitarisnya terus dia yang main.. takut banget",Fear
1976,"suka, kadang berasa lagi ngomong sama dahyun soalnya ak mirip banget sama dahyun tapi ragu-ragu",Fear
6389,sedih tau gk ada yank sayank,Sad
6340,agak sedih tp sy lega bye,Sad
2075,pokoknya traveler hidup bahagia bersama paimon,Joy
4580,pengen banget punya kerjaan yang santai bisa sambil jalan jalan tapi gaji tetep oke,Neutral
5750,kalo suka yang tema kerajaan harus banget baca arus balik sama arok dedes sih,Neutral
6680,iya ya udah cocok huhu sedih sih tapi gapapaa :3,Sad
3086,"suka banget kalo main twt tiba"" ada yg random begini . btw makasii sender udah bikin ketawa",Joy
6139,2x suka seseorang dan orang itu suka orang lain. berturut-turut. sedih amat hidup saya :(,Sad
3345,suka banget,Love
6318,bangun tidur denger dua kabar ga enakin tuh sedih bgt.,Sad
5870,"enggak sedih kok , cuma inget doang kesalahan emang bawa ini mobil , harusnya mobil laen",Neutral
2797,punya la senang benda ni ah kenapa dulu masa study aku budu betul ah,Joy
918,maksud loo?? ngajak ribut? matcha enak banget woyy!!,Anger
1646,"gue fikir baba ga ikut. malu bgt asw gadeng, malu aja haha :')",Fear
5122,"huuh pasti ada dari mereka yang mau menjatuhkan 1: sekian juta orang.. allah sayang sama kamu, allah mau kamu istirahat dulu skrg gpp nikmati aja rulesnya gak boleh marah ataupun sedih semua pasti ada yg lebih indah dari ini",Neutral
5126,"marahku tak ku jual murah. aku marah padamu. lalu ditanyai siapa yang menyakitiku. entah makhluk langka apa yang berhasil menyakitiku, cinta.",Neutral
4978,misuhku caraku mengekspreksikan emosi,Neutral
5431,enak menambah tingkat kemageran,Neutral
4621,"dibalik perkataan aku baik-baik sajaa, selalu ada airmata yang meredakan segalanya. dibalik tulisan indah, selalu ada hati yang terlalu berantakan menuliskannya. ada masa lalu yang setengah mati dikuburkannya.",Neutral
364,goblok mah goblok sendiri aja buibu.. tetangga di gresik kmaren gini semua. miris. punya komunitas bego nan tolol itu hal tergaenak yg pernah gua alami 3 tahunan disana.,Anger
3287,"video taehyun favoritku yg ada digaleri kalo lg sedih, liat video ini bikin moodku membaik. kyk ada magic(?) pokonya pas nonton auto senyum2 dan kepalaku ikut goyang makasih byk yg udh ngedit ini. tyunie disini gemes bgt _21_",Joy
2125,saat paling bahagia menurutnya adalah saat ia tidur.,Joy
4123,semalem disaat hampir tengah malem ku dibuat teriak2 gajelas sama si golden maknae nya krn liat ini yaampun sumpah yaa jungkook suka bgt bikin jantung anak gadis tdk baik2 saja,Neutral
4569,trkadang yg sdah jelas jelas d larang oleh agama dan pemerintah saja banyak yg melanggarnya..,Neutral
525,"bodoh ya bodoh aja, tapi jangan ngajak - ngajak!",Anger
4821,apa kabar hari ini?,Neutral
55,gue baik tapi gue ga tolol. semoga orang tua gue sehat terus lancar rejeki. biar ga usah gue ngandelin sodara kaya anjing.,Anger
638,mau marah aja skg udah males..,Anger
302,"kita tengah bersiap dia call, memang kena marah la duit pun takde, hutang apa pun tak tahu la",Anger
2766,"hihi, semangat trs ka bikin au nyaa! tulisan kk bagus bagus bgtt soalnya",Joy
5811,"ya sepi kan masih pagi ini, tapi pasar rame deh kek nya",Neutral
1276,kaget liatnya,Fear
6625,"gue sering ada di posisi sedih jadi waanjai. satu sisi, mewgulf itu sumber kebahagiaan buat gue, dan mereka itu candu. tapi sisi lain, gue tau kalau ini tuh salah. tiap malem overthinking, do i've to leave them? tapi gimana caranya gue pergi dari sumber kebahagiaan gue?",Sad
4720,aku dah biasa jadi kaunter pertanyaan,Neutral
2055,"happy birthday jiann adek gantengkuu gemes ucul kuat perkasa semoga rl charamu dan kamunya sukses terus, bahagia selalu, dikasih banyak rejeki & kedamaian hidup, banyak yg makin sayang sama kmu juga! have a wonderful day",Joy
5376,gapapa kaget aja,Neutral
5145,"di antara banyak sifat orang bertaqwa ialah sifat pandai menahan marah, dan mudah memaafkan sesama manusia",Neutral
4432,"jadi kalo banjir macet polusi, jangan nyalahin gubernur lagi ya kak, mau kim jong un jd gubernur ya tetep gitu, jadi salahkan saja dirimu sendiri kenapa masih mau tinggal di jakarta. salahkan saja tuhan kenapa menciptakan anda.",Neutral
3644,"minyak yg ngebungkus si kebabnya (gatau deng kertas minyak atau apa, pokoknya yg suka dipake buat bungkus kebabnya). asli lengket banget, dilepasnya susah, dikeluarin dari tempat kebabnya juga susah banget sampe tempat kebabnya harus dirobek dulu anjir worst experience ever lah",Love
4143,sarapan hari ini dengan seporsi mie instan untuk menemani sunyi setelah kepergian tanpa pesan..,Neutral
2878,sehat dan bahagia untukmu juga,Joy
4202,yeaa spt biasa,Neutral
5175,udah dibikin malu lewat sosmed terus dengan gampangnya mau diajak balikankalo ga bodoh apalagi namanya?,Neutral
2286,bahagia melihat tanda2 kehidupan,Joy
2261,"hmm imo, seni itu untuk dinikmatin, ga harus menguasai dasar2nya. sama kaya kamu ga harus paham hukum elektromagnetik buat main hp, paham hukum aerodinamika buat ngayuh sepeda, and lastly, hal2 yang mereka lakuin ini ga ngerugiin orang lain kok. biarin mereka bahagia~",Joy
5240,"simpan permanen udh bs mulai nnti jam 3 sore sampe tanggal 15 feb jam 3 sore. data diri, foto semuanya masih bisa diubah klo km blm simpan permanen. saran aku, dr skrng udah isi semua data diri, upload foto dll, jadi ntar tinggal simpan permanen aja, nggak panik sm hal2 lain",Neutral
2296,"bismillah, yuk semangat pagii",Joy
5932,notif terpantau sepi,Neutral
1753,ini aku belum bilang ibu wkaka takut ga diboleih,Fear
5197,"tararumben yeuh, pens emyu teu marah-marah ti temlen nggeus tiasa nyak?",Neutral
1968,memfilter org org yg toxic yg suka ngurusin hidup orang. parah banget ngerinya,Fear
6146,sedih hati syafakillah my fav girl. cepat2 positive cantik n chumils jehh!! see you soon.,Sad
3117,"halo ka ofiee!! aku suka bangeett sama genre au kaka yang baru. semangat terus ya nge-au nya. jaga kesehatan selalu, dan jangan lupa baha.. ” haii!! woww aku seneng banget dengernya makasi yaa udah suka dan mau bacaa jangan lup.. fiecc",Joy
2393,happy birthday valee !! bahagia terus kamuu !!,Joy
523,oh gitu ya? kalau w mah dr awal w masa bodoh dg corences w ga minta ya tp kalau w mati dibunuh dia w ora urus berarti itu emang suratan takdir w sampai skrg aja w anti vaksin kq dr awal w anggap corences itu sama dgn flu kalau w ada gejala cukup w menjauhi org aja,Anger
5524,ketoprak lebih enak ya bang,Neutral
3900,gatau kenapa kalau orang manggil gue dengan sebutan 'cece' gue suka banget,Love
6592,gua sedih bgt liat foto2 cogan,Sad
4699,me. di padang udah biasa gempa soalnya wqwq,Neutral
5585,"mimpi qasim 2015- nabi muhammad saw bersabda, ini adalah islam saya dan kerana qasim melakukan segalanya kerana allah & saya berkata demikian, allah akan memberi mereka pahala yg berlipat ganda. ramai muslim di seluruh dunia mendakwa dia adalah imam al-mahdi tetapi dia menolak.",Neutral
6241,"-kelemahan seorang lelaki yg apabila suami yg gak bisa sabar dengan kondisi perempuan. jika mandul, nikah lagi cari yg lain. jika di pukul atau di diskriminasi, diam tutup aib. jika nafsu muncul, penuhi. jangan sampai berkata tidak. sedih banget jadi perempuan-",Sad
3122,"renjana beuhh bagus banget!! sempet baca sampe tamat di wattpad sblm naik cetak. biasa nya ga begitu suka baca novel tentang reinkarnasi soalnya bahasanya biasanya berat, tapi disini bahasa nya mudah dimengerti",Joy
4156,"hi. kamu mau santai tapi masih banyak tugas yang numpuk? solusinya ke sini aja yuk. segala macam bentuk soal apapun itu, yuk langsung joki tugas, bisa dm/wa yang di link bio. testi bisa cek di thread. soshumpendidikan ya",Neutral
1969,"udah mau tanggal 14 februari. tolong jangan aneh-aneh yah pas valentine day, soalnya gua gak suka sama scorpio. tolong banget nih.",Fear
671,"dari subuh udh ga mood, pas main ml pun jdi emosi an",Anger
4188,"daddy ni kan, saja je kacau kita, yela kita biasa kacau dia kan",Neutral
666,"kamu yang tolol + kayak tytyd. ngejawab tapi ga rinci, pakar apaan kek gitu, iq 69. emang saya ngomong klo saya ateis? saya kan nebak skrip kamu, pasti kamu bakal ngatain saya bukan ateis gegaran ga follow akun ateis. dan benar tebakan saya",Anger
6129,sedih bgt sedib..,Sad
1887,"oh, iya ngeri banget sampe keluar ususnya, matanya dicolok, badannya kepotong yg ditangga",Fear
3266,yesssssss ga sepi,Joy
280,"malah ke kirim yg ini jancuks bau"" bakal marah:)",Anger
1719,"iya sih, tapi ciwi ciwi ini agak naik turun. jadi kita saling takut",Fear
2947,luci : aww jd malu wkwkwk,Joy
4455,punya kelebihan pirasat mungkin itu kebetulan saja,Neutral
899,bisa ga si kaya masalah tuh datengnya ntar malem aja jing biar mau nangis sama overthinknya juga enak gitu jgn pagi pagi setann,Anger
6031,"gunakan syukur ketika kamu dicintai, dan gunakan sabar ketika kamu dibenci. jangan ada sesal, jangan ada sebal.",Neutral
6857,"aku janji perbaikin diri demi kamu, tapi maaf yaa kalo buat jaga diri aku gabisaa, aku benci diri aku sendiri",Sad
6090,"yuna jangan lewat tl dong, w jdi sedih lagi",Sad
760,bener-bener kalau lagi emosi ga ada yang bisa kontrol. tapi ujungnya selalu ada yang ngalah duluan buat bilang maaf .,Anger
1906,ayo mam dlu ntar reonnya marah &gt;:(,Fear
4042,"biar aku, menanti dirimu, melihatmu, ku rasa bahagia, kau sempurna, kaulah cinta sesungguhnya, kasih sayang ku bukan khayalan dalam rindu,",Love
3823,"oh jadi gitu ya army harus banget wajib banget suka semuanya, padahal setiap orang punya kriteria idolanya masing masing mengejutkan ya",Love
4138,"sama nder, aku masih 17 thn, gak pernah ada yg nembak, deket sama cowo pun juga gak pernah. sejombloa""nya temen gue, mereka masih ada yg suka atau pernah ngerasain disukai org. jadi gak pure jomblo. gue bodo amat sih mau ada pacar atau ga. soalnya udh biasa sendiri, jadi finea"" aja",Neutral
3818,"kapan coba gua bisa kaya temen gua yg berani deketin cowo yg dia suka duluan? pengen banget deket sama crush, setidaknya jadi temen deket aja deh",Love
4300,"seperti biasa ya, pagi2 mules",Neutral
5569,jinjin rocky gabisa minum gpp itu gabaik kok emang enak cola tapi jangan sering ya kk aku dah gak sering kalo dulu langganan,Neutral
2593,wkwkkw ayo semangat pantang mundur,Joy
4164,berita hari ini diawali dengan politikus korupsi,Neutral
3031,nunggu banget nanti malam karena mau lihat konfliknya nunggu banget nanti malem karena mau lihat siapa penulis barunya *biasanya suka muncul tuh di opening,Joy
5971,kalo sedih kenapa?,Neutral
3579,"suer thanxxxx bangetttt buah hadiahnya gaes, sayang kalian semua emuahhhh",Love
2832,"aku arep golek bubur isuk2 enak ketoke, cuma mager men arep metu. adem wkwkw",Joy
5449,tangannya di gips aja masih semangat main.,Neutral
3472,"ponakan aku kalo berdoa pasti ""ya allah minta mobil oh"" apa-apa mobil apalagi mobil oleng suka banget",Love
137,selama perintah suami tidak melanggar syariat. hormat tapi nggak tolol. makanya islam buat org yg mau berfikir..,Anger
4892,ya sprti biasa.kerja kerja dan kerja..,Neutral
2180,"nah kalo gini terus terang sama2 enak ya mas, asal minta bonus'nya ngak gede2",Joy
2128,cerah banget,Joy
3177,uaa naf thank youu!! wowkwow tentu saja pastinya dong,Joy
4854,"semoga lancar lancar saja,lanjut pekerjaan yg kemarin.",Neutral
4637,ngulang dr 1-3 tapi kamu tryhard yg chamber 1 aja.. 2-3 nya santai tapi harus clear aja yg penting,Neutral
5115,balas dendam terbaik adalah menjadikan dirimu lebih baik. - ali bin abi thalib,Neutral
6169,"terimakasih banyak buat kak olaa yg buat karya sebagus ituu dan makasi buat rumi iyel yang selalu kerenn dan kadang menghiburr guaa dikala gua lg sedih, sekali lagi makasii banyakk loeve u kalian semuaa",Sad
4261,"kalah menang dalam sebuah match hal yang biasa, tapi emyu ini lawak bangeet bisa bisanya kalah sama klub beda divisi, adu pinalti, full skuad",Neutral
4344,"prioritas utama gue skrg kazuha sih, mana dia kgk ada kabar",Neutral
1331,mau positip takut cewenya jealous kah?? masalahnya gw bukan jennie,Fear
2017,bisa kesurupan klo main ditempat sepi,Fear
4542,biasa kan dari dubai jadi istimewa,Neutral
2482,semangat aktivis rpw,Joy
1358,yang paling nyeremin pas ada razia dadakan pas gue lagi bawa bedak tbs yang tentu saja tidak murah udah panik kalo bakal kesita (dan kalo misal iya ga sudi sih kalo ga dibalikin) untungnya ga ketauan,Fear
1329,walau dah 35 tahun tetap takut mak marah tak kemas rumah,Fear
6972,semangat ya aku juga sedih soalnya tapi tetap konsisten ja,Sad
2150,"suka banget sama lagu bangtan yg film out itu enak banget di telinga gue ada yg sama ga? jangan lupa streaming di semua platform musik ya termasuk yt,i vote for for at the 2022,",Joy
4530,apa kabar presiden yaa,Neutral
2122,semangat terus pejuang receh di pasar,Joy
4673,"disini baru mulai tatap muka, eh udh ada kabar kasusnya naik lagi",Neutral
3981,"suka banget sama kedekatan mereka . aku mau ts tiffany lagi ah, siapa yang bersedia ts sooyoung nya??",Love
1252,"ngezoom banget gambarnya, kaget",Fear
3278,sedih ya? hahah mangats dong,Joy
3374,sayanggggg bangetttttttt,Love
2814,cerah sepertinya,Joy
4719,tenang saja itu cuma foto tanganku aja,Neutral
1848,emg dri dulu gak bgitu takut w sm ni virus. sungguh sgt percaya diri tp beneran alhamdulillah sehat trus,Fear
4858,sabar yah orang kecil kyk kita mah dah biasa ditinggal,Neutral
3037,"pengen banget punya jaket varsity, eh taunya dikasih jaket keren, alhamdulillah rezeki anak sholeh.",Joy
388,apalagi bodoh,Anger
235,sdh banyak masyarakat yg tau gerak-gerik pembohong penjual dalil si bangsat provokator hh pemecah belah anak bangsa.. mmg polisi hrsnya sgr menjebloskan bui bajingan jnj,Anger
1077,"iyaa ,, sebagai lulusan fh malunya luar biasa dan sangat tidak tau diri, menyedihkn",Anger
1984,"ga. gue tuh pengen tidur cepet, tapi selalu nggak bisa, selalu ga tenang. kayak ga ngebolehin gue buat tidur. kadang suka kebangun lah sampe bangun-bangun pusing. ini juga gegara begadang mata jadi keliatan capek banget sama kantong mata item banget",Fear
4363,jangan sekali-sekali memasuki wilayah apapun sembarang termasuk yang belum tahu sekalipun. karena kita tidak tahu ada apa saja didalamnya,Neutral
3962,"dengan pengalaman kisah cinta yang kurang beruntung. kadang selalu overthinking setiap ada yang deketin, ujung""nya suka bingung jawab apa dan akhirnya skip. tapi kalau liat konten uwu uwu pasangan nikah muda, suka pengen jugaa",Love
770,"dulu marah marah, skrg diem aja terus marahnya ke yg dipercaya",Anger
2165,"udah semangat lagi kan, chaeyi?",Joy
4533,"saya dirundung banyak sekali tanya dalam satu waktu dalam satu ruang yang menyesakkan pada benak saya, tetapi bibir enggan berucap barang satu kata. ia memilih bungkam, sedang saya menurut saja dengan apa yang diperintahkan otak.",Neutral
673,"akhh kenapa bang mark ganteng banget bangsat di mv child, pengen gw gak bisa",Anger
249,"slogan tu dah boleh buang, ganti dengan ""semua polis adalah bangsat""",Anger
1574,"merajuk la jugak mak aku tu, haha. pastu dh ambik booster apa semua tu; aku tnya mak aku. ada sakit tak? ada nak demam tak? pastu mak aku ckp. tak. hahqhah pastu aku jawab balik kat dia, abis hari tu takut sangat kenapa?",Fear
3419,"dari ke 5 varian, aku suka yang jasmine sih. wanginya ga nusuk terus kecium & tahan lama, kaya apa ya wanginya.. mirip teh melati gitu. kalo yang lavender itu soft banget wanginya.",Love
2081,"semangat pagi, jangan lupa sarapan^^",Joy
1823,takut bgt galak,Fear
6994,"aku cuma bisa mengagumimu ,suka padamu dalam diam dan bener2 cinta pada mu. karena untuk memilikimu adalah yg mustahil .",Sad
6764,"sedih mat,5 season takda cup",Sad
4544,"hah iyakah masya allah, ya udh klau emng sibuk bgt gpp fokus dlu aja, wajib balik pas hari h yah ayang ditunggu kabar bahagianya",Neutral
5565,nih 3 semangat banget anjirr,Neutral
716,lo benci jamet sih sebenernya bukan pesepeda motor,Anger
6309,jibe kajjaa beneran sekacau itu dan bikin mewek sedih bangwt,Sad
6602,iya ini mah gpp kak menunda dlu karna ada alasan tertentu stdkny kdpn jg bakal pgn pnya. beda cerita klo yg bnran menolak rezeki alias kehadiran anak itu yg jd topik diskusi. sedih si tp ya itu hak mereka scr agama jelas tdk diperbolehkan.,Sad
2048,"nikmati, bisa senang-senang bareng teman tapi tetap produktif,",Joy
5997,"jangan larut dalam kesedihan, ingat lah bahwa tuhan mengirimkan sedih dan bahagia kepada kita dalam satu paket. ..",Neutral
5264,ngapain takut,Neutral
4178,cintailah seorang wanita saja. dua wanita terlalu banyak,Neutral
4809,mbesuk yen kowe uwis ora krungu kabarku ngapuranen aku wis tau ngarepke kowe,Neutral
2724,"bahagia itu sederhana,yaitu saat kita lolos dari remed(^^)",Joy
6393,"donut sepi bgt udh 2minggu ini tp keganti sama proyekan suami yg ada trs,gk motor ya mobil..semoga selalu dicukupinn dan hati ini trs bersyukur kecil ataupun gede",Sad
1460,"coraline dulu pas kecil takut banget jir, mana nyebutnya dulu kartun mata kancing :(",Fear
5989,"jika tidak dapat menggembirakan kedua ibu bapamu, jangan menjadikan hati mereka sedih kerana sikapmu selamat pagi semua",Neutral
1668,ku cium pipi kanan mu dan kau senyum terpesona bercampur malu,Fear
2756,"selamat pagi kk ku,tetap semangat dan ceria kita ya kak",Joy
2000,bangun bangun dapet kabar temenku positif takut jadinya,Fear
4571,biasa didamel teh demi menafkahi diri sendiri,Neutral
4613,disegerakan saja,Neutral
404,aku benci isi kepala ku isi hatiku dan semua,Anger
384,"dia siap kata kalau alter perkataan kena sign tepi tu. hello, aku ke yang kena sign? tanya la front hang apesal aku lak yang diragukan. nasib x kena carut aku dahlah ak marah betul kalau org spoil mood ak pepagi",Anger
6352,abis baca cerita yg makin kesini makin sedih dan aku terus curhat ke seseorang nangis parah dong gue haha,Sad
2152,semangat setelah sekian lama nggak pernah event aku kak.. t__t,Joy
1633,ipk 3.3 itu udah bagus ga sih?? takut banget mau kasih tau bokap kalo ipk segitu,Fear
6482,reyna tuh segala pengen beliin martabak buat emak sama s jesi kan jadinya mas al sedih. terus nanti pasti nino dower bakalan bilang k mb andin . kasian banget kamu mas al,Sad
5580,la lepa kata sup lagi best kat padang brown,Neutral
4784,"baiik, fiel sendiri apa kabar??",Neutral
3925,aku suka loh ama kamu kpn bisa ketemu sayang,Love
5336,"malu di jalan, sesat bertanya",Neutral
4158,"haus, udah biasa nahan laper soalnya",Neutral
4948,"mvs a¼ the house a¼ tolong dong, ada yg jelasin pesan dibalik ketiga ceritanya, aku agak paham buat cerita pertama pesannya gmn, cmn utk cerita kedua dan ketiga aku msh bingung. makasih ya",Neutral
5898,"acc ba aku mau mutualan dong, sepi bgt",Neutral
5358,"tugasnya membina seluruh prajurit tni ad utk membela nkri dari rongrongan kkb sdr dudung,tp kita bisa lihat di rusia,usa,(konflik ukraina)inggris saat prang malvinas dulu,para jendralnya memimpin terus dilapngan,mrk pd berani turun kelapngan,memang militer didik utk itu,gak takut",Neutral
223,"mereka ini ga pernah liat orang negro apa ya, rasis banget bangsat",Anger
2193,semangat semangat haha hihi,Joy
3136,halloo pagi pagi buka hp dapet banyak kabar baik,Joy
4469,"itu normal utk manaa"" investment verification.",Neutral
1824,mau ketawa tapi takut,Fear
6500,masih sedih soalnya akun sebelah udah dfb convomf convomfs moviemenfess beame,Sad
5124,"cewek cuek sama cowok terkadang cowoknya itu malah marah & ngambek sama cewek, tapi cowok cuek sama cewek, si cewek tetap sabar tuh",Neutral
4972,"jd yg berhak marah disini ya kamu. dia berhak khawatir karena temen, tapi ga berhak buat bertindak ampe jemput kamu begitu, karena udh terlalu ngatur. mungkin sebelum maksa jemput harusnya bisa bujuk lewat chat baik2 biar kamu luluh dan akhirnya mau pulang. but idk",Neutral
797,dijamin emosi,Anger
2871,semangat pagi dan tetap indah kan hari nya,Joy
9,pengen pergi jauh terus teriak sambil nangis sekencang kencangnya nanti balik kalo gue udah lupa segalanya wkwj kn tolol mustahil banget,Anger
1944,sumpah bukannya gue ga nyaman cuman gue takut malah suka sama lo kenapa lo ga peka sih kak gue jadi lebih diem tuh biar gue ga jatuh lebih jauh,Fear
1838,agak ngeri tp tetep semangat gurls!,Fear
4804,aku hanya manusia biasa yang tak sempurna adn kadang salah..,Neutral
255,"frik ambis gajelas, males gua, merasa bodoh gabisa nyimbangin asu, kesannya jelek mulu gua padahal rata rata udah oke",Anger
5713,kadang tetangga sih suka reseg eh si a aja dah nikah masa kamu belum ih kesel banget pdhl kan nikah bukan lomba btw aku jual spotify premium 3 bulan cuma 35k dan masi banyak app premium lainnya yuk buruan order,Neutral
4485,moj yukks boleh off4r sesuai budg4t saja,Neutral
6375,sedih bgt:(,Sad
1581,takut ah ntar dijual,Fear
2956,"semangat ya team, jangan lupa doa dulu setiap sebelum tanding, kalian yg tanding saya yg takut ini soalnya, pokoknya semangat terus, jangan merasa terbebani okay! enJoy your match!",Joy
924,bisa bisanya ada orang yang ga suka liat orang lain bahagia,Anger
6266,sedih amat pagi pagi,Sad
2508,semangat y yang lain ueueu,Joy
6132,mau nomor buat verif sedih akun ke log terus,Sad
5024,gapapa reyon marah lucu//lha siap *lary ke dapur,Neutral
5320,"join bn la. dapat makan mewah. tak cheapskate. baru semangat buat kerja. tengok semua muka ada senyum. yang muda cheapskate sangat. muka memaseng tegang. tengok bn memaseng pay attention bila ada yg melawak. kalau tgk meja muda, memaseng tunduk je pandang lauk sendiri",Neutral
6042,"karena skrg udah jelas, fokusku skrg ke mereka aja. ot6. msh sedih tp gpp, skrg eonni"" butuh lockey juga.",Neutral
3775,"8/10. filmnya baru mulai 2 menit gue udah suka banget sama dialognya seohyun. makin ditonton ternyata beneran bagus. ngasih tau bdsm, consent relationships & sexual harassment. jujur gw ga expect akan semenarik ini dan ngira paling gw bakal bosen di 30 menit pertama",Love
4835,ke jurang saja,Neutral
4136,"gm, bentar lg setahun tp sampe skrg ga ada kabar.",Neutral
4964,"menurut penelitian, wanita berusia relatif lebih panjang, karena lebih expresif mengutarakan emosi.",Neutral
2779,"aa makasii, lu juga semangat yaa",Joy
539,suka marah,Anger
2745,aaaa semangat harinya juga kak azutt,Joy
6359,sedih sih tp yaudalah hhe,Sad
6461,"mirip kucingku, semalam dia ketabrak motor trus mati, ya allah sedih bgt",Sad
5467,oyi sek isuk wes udan ngene enak e lapo,Neutral
1145,pas bangun langsung kaget..,Fear
5127,"sikap terbuka lb menyenangkan. hasil penelitian washington state university (wsu), pullmanas,menunjukkan sikap tbk dpt mencipta kan perasaan positif.mrk yg berperilaku tbk jg lb menyenangkan,teliti,& memiliki emosi stabil. sebabnya mrk tdk terbatasi oleh tekanan luar (media ind).",Neutral
4468,tahu fantasi? campuran telurnya aq biasa pake putih telur aja soalnya,Neutral
667,"dulu pernah install tiktok gr2 pandemic, iseng di rumah nganggur mo ngapain, tp begitu lht komen2ny gw kyk kebawa ikutan ""downgrade"", gw miskin, gw mgkn bego, tapi ga sehina itu, ngehujat org pakai komentar2 yg kl lo baca, 'heh, serius ini org indo yg komen'?",Anger
3019,kok orang-orang pada takut kecoa? padahal seru loh liat dia terbang.. Wkkwkwkwkwk,Joy
357,"sumpah, shara bangsat anjeng bajingan",Anger
5063,"tengil, suka marah-marah, songong, tapi itu semua jarang sebenarnya. dia orangnya suka galau, sering sibuk sama kegiatan osisnya. kadang juga manja kayak anak kecil, tapi lucu kok. kadang nurut kadang ngeles 1001 alasan dulu untuk beberapa hal, contohnya kalau disuruh makan",Neutral
2831,"aku senang, jangan ganggu mood bahagiaku",Joy
2783,", nah gitu, kan enak. nanti gua kalo ditanya 'punya temen gak', masa jawabnya 'punya namanya badut oppo'. salken, hen. kenapa malu ya? asal halal dan menyenangkan mah gas aja kan. gua juga kalo bisa mau jadi badut oppo.,",Joy
1353,gue jadi takut kalo liat akun besideperth,Fear
5131,aqis masih pagi ga boleh marah marah,Neutral
470,kalo lu ky gt ya sama aja donh sama kawan2 lu itu yg kalo deadlock ujung2nya cari serep. padahal lu sendiri yg bilang kalo kawan2 lu yuh pada bego. kerja kok modelan ky gt ga nyari mandiri.,Anger
2703,"enak, kebab bbq",Joy
3330,"dibuat sama gdh, emang udah jaminan mutu ya. suka banget sih sama gaya berceritanya, banyak kasih liat reaksi orang-orang. pokoknya tiap toon sungkem sama nenek-nenek, dada gue langsung sesek ada di netflix, last day to watch 28 feb besok! jadi buruan deh ditonton.",Love
3637,cinta banget ama kue iniiii sksks,Love
1396,"oknum yang ga ngerasain malu td pas presentasi, pls td kalo lu join zoom rasanya mau pindah planet..",Fear
3584,"hal paling males dimuka bumi adalah beresin lemari trus bingung baju mana yang masih dipake mana yang engga, mau dikasihin ke orang suka ngerasa sayang nanti juga dipake lagi. ujung-ujungnya numpuk dilemari padahal yang dipake ya itu-itu aja",Love
6346,lu sedih gak? gue sih iya,Sad
5262,"oh, lagi lagi alasannya karna takut dipakai buat hal hal negatif (kayanya mereka tau kalo rp itu ada nsfw nsfw nya), makanya sampai saat ini baru aktris thai aja yang gak mau di pakai wajahnya. aktornya belum.",Neutral
5645,"dulu gue pernah diajarin buat cari tau apa yang gue ""suka"" dan ""bisa"". ini exercise yang cukup unik, karena ini logical banget. ketika kita mau nge ""flow"", ya kita musti start untuk bergerak aja dari hal2 yang keliatan. nanti kepercayaan diri akan terbangun sendirinya.",Neutral
3376,"mak ku ngga suka kalo ak merusak sesuatu , mak ku terkadang lebih sayang ma nct pleasee waktu album universe aja dia nanya nnya mulu kenapa album nya di buang buang",Love
1256,hahaa sama. gue di unfoll 10 org hari ini . kaget banget,Fear
6190,"nahan tangis gk enak bgt anjirr, ini lagi di sklh",Sad
3512,gue suka banget liat pergerakannya dah,Love
5651,kamu kenapa suka banget buka kartu haha.,Neutral
5778,"suka rebahan, tapi pengen dapet cuan tambahan? bisa banget sob.. yuk gabung di sobat indihome sekarang juga dan dapatkan uang hingga ratusan ribu rupiah dengan modal hanya smartphone kamu dimanapun dan kapanpun..",Neutral
1250,tiap kali intuisiku benar itu antara bikin lega atau ngeri sih,Fear
5795,"eng! nya ""aku jga sedih kalo kmu sedih"" itu ""i'm Sad that you're Sad"" bukan?",Neutral
5348,kenapa komennya pada takut sih??,Neutral
6798,"butuh season 2 pokoknyaa,, khusus yang kkakkung couple harus adaa soalnya sedih momennya cuman dikit dan sebentar bangett. dan moga yesung oppa cepet-cepet dapet pasangan di real life nya, sudah waktunya menikah oppa. kami menunggu undangannya",Sad
4298,"akita tidak bisa menerima begitu saja,orang yang telah mempermainkan kepercayaann kita terhadapnyaa -",Neutral
3284,kamu sedih ? kamu sudah kena prank lmao,Joy
2933,"satu bulan belakangan lumayan sibuk banyak kegiatan di luar rumah.. terus beberapa hari yang lalu asam lambung sempet kambuh udah takut banget bakal drop lagi.. tapi ga disangka, puji tuhan hari ini kondisi aku udah jauh lebih baikkan.. thankyou jesus",Joy
4175,luar biasa,Neutral
5268,surat ojk palsu eazy property (pt indonesia jaman sekarang) - cc,Neutral
4910,"ia..namun kita juga tau dua label itu bukan sekedar permainan politik saja. namun ad fakta2 yg kit harus Sadari ""rasa"" politik saat ini arahnya kmn.",Neutral
1852,jiahaha ..biasanya yg curhat cewek.. dimedsos lagi. kasihan istrinya yg menanggung malu dikampung,Fear
6617,sedih bgt waktu salaman sama kucing,Sad
6886,fasenya gini: tiba-tiba mood melow-nangis-pengen marah tapi gak bisa-grutu-ntr pura pura biasa aja-ntr akhirnya pengen ngomong terus sampe cape -baru nti biasa lagi,Sad
2105,kaka juga iya wangi enak aja,Joy
133,bloon. mana ada yg mau kalah. mang bego anjing kntl,Anger
5236,"iyaa aamiin, coba trus aja kalo ga gitu nanti maleman biasanya bisa soalnya yang akses ga banyak. jangan panik okeyy",Neutral
5029,"bener ya ilmu padi, semakin berisi semakin merunduk. makin kesini, makin dewasa, makin tau banyak hal, sekalinya emosi yang dulunya diluapin sekarang pilih buat diem. ngga suka sama orang, diem. kesel, diem. diem mulu idup gue",Neutral
928,udah semangat on soalnya ada ayang yang nyemangatin. sialan lu idang,Anger
823,"wkwkwk emang lo punya agama, benci banget sm yg berbau islam gitu",Anger
6428,kecewa,Sad
1531,jujur takut digetok mami beli hoodie lagi,Fear
1214,jangan lupa minum ya abis makan. takut keselek,Fear
504,semua kadrun benci ahok. itu sdh lumrah.,Anger
4285,ayo lorr.. simak apa saja sih pernyataan presiden terkait perkembangan covid-19.,Neutral
1996,"kirain saya saja yg g sk seblak, nyium aroma y saja mual",Fear
3072,"fess ada yg suka minuman non coffee apa aja dan pake susu almond? biasanya minumannya apa dan beli dimana? kmrn aku beli latte sbux pake susu almond, suka banget, tapi mau nyari yg non coffee",Joy
1958,"minderan anjir klo suka sm org. abis gmn ya gua selalu aja suka sm santri, dgn fisik yg tdk memadai serta akhlakless gini jd lebih nyaman mencintai dlm diam wkwk. udh gt doi pernah liat gua nyedot tijus make selang, apa ga nambah jijay??",Fear
1384,"tiba2 mimisan, gaktau kenapa penyebabnya dahal baik2 aja. kaget juga, udah lama gak kejadian kek ginian.",Fear
894,"malu maluin anjrit sinyal begini, katanya doang kenceng, tae",Anger
4924,shashin wa zenbu oite kita semua foto kutinggalkan saja,Neutral
455,karna kucing gua itu belum di steril jadinya dia cari kucing jalanan biar sama dia dikawinin karna kucing gua ini jantan akhirnya karna kucing gua suka main ke teras tetangga ini dan katanya suka berak sembarangan sama berisik jadinya tetangga ini marah bgt,Anger
5779,ada yang pernah suka sama temen sendiri yang udah deket banget gak? terus klian mendem aja jangan confess atau gimana?,Neutral
6553,sedih banget dengernya.,Sad
3709,tolong ini temennya siapa cinta drama pake banget,Love
6831,tl gue sepi amat dah :(,Sad
4849,"ketika kamu berharap yang terbaik tapi kamu hanya mendapat yg biasa, bersyukurlah kamu bukan yg terburuk.",Neutral
4748,"kaga, biasa aja. banyak yg lebih tua dr gw manggil gw ade, selow aja. klopun orang lain bilang punya adek ya berarti saudara kandung yg lebih muda dr dia. mau umur berapa kek.",Neutral
4268,"selamat pagi first people. mhn maaf atas ketidaknyamanannya. kami cek modem dan area normal ya. mohon bypass menggunakan kabel lan dari modem ke device kemudian akses situs detik(dot)com dan youtube(dot)com. bila sudah, mohon konfirmasi kembali ya. tks ^sita",Neutral
3522,"saya suka banget ngedengerin partner saya cerita ataupun nyambat. nanti saya kasih peluk banyakk! kebetulan saya availnya tanggal 18, lumayan dekat lah ya? kalau kamu tertarik, bisa dm ke okay. semoga kita ketemu ya!",Love
4134,bedsheet tu kan.. biasa beli queen je ke?? kalau dia pakai katil king guane?,Neutral
3602,sumpah ini kopi kenangan mantan dari juara banget buat gw yang suka kopi gak terlalu manis mah,Love
6917,"terus pas lagi isi air gak sengaja tumpah kena kabel reflek aku teriak biar dia cepat ambil kabelnya biar nda makin banyak kena air, tapi kenapa aku yg kena marah padahal aku reflek teriak karna kaget",Sad
713,"kenapa bisa ada orang terserah terserah sih cape anjg, lo kalau ditanya jawab dong iya atau engga, mau atau engga, yaallah emosi sy",Anger
4186,"memelihara kota saja gak mampu, apa lagi membangun kota.",Neutral
2214,semangat pagi,Joy
5301,ada nih kak isvaya ( ) nderr! kalo masih ragu boleh cek dulu profiles nya di flipbook atau langsung aja dm ke charie yaa,Neutral
2923,coba sampai ep 12 banyak bucin tolol wkwk,Joy
1810,"gabisa banget nyetel takut, i feel gonna cry",Fear
3486,enak banget buat aku yang suka klepon trus cinta mati sama eskrim,Love
3141,wkwkwk santai aja ayok mutualan sini,Joy
1827,"eh bukan deng wkwkw kaget bgt, anjir mana rompi osisnya mirip + belakang gedungnya mirip. pas liat badgenya bukan sekolah gw",Fear
1155,ngeri yaampun,Fear
1324,"eh ada lagi deng hehe, bikin kaget aja",Fear
4312,obat stroke lumpuh sebelah kanan adalah bio nerve. pesan di wa 0878-7763-8496,Neutral
510,jangan bodoh ya ta. dia udah hapus nmor ita. berarti dia pengen hapus ita dri hidupnya. so ita harus bisa untuk tidak peduli dengan kehidupan sosmednya. dia aja bisa masa ita gk bisa. please jadilah kuat,Anger
1680,aku lebih takut liat bird japan ketemu bam,Fear
499,kalean apa bangsat,Anger
6414,"udah ikhlas kok, tapi masih sedih aja kalau di inget inget lagi",Sad
1856,kata gw admin seluruh warga somethinc lg panik huft,Fear
1388,"temen gue ada yang positif takut bgt soalnya kamis sama sabtu kemaren abis ketemu, akhirnya gue ini mau swab house service. doakan y geengg",Fear
5615,beliin mama rukuh biar semangat ibadah njoo,Neutral
3719,jujurly selain suka kopi nya yang ginger ale lemon espresso gue suka banget sama logo dan basic color nya si flash coffee,Love
2386,kayanya enak bgt deh,Joy
5541,"2022 aku tau berat banget kedepannya. jujur jalanku buntu aku cuma mau ikut alurnya aja. tapi aku percaya sedih itu kaya bahagia, semuanya sementara. habis sedih pasti nanti bahagia kok, begitupun sebaliknya. semuanya bersifat sementara gapapa kok ya kan hatinya seluas samudra",Neutral
3236,"ya allah baru bangun dapat kabar baik alhamdulillah jimin kamu udah (-) cvd-19 udah boleh pulang juga , banyak"" istirahat ya sayang semoga bisa pulih secepatnya dan bisa nyapa army lagi , i Love you jiminie",Joy
6172,iya juga¦ gak ada dia dunia tl sepi,Sad
1540,"gue kalo pms sakit bel tp gamau minum obat takut ketergantungan:(, uda nyoba dikompres pake air anget gaa tadii?",Fear
1217,"gue ga tweet begituan di sini, malu dan pasti dikecam. skrg kan serem, apa apa dispill. tweet kayak pgn have sex sama anime langsung pqrt atau diss lalu dijadiin bahan teh",Fear
2681,yuuta t_____t semangat di sendai,Joy
2993,jadi malu :3 tapi seru wkwkwkwk,Joy
5512,"morning, semangat tipes nya.",Neutral
6313,"mau genre apapun, kalo ceritanya bikin sedih aku pasti nangis. ini tadi aku nangisin zombie di all of us are dead :)",Sad
1191,ngeri amat wkwk,Fear
5772,"dia susah diajak cerita, anaknya lebih suka dengerin cerita orang lain. jadi, ya dia bakal ovt, ngeluh, atau apapun di twitter nya karena dia ngerasa lebih nyaman cerita di priv daripada ke orang lain, ya walaupun bakal dilihat juga sama orang",Neutral
5293,jangan tegang tegang kak,Neutral
1542,"ketularan kaget, pengawasan gak beres.",Fear
3301,"aku seneng baca kayak yang benang kusut, not so royal romance nya weishin.. son for the king yg satu lagi tuh lupa judulnya pokonya 22nya seungzz punya kak daisy.. apalagi kalo ada angstnya kalo ada rekomendasi lagi kasitau ya gaiss terserah pairing siapa aja~",Joy
3324,sopaa!! cuz akuu suka banget jurusan tari di sana aku sering ngikutin daily school nya anak sopaa dan itu asik asik bangett mereka juga suka ada event!!,Love
2539,senang banget pagi pagi dapat yang manis manis ue ue,Joy
953,"gue baik banget apa ya sampe orang suka minjem duit, minta jawaban maksa",Anger
4846,solusi gemuk sehat ya mr pro pesan pin bb d3ab1394 wa 089523185997,Neutral
4330,temen rl ak kalo lihat ini anggap saja gak lihat ya!!,Neutral
732,"kalo aku marah, ngambek, kalo aku bls/jwbnya singkat2 & akhirnya cuekin kamu. itu artinya aku pengen kamu peka, perhatian & perduli.",Anger
7070,"aku sangat bodoh, saat aku tahu aku jatuh cinta denganmu dan terluka, karena aku tahu bahwa itu akan sia-sia saja",Sad
1156,weh takut limit,Fear
6552,"pengen dirumaah aja ka, lagi sedih kucing aku barusan banget meninggal",Sad
3294,"my Lovely bestfriend, anaknya emang kek anjing tapi lucuu!! setiap main gapernah ada sedih sedihnya, yang ada ketawa sampe pingsan",Joy
2982,"gemes kalau liat kamu malu malu, mau saya kekepin seharian.",Joy
5305,"dikit2 kaget dikit2 kaget, kaget koq cuma sedikit",Neutral
5161,tumben ga marah-marah nih,Neutral
2156,"pagii semangat ya kamu hari ini, have a good day",Joy
1062,"jangan cuma beraninya nge dm doank buktikan dengan ngajak kita ngeroom..jd bisa di buktikan semuanya,tidak semata bualan,atau halu saja..",Anger
2616,happy birthday minju noona! semoga makin sukses dan makin bahagia ya! gbu,Joy
1167,kok suaranya aneh dan bikin merinding ya,Fear
3222,"baru bangun tidur, trus ngecek twt trus dapet kabar jimin sembuh tuhh masya allah senengg bangett, langsung senyum2 sepagi ini wkkwk i vote for at the 2022",Joy
3636,"hello! disini ada isla sama ona yang provide gxg relationship. mereka suka banget pda! karena anaknya juga bucin abis dan seneng pamer kelucuan pacarnya, segalanya deh tentang pacarnya. isla ataupun ona juga orangnya bisa match your energy, convobuild, ”",Love
5588,"lebih mending kecanduan si jadi enak ngabisin obatnya, ya gak sih?",Neutral
2938,"rendah sekolah ku jumlah kuota eligible mipa ada 95, dan aku rank 85 dg rata' segitu sempet takut bgt kegeser krn ada byk murid yg data nilai' nya salah, tapi alhamdulilah ya allah tetep masuk eligible",Joy
4491,nonton 1episod saja belum selesai..,Neutral
3140,pagi ku cerah karena dapet kabar baik jimin udah sembuh walaupun hari ini hujan deres bgt di dom ku vote for at the,Joy
4980,spill cara biar ayang ga marah ges,Neutral
143,tolong leon jangan sampe kebawa emosi ya,Anger
7013,"i know this will end with ab, and i feel the story trying to pin c as antagonist but really anjir, siapa yang suka kalau u sayang sama orang tapi orang tsb ngomongin mantannya mulu sih",Sad
3577,"kalo dia nulis cerita, suka banget deskripsiin keindahan fisik ceritanya sampe lupa detail alurnya sendiri. how cute sampe kadang ada yang diem diem bilang ""tulisannya terlalu rapi jadi agak bosenin""",Love
4946,"consent juga, haha. aku pikir consent akan muncul setelah ada trust. hanya trust saja belum tentu diiringi consent. tapi kalo consent, biasanya udah trust dulu. udah, sesimpel itu aja wkwk.",Neutral
2782,"coba denger yang good riddance, give me novacaine sama stay the night. itu juga enak",Joy
717,bangsat!,Anger
1819,"ini dari kemarin kepala pusing, badan pegel pegel, flu, trs hari ini tenggorokan mulai sakit kenapa yaa :(( takut bangett",Fear
2502,"semangat buat hari ini ya!! u deserve to be happy. anw, jgn lupa sarapan adolf",Joy
4360,iyaa bener bingits! nanti siang ku pesan,Neutral
4171,hallo.. jas mau penghasilan tambahan dari hp saja. minat bisa jpri,Neutral
395,"inilah contoh orang2 yg belum siap bersosial media ya gini nih udah close minded, racist, bodoh attitude gak ada",Anger
5731,"paling suka dg kisah nya danan dan cahyo sayang aku ketinggalan banyak, karena baru gabung di tweet aku baru baca kisah desa tanggul mayit dan gending alas mayit pengin tau kisah dari awal tapi bingung gimana nyari nya karena baru di tweeter..",Neutral
6320,"apapun group nya walau aku ga stan mereka, kalo ada yg keluar atau bubar rasa nya sedih bgt",Sad
6839,anjrit gue lagi sedih baca ini malah gajadi sedih,Sad
4492,"tbh, gak sedikit kok yang begini. ada case gini kek udah biasa aja gitu haha. maaf maaf",Neutral
1365,"lagi pusing, tapi kalo dapet dana kaget 100$ ilang ni pusingnya",Fear
6447,"aku bodoamat krna emg gamau lama2 diacara. tp kok ttep kayak sedih aja ya. aku bs makeup sndiri. pake bju yg ok jg bs kok. tp rsanya kayak ""beda"" sendiri itu agak sedih hehe",Sad
5999,"ketika kamu bersyukur, kamu tak akan merasa sedih pun merasa kekurangan dan ketika kamu mengeluh, akan bertambah kesusahan",Neutral
595,gua benci sabtu,Anger
6205,"ini saya tidak tau harus sedih atau tertawa. semangat mbarnim, semoga bisa kembali lagi hubungannya. ^^",Sad
3952,seneng banget bisa ketemu sama elf disini gpp kak mimin juga suka halu.,Love
5392,"pantesan gelarnya diduga palsu, minimal hasil nyuap. sok keren gunakan istilah coattail (coat tail) . buzzer yg profesornya aja kualitasnya begini, apalagi yg cuma ikut liqo 3 minggu.",Neutral
5917,ya allah smoga bapaknya lekas sembuh yaa i hope there is a good news for them! buat temennya snder jangan menyerah sama hidup kalo nyerah nanti orang tua kamu sedih. masih banyak hal indah yg menanti jd terus hidup yaa kita sama2 berjuang! semangaat,Neutral
4968,"cwox yng klo ad ap2 d selesein br2,,yng klo lagi berantem bisa ngredam ego,,klo marah bnget cumn diem,,yng punya Love languange physical touch nd acts of service kyak aq..",Neutral
2914,"terimakasih allah, terimakasih abah. skrg ni abah tak pernah pun salahkan mimi dah kalau porch sepah sbb kucing dan monyet, tak marah mimi kalau tak masak sbb abah akan tolong masak perubahan ni sejak kitaorg kena ujian covid raya lepas, abah masak nasi lemak hybrid nasi ayam",Joy
6973,kapan sih bisa semangat ceriaa gitu pas berangkat kerja :',Sad
2326,kenangan tetap ada tapi jangan terfokus disana. hidup lo bukan untuk kenangan tapi buat masa depan. tetap semangat!,Joy
5644,"aku tau ini pasti terdengar tidak nyaman. tapi ya gimana kalo sop nya memang gitu. tapi aku kalo dipanggil ibu suka kaget dan ekspresinya kelihatan gitu, jadi dipanggilnya mba. gpp, gpp. kamu harus terbiasa.",Neutral
3766,"suka dan sayang doi, lucu banget soalnya",Love
3440,"dengan kotak kecil dan hati merah kecil di dalamnya, aku juga ingin menyampaikan penuh suka, terima kasih, atas pertemanan indahmu tanpa pamrih. cc:",Love
3851,"bapak pernah ngejek emak karna pesek ""emak kamu pesek banget, kamu juga sih, tapi untung agak nurun mancung dari bapak dikit"" tapi abis itu bilang emang paling cantik, pa maksud kadang suka usil ke emak, tapi abis itu ngibrit",Love
4132,5f orang yg suka mengganggu biarkan saja. mbak. yu nanti jika dia capek lak yo berhenti sendiri atau diam karena kelelahan..,Neutral
6487,"agak sedih tp gaoaoa, semoga tahun depan bisa ngehype birthday jisung lagii",Sad
2143,day 1 terlalu semangat terus datengnya kepagian dan belom ada orang,Joy
6525,"sedih tengok orang argue pasal islamic financing menindas. dia sama ja, ada la beberapa manfaat untuk orang islam. tapi basically sama ja, cuma ditukar ke term² arabic sikit. total pembayaran balik sama/hampir sama ja dengan konvensional punya. benda cari makan..",Sad
5073,"buat para pembenci, paling pak presiden jokowi cuma tersenyum dan tetap berprasangka baik kpd pembencinya. ngk terlintas rasa dendam sedikitpun, ikhlas dan beliau super sabar, ingat nabi muhammad saw saat dibenci oleh yahudi hindun? begitulah islam yg rahmatan lil alamin",Neutral
1571,"kamu minum kopi 2 gelas, itu ngga sehat tau. kasian perut kamu mata gue mlotot kaget dong, apaan dah nih sksd?! pas gue noleh, anjir cakep bat heran",Fear
4079,yah gimana sih yang yaudah susul aku dulu kita sarapan bubur di tempat biasa,Neutral
1122,ora editan kui ancene wes kene lg sedih malah dsenggol,Anger
2786,semangat puasanya dap!!,Joy
6335,"awalnya nemunya random dan cuma sekedar suka sama style dan tone warna yang dipake, sekarang tiap liat hasil karyanya berasa nano nano sedih iya tapi berasa anget kek dipeluk dipukpuk",Sad
2967,"terinspirasi dari kekuatan doa, yuk zuhur ini kita saling mendoakan. saya titip ke teman2 doakan tuk kesembuhan ibu dan kelancaran prog dakwah aja . temen temen mau titip apa? komen aja di bawah yg malu komen, cukup like aja ntar di doakan yg baik baik",Joy
2504,"happy birthday tamaa, semoga bahagia selalu yaa (2´`)*",Joy
5988,sampe jam sgini rumah msie sepi blom ada yg bangun,Neutral
3465,"Lovestruck in the city (2020) drama yang ringan banget. buat yang suka nonton drakor romantis, pasti suka karna w suka bet",Love
675,"pram said ini lgu buat kalian, yang punya rumah tapi terpaksa pergi karna suatu keadaan bangsat itu aku",Anger
2808,semangat,Joy
3348,"suka banget kk flo,, yuk kita beli kk flo !!",Love
728,"halah bacot mulu nih si tua tolol, jawab dlu org panteis tuh harus kek gimana, pengertian panteis yg ga nyontek gugel tuh gimana, kok jauh banget ampe ke ui/ugm. ini kita lagi bahas apaan sih? kok makin ngalor ngidul gegara kamu. jgn baper gegara cewe viktor, malu ama tytyd",Anger
412,"oematmu tolol sih, gabisa bedain mana bunglon mana asli. kebanyakan halu ngentod ama bidadari transparan ya gini jadinya, otack tydak dipakai ya gesya",Anger
3146,baru bangun dapet kabar baik,Joy
1516,"yang kupikirkan saat ini : ini org org yg punya kontak wa banyak ga pusing apa ya nyortir siapa aja yg bisa liat sw. gw cuma sekian aja, males nyortir dan jatohnya jadi males buat sw aja sklian. khawatir hal hal tidak diinginkan terjadi",Fear
5745,"aku waktu sekolah ga suka nebeng ke temen cowo, bahkan ga pernah kayanya, soalnya ga nyaman aja gitu. kalo gada kendaraan mending pake kendaraan umum, atau nelpon orng rumah minta jemput.",Neutral
825,bukan pick me tapi dijamin emosi,Anger
3267,"kak ann, thankyouu karna kamu udah bikin au sebagus ini. aku nangiss bgt, bukan nangis yang sedih tp nangis yang kekk?? bahagia dan terharu baca cerita kamu, ditambah lagi ada beberapa poin yang relate sama hidupku jadi tiap baca partnya kaya aku liat diri sendiri juga didalamnya",Joy
3974,haloo nadhie huhu aku suka banget tulisan kamu buat lee chan huhu diksi kamu cantik banget tulisan kamu selalu megah huhu boleh gak temenan sama kamuu,Love
616,lagi benci banget dengerin lagu bucin,Anger
114,sange sama perempuan lain? puasa. tahan diri. jaga pandangan. bukan poligami bangsat. lo miskin tapi gegayaan poligami tuh gimana ceritanya?? nanti istri jelek ga keurus karena lo ga kasi duit langsung ditinggalin. heran gue kenapa laki-laki punya otak ga dipake dah,Anger
417,azab jualan ayat lha bego,Anger
3069,"yg aku suka dari idexpress ada nama kurirnya, mana cepet banget njirr",Joy
1625,"aku bukannya over atau lebay, aku cemburu, aku khawatir, aku bawel itu karna aku sayang dan takut kehilangan. itu aja. :')",Fear
7010,"kalau abis mandi trus ngaca kadang suka mikirr, gila sih muka gw mirip alien banget :(",Sad
4185,"stop aja udah stop, yang sini tiap hari mandinya pake air juga biasa aja",Neutral
2896,"noblesse di webtoon eng udah daily pass, dulu gue kebut bacanya di eng sebelum dia daily pass wkwk tolol bgt",Joy
6605,"i ain't lockey but i feel bad for that. buat para lockey jangan sedih terus yaa! i wish all the best for denise, secret number, and lockey. semangat terus lockey buat dukung denise sn!!",Sad
2082,semangat mbak,Joy
753,bangsat w lagi nyanyi nyanyi di dapur ternyata ada orang luar yang liat dari pintu dapur,Anger
2546,kamu juga semangat ya. sudah sarapan belum?,Joy
3969,"engga. gua malah muak di sana. baru setengah bulan pengen pulang aja rasanya, alias engga nyaman. gua orangnya lebih suka ketenangan. di sana malah bebas ga karuan, ga ngerti situasi banget anak sana.",Love
3373,"gw lala yaa plis iyaa nov no 1. suka banget gw, tinggal tunggu outfitnya",Love
5726,kalo emang suka banget sama bandnya pilih konser sih,Neutral
4107,beragama tetapi menganggap mencuri menjadi biasa dengan dalih lele nya kabur lalu saya ambil saja daripada mati di jalan. miris,Neutral
2444,gapapa!! semangat ya sya,Joy
4380,normal la tu aku kena reject,Neutral
1066,"yang sedang saya alami. kemaren saya ada hubungan sama seseorang. 3th aku sama dia. kita udah sama sama dewasa. saya berusaha (finansial). tpi dia malah santai kyk gk mikir gimana caranya. saya sabar, telaten sama dia. tpi dia seenaknya saja.",Anger
3913,"pas tw wanita yg dia suka itu adlh fans eunhyuk,kyuhyun lngsng gk prcya lg sm cinta pd pndangan pertama",Love
5287,chaeng kaget ga ya? berasa di surga gitu ga sih? disamperin bidadari,Neutral
5536,kegagalan pasti ada tetap semangat jangan putus asa elangga,Neutral
5387,iyoo daa kawannyo pon banyak nan malu daa caliak ke norak-annya,Neutral
5732,"gua suka kpop krn ada dita nya, kenapa lu mau bilang gua overproud? ya emang iya, suka suka gua, gua gak ganggu kesukaan lu, jadi mari saling respect satu sama lain",Neutral
3498,"gua suka banget di organisasi yang sekarang, karena orang2nya kalo ngasih kritik pasti membangun dan penggunaan bahasanya pun dipilih seenak mungkin, kek walaupun halus tp tetep menohok si. tapi bener2 bikin gue strive for prefection",Love
2738,"almond,coklat,stoberry,banana,matcha,sea salt,hazelnut,cashew,chocomalt,marie biscuits. lebih suka yang hazelnut,cashew,matcha enak pokoknya",Joy
5052,"itu kalau marah sama orang ngga bisa lama- lama, abis bangun tidur juga marahnya hilang.^^",Neutral
4000,"mau bikin list aktor dan aktris china kesukaan dah, soalnya aku orangnya suka lupaan namanya mereka haha :')",Love
1568,"di kost bosen bgt, tapi mau main keluar takut deh kasus covid lagi naik. mana mau ada event, jadi mesti jaga kesehatan.",Fear
2427,iya emg enak,Joy
3746,aku suka banget kalau dia udah foto sama kamerea ini t_____t,Love
6556,hari hari sedih terus,Sad
1687,"ya begitu lah hidup di cluster coronces, tiap hari panik selalu ada yg positif",Fear
851,liatliat! tweet! jangan kaget! jangan anggep alay! namanya juga bot! jangan nyesel udah baca! ntar gue kasih panserpis kok! botbot,Anger
3546,saya suka banget perkongsian-perkongsian daripada kai. teruskan perkongsiannya ya. saya dari malaysia. harapnya saya berpeluang naik keretapi indonesia satu hari nanti.,Love
6303,"tiap denger lagu kukira kau rumah jadi sedih banget, soalnya punya arti yg beda skrg. liat cuplikan filmnya di fyp juga sedih.",Sad
895,"takut kok sama sky, ancem aja gajinya bunda potong bulan depan, diem pasti, keki dengernya",Anger
4592,"selain sharing dan belajar bersama, tentu saja kamu bisa berkenalan dengan rekan lain : kamu berjejaring :)",Neutral
6401,"kukira kau rumah , judulnya aja sudah sedih banget woilaahh.",Sad
5878,"sudah makan belum bang, janganlah marah atau sedih karena kalah..",Neutral
335,"hallo.. gue makin kesini makin gAngerti knp se kepo itu sama masalalu doi gue. kek seneng aja liat masalalu doi gue tu ga bahagia kek tolol banget lu nyia""in doi gue yang emng superduper baik gue bertrimakasih si sama lo karna lo dah buang doi gue.",Anger
2839,kulit ayam enak banget sih ga ada duanya,Joy
3087,terima kasihh! aku kemarin sempat down banget karena pertama kali jadi komisi orang gitu. aku takut orang gak suka desain ku sampai sempat stress seharian tapi alhamdulillah dia mau nerima terus dijadiin desain baju jualan dia huhu,Joy
4611,"gimana klo beautiful goodbye jadi lagu debut chen gara"" dia tau klo fansnya tau dia udah nikah, bahkan udh punya anak, dia bakal ditinggalin sma fans"" fake, jadi dia say goodbye sma kita lewat lagunya, gimana klo dia cuma pgn hidup normal aja kya org"" biasa? shit idk aku kangen rindu berat ama dia",Neutral
1348,takut gw mappa garap csm scene muntah di sensor apa kg,Fear
1015,tai banget weh ini udh r9 mbak mas baru ngomong gini skrg napa kaga dr dulu2 sebelom event? pc suka disold out in tapi tau2 sedekah r1-r9 komplit ke influencer monmaap kalo jujur2an prioritas fans adalah pcnya bukan produknya ya gimana ya,Anger
2816,"habis dengerin, ternyata enak bgtt",Joy
1631,"nanti dll, takut org bayar utang mamakku",Fear
2489,"ditungguu, semangat tinn",Joy
3730,"gue setiap mau nge-drive thru makanan di pake motor suka sungkan. padahlkan kan bisa ya (: soalnya gue suka ngata2in orang dalem hati, maaf bnget nii (: ""dihh aneh banget itu kan drive thru bukan ride thru"". wkwk",Love
3251,gud mowningg pagi ini diawali dgn kabar baikk bgt uvvuu alhamdulillah jimin udh sembuh akuu bahagiiaa stayy healthy ya jiminie Love you,Joy
6550,sedih dijual semua,Sad
5877,"pasti sedih dan capek jugaa, semangat ya firdyy",Neutral
5881,kayaknya masih sepi ya apa lanjutin snowdrop dulu..,Neutral
2070,"selamat pagi., salam sehat n bahagia untuk semua",Joy
4452,menghayal menunggu tiba masanya dimana penyakit covid setara dengan masuk angin biasa dan diobati cukup dengan minum antagin atau kerokan. sambil menunggu masa itu tiba tetap jaga kesehatan dan jaga diri ya. masker vaksin serta taat prokes masih jadi solusi terbaik.,Neutral
6909,"mager membaca,malu sendiri",Sad
5408,"itu ceweknya udah kepalang malu juga teh jadi buru buru dibalikin, mau bayarin ntar dikira apa lagi gitu kan, orang gak kenal",Neutral
1635,deg-degan nggak -tu ditanya habis nonton apa karena panik gw jawab habis nonton coboy junior addaffafsf,Fear
4646,cuddle saja,Neutral
6484,lgi berada di fase pengen nangis tpi gk tau kenapa.. bawaanya sedih aja pdhal gk ada yg menyedihkan..,Sad
2479,sarapan dulu biar semangat,Joy
2265,semangat nov,Joy
2959,hahah yaallah trimakasi telah menghindarkan saya dari rasa malu perbadutan,Joy
5323,"amin, smoga semua doa baikpun berbalik ke kamu ya akutuh pgn iseng apply fs cm kok aku ragu, bakor ku blm fasih dan kayanya aku bakal mematung kl hadapan lgsg sm nana. tapi kl utk konser msh bs diusahakan",Neutral
6685,sedih blm dikabarin sama ayangk,Sad
3059,"teh godhong kupu aq udah jadi satu teko gitu biasanya buat 1 hari, 3x minum.. rasanya kaya air cincau gt.. kalo yg suka manis bisa si kasih madu dll, tp aku lebih suka kasih garem dikit (sea salt aq abis jd pake himalaya) enak gt rasanya ada hint manis dari daunnya, seger!",Joy
5053,"ada 1 orang cewek.. ngomongnya halus banget, gapernah ngomong kasar, gapernah marah, sekarang dia jadi sister di gereja katolik",Neutral
5869,"bulu-bulu mereka jadi tempat penampung tangis dan air mata haha bener bangett. walaupun ga mudah perjuangannya buat bikin mereka hidup tetap sehat dan bahagia sampai akhir, it's all worth it. very much. to be able to provide them with happiness, padahal sebelumnya tidak seperti itu",Neutral
2141,tapi itu langitnya cerah,Joy
5104,level ketika pms lu bukan nahan marah lagi atau bt tapi nahan y,Neutral
3118,"suka banget sama dialog ini, simple tapi ngena buat gue pribadi, harus diabadikan /ckrek",Joy
5188,gw benci selalu merasa bersalah tapi lo pantes ngerasain rasa ini skrg chel,Neutral
6677,"sedih njirr , pagi pagi dapet kabar gini thanks denise sudah menjadi bagian dari secret number dan lockeys dimana pun kamu akan selalu menjadi fans dihati lockeys",Sad
4045,"asaa i lop yu pul monyetku cakepku, sehat-sehat asaa aku cinta kamu really so sangat-sangatt, bahagia terus asaa",Love
3356,"suka banget sama lagu ini, kalo dengerin ini berasa lagi di hutan terus ada peri nya sambil lari larian di bukit bukit indah gitu wkwkkwk",Love
2744,"semangat terus yaa kakkpastiin udah sesuai s&k yg berlakuu, good luck ^va",Joy
5092,mari kita lihat manusia tolol,Neutral
3506,kenapa ya gue nggak suka banget sama sesuatu yang lambat,Love
1679,"jangan lupa ngingetin ayang buat makan dan minum, takut keselek ayangnya.",Fear
4249,apa kabar kawan2,Neutral
3147,". seneng banget pagi-pagi dapat kabar bagus begini, syukurlah jiminnya army sudah sembuh. sehat selalu jimin.",Joy
2294,"semangat kak, aku setia menunggu ;)",Joy
580,lebih baik gua marah dari pada benci! kalo udah benci ga bakal mau kenal lagi,Anger
1470,biar kagett soalnya aku kagett baca yoonmin kaget,Fear
4799,eh ist ini udah 12 hari memang gak ada kabar apapun atau elu yang kagak mau berkabar,Neutral
4070,"semoga anak2 di jauhin dr orang2 yang jahat sama mereka, semoga di cb kali ini bisa sukses besar dan makin bnyk orang yang kenal mereka dan sayang mereka semua suka sedih kalo ada yang hate mereka apalagi kmrn kaya oci yang anak baik kaya dia aja msh ada orang yang jahat, ily",Love
5308,7 arti mimpi menggali kuburan yang menakutkan: tak perlu takut saat mengalami mimpi menggali kuburan.,Neutral
3343,mimpi nemu collect book yang pas banget aku suka tapi pas bangun lupa bentukannya,Love
4992,"untuk merasa bahagia, bingung, kecewa, sedih, atau marah adalah masalah keputusan. bila anda memutuskan untuk merasa berbahagia maka bahagialah anda. dengannya, kebahagiaan anda adalah sebetulnya hasil dari ketepatan keputusan-keputusan anda",Neutral
4583,"hahaha itu sbnrnya ralat, ada yg kurang satu huruf. tp mau hapus yg awal, koq sdh bny yg like reply. kan nggak enak, jd biarkan saja ya",Neutral
3672,"aku tau jadi dari video jaesix yang react shoot me. tapi awal mulai suka day6, niatnya mau biasin yonk. taunya malah suka sama jae akhirnya, gatau kenapa. suka jae ya karena dia jae he saved my life, soalnya tahun"" itu aku stress banget sm urusan rl. his stream saved my life.",Love
559,kaya gimana yaa lo tuh baik emang aslinya baik tapi selalu baik ketika keadaan ga baik baik ajah itu susah dan lo di tuntun bgtu kesempurnaan yang harus dilakuin saat lo jd idol bs bikin lo stress depresi yaa kaya gtu lah tpi giliran emosi lu udh bs sedikit demi sedikit di,Anger
5237,bappenas mengakui pada saat melakukan kunjungan kerja ke proyek kereta cepat jakarta-bandung ditemukan tukang las yang merupakan tka china.,Neutral
5215,"inconsistent. tidak menentu, serba berlawanan, dengan tindakan dan emosi yang tidak berdasarkan logika.",Neutral
2849,"thank you buat ga nya dom jogja semoga taehyun, member tubatu lainnya, dan moa bahagia selalu,happy taehyun day,_21_,",Joy
512,marah beneran ya allah,Anger
4729,sarapan bubur ngga pake kacang dan tentu saja diaduk,Neutral
1081,makin hari makin tai palat haha. awal2 saja tu lai jgn tah mun nda beduit nda ko bguna tu bangsatt haha,Anger
1664,"pak tolong lah ringan kn beban sya jdi orang tua yg takut anak nya di vaksin, anak sya 9 tahun pak umur nya. dada nya sering sakit pak.. setelah vaksin satu! terkadang saya mau nekad aja utk bunuh diri karena terlalu tertekan mengenai vaksin ni pak. tolong sya pak!!",Fear
1012,"makanya gak suka banget kalo udah ikut campur, krn bukan bikin benar dan menenangkan, malah campur campurin makin awur awuran. i lost respect to you since years ago. so shut up",Anger
1931,gue klo di mall suka ga enak sama yg baru nge pel. dan ga ada jalan lain. akhirnya jalan jungkit2 sama bilang maaf ya mas ?mbak,Fear
1150,"ntu ada kecoak, jijel takut",Fear
2838,ohh yaa? enak dongg,Joy
5949,"antigen di stasiun, 35k, was wes wos 5 menit (kalo sepi)",Neutral
116,eh bukan jadi mangsa maki atau kena marah but concerned pasal tak bercakap. tetiba.,Anger
740,rich itu udah lama sekali rich ngehapus sebagian memorinyaa kaah? kek dia benci sekali memori ituu dan dia gamauu inget?,Anger
6795,"hwaa denisee!! sedih sih, tapi yg terbaik buat denise dan semoga sukses untuk kedepannya ya. kamu sangat berbakat denise",Sad
6070,daripada sepi meningan tambahin followers kamu disini,Neutral
5177,dulu saat gus dur dijatuhkan bukan tdk sedikit yg mencintai dia. tapi dia pergi dari istana dgn kondisi serendah mgk agar yg mencintai dia tdk marah pada yg menjatuhkannya.,Neutral
3675,beomgyu sekalinya muncul suka bikin nangis soalnya kangen soalnya sweet berat banget,Love
5906,coba diliat lagi alasan dia sedih kenapa biar gk nyesal nantinya,Neutral
830,"ruhut kader terbaik dlm hal menjilat..bego di pelihara, ga punya urat malu",Anger
119,si gwinam?? kayaknya dia punya keinginan hidup yg tinggi kan ada dendam sama chongsan,Anger
4752,nahkan..baru ini sepanjang sejarah satpol pp geser pesawat. sop nggak punya masih nurut saja perintah.,Neutral
6753,"kecewa, ditambah malu2in bisa ketahan smpe adu penalti dri team championship padahal 3/4 pemain inti yg main",Sad
6699,kecewa i guess ?,Sad
6998,"alay, but pkn. se-gak suka itu aku sama pkn, dan kebetulan dikasih tugasnya banyak banget:')",Sad
635,"dah dekat 2 tahun jadi kerajaan, baru nak cakap tak setuju. kata tak setuju dari awal. so patutnya tak payah la terlibat terus. bodoh.",Anger
4465,"udah biasa banget ending dari sebuah kesabaran itu air mata. maksudnya, orang yang kebanyakan sabar, ujung2nya pasti nangis.",Neutral
4364,"cermin itu telah lama pecah,jangan bilang ""serambi mekah"" sebut saja aceh",Neutral
4142,"kalau kata lulusan ilpidipi yg nyangkut di luar negeri bilangnya gak perlulah balik ke indonesia untuk mengabdi, bisa dari mana saja.",Neutral
991,suka banget ikut campur nih kanye pdhal ga ada yg nyebut nama anjir.. dahlah problematik emng,Anger
876,"ah itumah katanya palsu maskernya, mengecewakan",Anger
4869,"kalo udh malem harusnya tidur saja fin, gue nulis apa sih gk jelas wkwkwk",Neutral
5315,"/ina ga perlu terbeban harus menang ya, orang blnya juga panik semua di sini, jadi tenang ja",Neutral
5222,sp tau bangun kaget,Neutral
4,dih lu yg nyebelin bego,Anger
3051,"ya itu binghe emangnya syp lagi kk aku gatau siapa"" ya buat km, sp lg coba mutualku kalo mau kasih temen juga gk mungkin, mrk lbh suka dikasi boba daripada gambaran ku wkwk",Joy
5691,haii guys maaf ya dadakan aku minta maaf banget sama kalian kalo aku punya salah selama ini maaf banget kalo aku suka bandel ga nurut nakal dan lain sebagainya sebenarnya aku nulis ini cuma gabut ya guys,Neutral
3124,"hahaha sama, lagi baca ulang volvoreta gak tau kenapa kakak tuh suka banget ngulang baca volvoreta, habis aku revisi haha tidak ada lagi part ekehm nya, jadi amann",Joy
6407,tapi masih sepi basenya belum ada lagi *mainin pasir kucing*,Sad
2660,"lucu banget jisuung twibinyaa happiest birthday sayangkuu, wishing you anything but only the best one in your life. jangan lupa mam yg enak ya hari ini",Joy
2491,selalu menjadi piala dalam keluarga walau kadang harus jatuh kebawah untuk sementara tetap semangat mafa..,Joy
5173,"sama. wkwkw. tenang ellie, aku disini menemani kamu agak bodoh dikit.",Neutral
3854,terus kaya kalau seokjini lagi ganteng banget yg edann ganteng pisan tuh suka kagetz,Love
4933,keadaannya cukup baik,Neutral
4777,tolong terimalah cintaku ku tak bisa hidup tanpamu lebih baik ku mati saja bila harus hidup tanpamu,Neutral
1715,"kalian yg udah b00ster, efeknya gimana? gue masi lama si jadwalnya, cuma kok gue takut mau ambil b00ster, gue mikir ""b00ster"" efeknya lebih horor dari yg pertama",Fear
6448,jgn gt nmbh sedih nie,Sad
6457,sedih bestie habis mandi ga disuruh pakai baju sama,Sad
6293,"aihh banyak yg bilang gitu, tapi banyak yg kecewa juga setelah nyubit pipi akuu, pipi aku ga ada isinyaa",Sad
1148,"anak cewe sendirii, takut kenapa napaa kali. sy pun tak tahu",Fear
3261,"idm selamat pagii!! seneng banget dapet kabar jiminie hari ini buat kalian, sehat2 terus yaa!! jgn lupa sarapan",Joy
574,"aku bukan bermaksud nak biadab tapi ko faham tak bila dalam ramai2 adik beradik dlm rumah ni, parent ko asyik sebut nama ko je, cari barang tk jumpa pun marah ko sorang je faham tk? rasa mcm aku sorang jeke anak knp smua org x blh tngok i bhgia",Anger
3769,"alina , kalo ada cowo yg suka sama km tp km ga suka dia. tlg ditolak halus aja jgn diphp in aplg dibuat nyaman trs ditinggalin",Love
3736,"terakhir, ada iral yang diam-diam menghanyutkan. dia keliatannya kalem, diem, padahal aslinya dia tuh bawel, punya banyak topik untuk dibahas. iral tuh perhatian banget banget ke pacarnya. dia suka kasih pukis ke pacarnya dan selalu seru deh",Love
4146,yaa gimana baik nya saja lah,Neutral
853,"anjing kaget, typing lo minta di tabok apa gimana?",Anger
1982,"jangan pernah lo sia2in, lo kecewain, lo sakitin orang yg sayang dan udah nyaman sama lo demi orang yg lo suka. jangan!",Fear
2774,aduh nggak enak banget nih kel kalau misalnya klaksonin..,Joy
5919,disini sepi banget,Neutral
4929,"all of us are dead puncaki netflix di 25 negara, apa yang bikin menarik?",Neutral
5211,"kamu masih saja seperti anak-anak.. bagiku, balas dendam adalah segalanya.. kalau dendamku bisa terbalaskan. sasuke to naruto",Neutral
1166,ngeri mba:(,Fear
6002,"sepi banget,",Neutral
971,"sekiranya ig dipegang sm cowonya, jangan followan sm sec acc aing karna gada cowo di sec acc aku dan tbtb cowo tmn w ngeliat gtu aja suka ngelike ngelike. ga banget",Anger
2701,"glad to know that, semangat sender! itu tiap semester udah ada peningkatan bagus bgt. semoga dilancarin skripsinya ya ;3",Joy
4495,tedia hari ni 3 saja katapat 14 3/6,Neutral
3847,"tp di kls 11 tuh pling ga suka sm bahasa gw alkwlwl, kek kasar banget beda sm dulu2, ngomong anjrt aja lngsng istighfar",Love
2368,"pagi bang, sarapan bubur ayam enak nih bang",Joy
4115,biasa aja,Neutral
4780,rommy dibui selama satu tahun dan denda rp100 jutaa,Neutral
4131,"kabar baik juga, udh srpan belum nie ??",Neutral
2950,"apapun asal gak makan harapan palsu dan ketidakpastian, makji btw, disini ujan deres. makan seger2 asyik kyknya",Joy
5625,bahagia bukan berarti segalanya sempurna. bahagia adalah ketika kamu memutuskan tuk melihat segala sesuatu secara sempurna.,Neutral
524,pagi pagi emosi,Anger
2455,alhamdulillah jimin ganteng bangun bangun pagi dapat kabar bahagia.,Joy
5016,"pelatih sepak bola ini harus berurusan dengan polisi setelah aksi sodomi terhadap tujuh bocah di brebes, dibongkar.",Neutral
1841,belum ge mulai .. kepala udah nyut-nyutan gini ngeri meledak aja sih,Fear
5986,saturday gini tl gua sepi,Neutral
537,temen-temen gue aji mumpung semua bangsat,Anger
2806,semangat yang mau interview,Joy
5801,"ppp! aku baru banget opress app prem nih masih sepi, jadi prosesnya bisa cepet, start mulai 500p. lagi ngadain event juga yg mau intip pl rep yuk",Neutral
5596,"ada 5 cara belajarmelihat, mendengar, mengamalkan, tdk cepat merasa puas & terus mengulanginya lagi.",Neutral
4341,"vkf! biasa aja dong kak te, natap nya",Neutral
3175,muantap luar biasa,Joy
784,"saya boong drmana? saya kan udh ngaku saya pemuja fall guys dr kemaren? saya bukan panteis. kamu lupa? dasar tua bangka najis. udah mabok agama, banci, gabisa ngacenk, pikun pula. jelasin deh letak boong saya dimana, palingan ntar ngatain saya cewe bego lagi, so disgusting",Anger
4057,selamat pagi taehyung. aku mencintaimu. kabarku baik baik saja. apakah kamu sudah makan?,Love
1409,aww malu banget suer,Fear
2537,sabtu ga libur mas tetap semangat,Joy
154,"gatau,gue benci banget",Anger
3009,ternyata abang masih inget dirikyuu jadi pengen malu akyuu,Joy
1686,aku yg takut,Fear
2901,"santai bos , gak ush emosi , sabar ok. biarkan mereka menilai seperti yak apa , kita cukup memilih mana yg lbh cocok wkwk",Joy
7009,"kenapa single? karna tiap suka sama orang, aku doang yang suka, dianya kaga alias cinta bertepuq sebelah tangan ;/3",Sad
4721,"ketika dia enggak ada kabar, belum balas chat. itu sudah lebih dari cukup untuk bikin was-was dan ngebatin, ""ada apa lagi nih?""",Neutral
3863,"hai sender! selamat pagii. ini ada tristan yang bisa dirent seminggu. a soft-dominant type, kalem, tapi seruu dan lucuu, sangat sangat penyayangg dan perhatian. dia suka kasih pukis dan manjain bayiin pacarnyaa, cocok sama sender yg suka dimanja-manja",Love
2733,",, aaww kamu jugaa yaakk semangat dan sehat teruss lop u tuu",Joy
1895,pengen pisang kopi klotok tapi takut copid,Fear
5442,sesiapa yang membuat ibu dan bapaknya gembira (memberi keridhoan) maka sesungguhnya ia mendapat ridho allah s.w.t. (hadis riwayat bukhari) perjuangan penerapan syariah ..,Neutral
569,"gue ngetwit lumayan emosi, ampe bikin thread berantakan gini",Anger
5854,"semua hanya soal waktu. hitam atau putih, baik atau buruk, kalah atau menang, sedih maupun bahagia semua akan berlalu begitu saja.",Neutral
1816,ngeri bgt sih,Fear
2065,kombo diluc-raiden enak kok.. gk terlalu mental2 masih bisa dijangkau,Joy
127,"mak yng darah tinggi andin makk, knp mamak yng marah marah, lanjutkan makk",Anger
3394,betul banget. yang suka perzombian harus banget nonton kingdom sih,Love
3327,gw suka banget akumo no ko,Love
7053,sedih banget denger kabar kalo denise udah keluar dari secret number,Sad
6102,"iyhh, jadi sepi bngett huhuu",Sad
2975,"dont. kalo panik, ntar stres, makin kebawa ke badan. percayain aja ke dokter ama susternya. yg penting lo disiplin ngobat, makan, minum, istirahat /pukpuk stay strong brooo",Joy
980,"nah. selingkuh tuh penyakit. ga ada kata khilap. lo selingkuh kan dalam keadaan Sadar. udh salah masih aja bela diri. please, jgn suka jajan diluar atau sex sembarangan, lo sakit yg kena orang rumah lo anjg mbak2nya kuat2 banget ya allah semoga selalu sehat mbak",Anger
2300,"mun ujar jhon tralala ""semangat cantik""",Joy
190,"rasa macam terlalu bodoh untuk law ni, nk ambil course lain lagi la bodo keje grab je la",Anger
1139,"mau ikut esd aja telat, trus takut flop",Fear
5088,"buat para pembenci, paling pak presiden cuma tersenyum dan tetap berprasangka baik kpd pembencinya. ngk terlintas rasa dendam sedikitpun, ikhlas dan beliau super sabar, ingat nabi muhammad saw saat dibenci oleh yahudi hindun? begitulah islam yg rahmatan lil alamin",Neutral
699,"gua bangun-bangun jam 6:45, panik bat anjir. udah siap-siap mau ngga mandi kesekolah, eh ternyata hari ini libur gegara guru ada yang meninggal. bangsat emang. udah panik bat anjir",Anger
6754,sedih aku tuh melihatnya,Sad
606,noo waayy abang aku no no pacaran dulu nanti mama marah,Anger
4276,"kalo mau menjadikan ayat tsb sbg hujjah, coba dipahami lg konteksnya jangan cuma text nya saja diayat tsb ada ""syarat dan ketentuannya"" loh, enggk asal boleh saja monggo bisa dijadikan referensi",Neutral
301,"serius gue kangen banget wkwkw sampe nangis kadang kepikiran. tapi sekarang gue lg benci banget sama tuh agensi. Sadar ga si kalo lu diem aja nih idol lu yang kena imbasnya. percuma diem  buat redain masalah, pastinya di sepanjang karir jake nih masalah bakal di ungkit",Anger
6640,"paket aku ko belum dikirim juga ya padahal udah dari dua hari lalu mesennya, meni sedih ih asa lilaa:(",Sad
3420,"saya, nder. dari dulu suka banget dengerin coldiac.",Love
6812,hah..gue sedih bgt ..,Sad
1060,"dulu untuk jadi ustadz di pesantren, ya harus sudah mumpuni dalam bidangnya. bukan siapa saja boleh gak kayak sekarang banyak sesat!!",Anger
6869,maaf ya gais aku bodoh,Sad
6935,enak ngga enak kangen kerja tapi masih disuruh istirahat sama babeh,Sad
2565,semangat kak andoo,Joy
7066,"gmnasi rasanya temen kelasnya di acak? tbh, biasa aja sebenernya soalnya pas smp jga gini, cuman lebih ga semangat kek hari hari biasanya aja, lebih banyak ngeluh sendiri, pendem semuanya sendiri, bingung jga sih kadang tbtb ngerasa sedih, bawaannya pen nangis",Sad
1069,kan arteria dahlan cuman wakil rakyat toh.. lah terus rakyat yg punya hak di abaikan begitu saja .. kalau begitu tidak usah menjadi wakil rakyat biar rakyat sendiri yg bertindak dan menindak lanjuti setiap kejahatan dan setiap ada kasus2 ampe kesel bacanya,Anger
2524,semangat mencari nafkah untuk baby l nya ya kak. aku doain dari sini semoga selalu diberikan kesehatan yang luar biasa,Joy
2205,semangat good luck,Joy
1243,"mon maap tapi sy ngerekam nya ga niat malu bah, jelek bgt wajah sy :'",Fear
16,1-10!! marah aku,Anger
3120,"tetangga ku baik baik semua,agak kepoan sih tp masih batas wajar,ga kepo2 banget. suka tolong menolong,murah senyum,pokonya betah deh",Joy
7056,"komenannya ga jauh dari kata 'normal', sakit hati gua bacanya.",Sad
4642,"09.15 simpang air putih : antrian kendaran normal dikeempat kaki simpang, situasi arus lalulintas lancar",Neutral
4754,pemesanan dgn sistem delivery disarankan dilakukan maks. 1 hari sebelum waktu pengiriman mengingat banyaknya permintaan pesan antar.,Neutral
815,nanti derang keluarkan la statement minta maaf dan senarai alasan bodoh tu. macam tak biasa.,Anger
3067,seru banget kadang suka rewatch wkwk 8.5/10,Joy
6759,"kecewa paling mendalam itu ketika dalam hati cuma bisa bilang ""oh yaudah cukup tau aja'.",Sad
5600,ah kalok dilihat si gak enak,Neutral
959,knapa dh suka banget nyerang Love language gue,Anger
6427,"emotionally unstable dengerin dmnya fromis9 aja bisa nanges sampe jam 2 pagi, padahal bukan lagu sedih",Sad
4893,hyper itu masalah bawaan diri dia karena manusia itu ada yg nafsunya hyper ada yg biasa aja sedang menggauli istri dgn penuh kasih sayang itu perlakuan kewajiban semua suami jadi gak masuk pertanyaannya hyper sama menggauli dengan kasih sayang itu gak masuk,Neutral
225,biarin marah banget aing kali ini,Anger
6170,"kalo liat portofolio ijo tuh kaya ada kesenangan tersendiri, tapi giliran liat dompet kosong sedih lg anjir",Sad
3354,fav banget jelas payphone sisanya semua lagu mereka gua suka,Love
5895,[+] enak banget kalo gerimis gini alun2 sepi jadi bisa dikit2 buka masker [-] gerimis,Neutral
2485,mari marii semangat,Joy
562,itu lengkong bego,Anger
3436,"aku langsung gagal fokus pas liat swatch nya di bibir kamu so, i want to try it too. warnanya aku suka banget. ikutt yukk",Love
6373,"aku biarkan hujan mengurai rindu, agar tak pekat salahku, mencampur rindu dengan sepi hingga, terkecaplah pahit yang nelangsa",Sad
6181,"ini sepi bgtt.. pada di fb semua yakk, gw juga sih td bisa²nya bangun tidur yang dicek fb dulu",Sad
1693,jaga2 takut die terjun lg tu huhu,Fear
1045,"brisik banget, ga suka.",Anger
3446,"iya enak banget, pas lagi mijitin sambil crita2 dan walaupun ibuk gua agak nyebelin *kadang, asik banget klo diajak deeptalk berasa seumuran..biasanya ibuk suka gini ""ehh iya tau.. ""..""trus.. trus gimana tuh.. ""..""masak sih.. tadinya bla.. bla.. ""..""saran ibuk si.. """,Love
4565,perghh santai betul fav breakfast food kau :d,Neutral
954,"w clingynya suka peluk peluk bkn ini anjing, ini apaan gajelas banget",Anger
7052,padahal tinggal bilang maaf aja udah cukup bikin gua buat biasa lagi kok :(,Sad
2735,"semangat msh pagi,",Joy
6941,senyum tak selalu berarti seseorang bahagia. kadang seseorang tersenyum hanya karena tak ingin menjelaskan kenapa hatinya t,Sad
4735,"fh aku open nih no fee no target, kalau mau nanti dm saja",Neutral
6815,ya allah.. :(( turut sedih juga soalnya dia temen monday,Sad
1218,gua ngeri ke lock,Fear
5254,claire tersenyum kecil dan menerima permen tersebut dengan suara terima kasih yang pelan. ia membuka bungkusnya dan dengan tanpa ragu mengambil salah satu manisan berbentuk kacang tersebut dan mencicipinya.,Neutral
5511,ada satu lagii harganya lebih mahal tapi emang bahannya enak banget. tar ya ku cek2 lagi,Neutral
6729,"saya sempat punya hari di mana pada hari itu saya sedih karena kecewa. kemudian hari ini saya bahagia, kutertawakan hari itu.",Sad
1527,asli takut di bagian reading sama speaking,Fear
3987,"tinggalin bbg komentar penyemangat/penenang buat member entah di komenan fancam, pm, ig mereka masing2, twt, dll. kita gabisa bikin haters suka sm member, tp kita bisa naikin rasa sayang kita ke member! let's be busy loving each other like this ive-dive!!",Love
6986,biasanya yg suka maksa tuh sales asuransinya. mana ngomongnya cepet banget gabisa dipotong. :(,Sad
1300,kak wkwkkw aku juga bingung takut akun sopi di report atau gmn2 huhu,Fear
6922,"sama banget sampe males ngasi tau kalo aku cewe, kadang drivernya suka kaget loh cewe toh kak, saya kira cowo, sedih :(",Sad
5699,"betuul, aku suka di tl tapi pengen di dm juga cuman monoton banget kalau di dm makanya aku suka ghosting",Neutral
160,gw bukan paling mulia tp gw manusia normal yg jijik liat kaum homo. lagipula di agama di larang tolol. masih aja lu ngeyel. kl lu masih blm benar jgn bgt kata2 lu. kaya lu uda benar aja homo.,Anger
4067,"kamu emang selalu aku tempatin disudut hatiku yg paling sepi, biar gak ada yg bisa nemuin kamu selain aku",Love
5800,"sedih boleh. tapi jangan terlarut. sayang kalau wajahmu harus terus basah karena air mata. percayalah, ada pelangi setelah hujan",Neutral
956,gue gak sanggup banget sama gacie. tumbalin aja ke zombie secara suka rela nanti.,Anger
3791,aaaaaa seneng banget. micchi riko satu film entah kenapa pas nonton kiekoi juga aku suka bgt kalau mereka berdua satu scene,Love
3234,"lah ada ahah, aku kira orang biasa pas lewat gaSadar, makasi judith uwu",Joy
2869,pagi cerah ini diawali dengan snwu manis-manis,Joy
3777,aku suka karena puas banget ngetiknya ahaha,Love
4433,"ko pusing dari dichat biasa aja, ujung2nya ""kapan ya ketemu jodoh gue"" ya iyaa si lu 30thun tahun inii ya allah semoga gue dijauhkan dari sikap mba-mba ngerengek2 soal jodoh, desperate pengen nikah dan ngebettss minta dinikahin",Neutral
4973,"kukira kau rumah itu yg bipolarnya cewe. gak tau juga tingkat berapa. cewe itu depresinya lebih tinggi, makanya lebih susah ngontrol emosi",Neutral
6015,"jika kamu cinta dia, biarkan dia menjadi dirinya sendiri, maka kamu tidak akan kecewa ketika mereka tidak seperti yang kamu inginkan.",Neutral
2961,alhamdulillah gak malu,Joy
5980,sepi banget pickawku,Neutral
2200,salam..semoga di pagi yg cerah ini kita semua selalu di beri kesehatan,Joy
98,anjinglah brengsek bangsat,Anger
6879,"ah gak ngerti ama aturan kerumunan, kena sanksi ada yg cuman denda 500rb, ada yg kena 5jt, ada yg 20 jt plus penjara 4 bulan..ah sudahlah capek ama yg beginian. maafkan saya yg bodoh dan dungu ini.",Sad
2557,"wkwk benerr daripada bilang semangat, ajak liburan yuk",Joy
3183,alhamdulillah pagi ini dapet kabar baik,Joy
253,sorry bang gue paling benci kalo ada yang bilang dia lebih cape dari gue,Anger
3923,"suka banget sama lagu2nya, langit biru slalu indah disana ..",Love
4199,"hargailah orang yg mencintaimu, karena saat ia telah pergi darimu hanya sesal saja yg tersisa",Neutral
1445,takut kesushi,Fear
5539,gua dah nyusun jadwal+dosen enak jdi pas di buka tinggal pilih kelas yg dah gua catet,Neutral
1648,"eh sumpah gw panik, udh upload foto ltmpt tp lupa udh gw save blm tp udh di unggah sm udh di crop",Fear
4682,weekend saatnya istirahat? oh tentu saja tidak.,Neutral
4723,minum air panas tapi yang kadar panasnya kira kira 65% jadi bener bener ngeredain gatal untuk obat aku kl batuk seminggu lebih baru biasa ke dokter jadi ga berani saranin obat..,Neutral
3991,awalnya iseng iseng doang suka eh malah keterusan jadi sayang wkwk,Love
1696,"hahahaa takut, anaknya galak",Fear
3191,"ah, kabar baik pagi ini. thanl youu, big hit. thank you, jimin, thank you, allah alhamdulillah jimin",Joy
6197,sedih bangett dia dapetnya kacang garuda,Sad
6295,"tak masuk skuad barcelona untuk liga europa, dani alves kecewa berat “ bolanet “ arenanews",Sad
4499,duit gue ilang 50k di kotak yang biasa gue simpen duit,Neutral
1154,tadi pagi kelock yank.. dahlah meskipun udah unlock tetep takut banget jadinya move sekarang aja,Fear
2255,semoga quarter life crisis segera berlalu yaa~ semangat besteh~~,Joy
1682,"wah iya, ngeri nih yg setim ma mas.",Fear
3170,alhamdulillah luar biasa allahuakbar,Joy
2056,"hai kak hwii!! don't skip ur breakfast yaa,semoga harinya berjalan lancar,dimudahkan segala urusannya,dijauhkan dari marabahaya,semoga selalu ada dlm lindungan tuhan,janlup vitaminnya ya,semangat!! janlup senyum hihi,stay healthy & always be happy!! have a great day kak",Joy
4090,"oh kalo kfc iya masih ada rasanya, tapi kalo ayam biasa kan.. beda gak sih",Neutral
6900,mana banyak adkel alias malu bgt :(,Sad
3108,"baru banget beres baca, dibawahnya ada bonchap dong gg bisa ngeclaim lagi l bagus banget au nyaa, aku suka dan jarang banget nemu au seokjin thanks",Joy
4548,yanng begini biasa laki mokondo,Neutral
3723,"ingat banget waktu sd aku suka mikir gini wkwk, sd sampai smp sih mikirnya gini mulu. jadi kangen",Love
6397,"lagi sedih, meong ku meninggal :(",Sad
5423,aku bahagia karena satu hal karena aku bermimpi. aku suka sekali bermimpi dan selalu berusaha untuk mewujudkan nya. -hara (kara),Neutral
2049,"akhirnya syuting lagii, semangat ayank",Joy
4976,"aslinya sih mbak dita ya nyesek, apalagi sampai dibaca mbak dita, dia jawabannya profesional, ya kali mau marah-marah dan ngemis-ngemis ""..jangan out dong, nanti kan kita sedih.. blah blah blah.."" kan ga etis.. kita yang sebagai lockey harusnya yang bisa jaga perasaan.",Neutral
3643,"kalo aku dari awal udh suka banget sama konsep aespa, makanya pas org2 banyak yg kayak apaan sih konsepnya, bikin takut, dsb. aku malah seneng bgt dan nungguin bgt aespa bakalan kaya apa di masa yg akan datang",Love
6981,ga semangat karna ga di semangatin ayang,Sad
623,ngp y klo pc udh sold tbtb banyak yg dm nanyain masj ada apa ga knp pas udh sold bamyak yg cariirurigkekf *marah*,Anger
6489,saya kecewa dengan keputusan tsb,Sad
6807,ikutan sedih,Sad
5883,"ditutupin, dia berhak ngasih liat apa aja yg dia rasain dan mark harus tau kalo disini banyak orang yg sayang sama dia dan siap support dia, siap jg nguatin dia kalo dia lg capek lagi sedih. mark hrus tau, dia bisa jdi salah satu alasan banyak orang buat bahagia, harus semangat",Neutral
262,"kenapa sih gw malah download valorant lagi, tolol",Anger
5730,"film ini semacam tribute untuk dunia jurnalisme. penggemar wes anderson sudah pasti bakalan suka sama film ini. tapi buat aku yang hanya penikmat film biasa, nonton the french dispatch kyk abis lari 10 km, capek. banyak sub plot dan banyak banget hal yg mau diceritain. tapi..",Neutral
3369,suka tapi ga ampe over juga,Love
4061,"apakah ini pertanda cintaa? getarannya sangat terasa kawan:) hanya melihat senyumnya saja, sudah bisa menaikkan zat glukosa yang ada di tubuhku",Love
5534,enak aja pingsan. aku kan anak sehat tubuh kuat,Neutral
6294,pepagi lagi airmata mengalir. sedih aku.,Sad
6065,"ohh hari ini, tumben masih sepi? wkwkw",Neutral
6616,lagu sedih di campur perasaan beuhh makinn,Sad
1802,takut nak amik spm tapi nak habes cepat,Fear
4736,"46. hi, pasti lagi nyari jasa un-sus un-lock ya? bisa ke yap | unlock all case 5k / acc | unlock umur 7k / acc | unsus biasa 10k / acc payment dilakukan di akhir a¼ close uns permanen semi perm",Neutral
7064,pagi pagi dpt kabar baru ini rasanya pengen nangis masih positif thinking sbnernya tp sungguh ku tak bisa,Sad
2385,full cream cashew enak bgt!! marie oke lah. pengen nyoba matcha,Joy
6694,"kok gw sedih ya? gw nyesel, knp gw ngga kenal bw nya pas dulu² aja sih, pas pertama mereka buat series, yg katanya tuh masih adem ayem aja rasanya, knp gw harus ngrasain di moment sekarang sih, yg isinya tuh cuma war³ terosssss, jujur aja gw emng masih awam banget kenal bw-",Sad
5759,"makanya cewek2 pada seneng sama dia, kalau suga ada yg isengin pasti cewek2 di kelasnya langsung pada maju semua. dia juga sama anak cowoknya klop banget, kalau jamkos suka main futsal di lapangan. pokonya dia kesayangan semuanya deh, soalnya anaknya sama siapa aja cocok",Neutral
1959,"sering, dan sampe hari ini pun masih suka kaya gitu. gak tau suka takut aja gitu, apalagi klo malem beuh kadang deg degan banget. mana blm bahagiain ortu makin makin dah ketakutan",Fear
2976,alhamdulillah enggak jd malu tuk kesekian kalinya,Joy
488,baju bodoh yg gimana sih,Anger
1843,takut blunder lagi ya.jane nik bek kanan e ra dolop bisa lebih baik lagi,Fear
1734,aku takut nanti malem,Fear
2911,"alhamdulilah ya allah jimin sembuh,semoga ini yang terakhir juga,asli aku benci dapet notif ""hello this is bighit music""",Joy
3219,"aku baru bangun tidur, langsung lihat ada kabar baik. alhamdulillah jimin udah sembuh",Joy
146,ledik jancuukk tai anjingg setann tolol babi monyett,Anger
5630,semangat dong nitip rok sebentar,Neutral
1986,"ngga tau kenapa dr kecil aku takut banget sm laut. lebih suka bukit , gunung sebenernya suka banget tp kan dingin, aku gak kuat dingin. takut pingsan kl kedinginan.",Fear
1369,takut tergoda membeli pc lain,Fear
6546,sedih bgt denise leave,Sad
6051,berbahagialah jika kamu masih bisa merasa sedih karena itu artinya kamu siap menerima kebahagiaan yg lebih bahagia gigitch,Neutral
2811,bahagia bgt,Joy
659,"kalo pasangannya tau, bakal marah nggak ya?",Anger
1794,pengen poca date sama moots tapi takut awkward,Fear
2511,enak atuh,Joy
3397,"seneng mereka nikmatin banget waktu mereka di amerika, ngelakuin yang mereka suka, kerja sambil liburan banget ya vibenya",Love
4282,"sangat mengejutkan ya bun, merangkap jd apa saja",Neutral
1147,but again aku ga registrasi beneran cuma stop di situ aja soalnya takut kualat kan udh dibilangin yg gap registrasinya tgl 14 hehe dah gitu aja,Fear
3272,"im shoo happy meskipun rada kecewa sama durian2nya. ngerasa keluar budget banyak tp gak worth it. tp gpp, yg pntg kebersamaannya yakan",Joy
608,"uish. kena tarik pt la bang. sem 1 teruk, sem 3 tak dpt pt. selang satu sem. kes aku, pointer sem 3 bawah 2.0, sem 5 tak dpt pt. maka survive la korek saving sendiri tanpa pengetahuan ahli keluarga sbb takut kena marah haha",Anger
6287,sedih bacanya.. tapi gak apa.. terima kasih ya denise,Sad
3582,suka banget beb,Love
1930,"ada yang bisa hack ig ga? tolongin banget , hati gua udah ga enak dari seminggu yang lalu",Fear
197,"si bodoh, minta monthly salary gak ngitung dulu kalo diannual ternyata sama aja sana sama sini pas di approved bingung kelabakan",Anger
2931,bubar bubar ini anaknya pada senewen lihat draw yang gue kasih langsung kaget kwwkw,Joy
2327,alhamdulillah.. yang jatuh jatuh tempo bulan ini udah di bayar.. tinggal yang receh-receh nya.. semangat!! pagii..,Joy
4389,biasa nya kalian mgespace ya ?,Neutral
766,marah ke,Anger
4496,kalo segini katanya gak worth it lg apa kabar hp gue wkwk gpp,Neutral
4218,baru saja mengirim foto depok,Neutral
3255,"semangat ya, fase fase seperti itu memang luar biasa",Joy
202,"anjr kesal bgt sm yg suka curi"", semangat ashh smoga lancar jd bisa di td punya si pencuri mana judulny dari yg keren jdi cuman bridge, tree, fragment",Anger
3510,"the crown!! aku suka banget walaupun beberapa episode aku skip karena ""ya allah gak kelar kelar u kek penthouse"" but i finally *sigh* finished it. aku lg nonton anne with an e!!",Love
4931,apa kabar??,Neutral
6390,"yaa nangis gue. takut banget. sepi banget. kayak, yaudah emang cuma ada lo dan diri lo aja. mau ngarepin siape.",Sad
5535,",, terima kementerian bumn pak mentri bumn erick thohir yo dukung gerakan energi tani (et) untuk produk tani mandiri semangat terus pak,",Neutral
1733,ngeri ekspedisi apa yg aman sekarang?,Fear
5791,"sabarlah wahai diriku, sesungguhnya allah bersama orang-orang yang sabar itulah yang selalu aku katakan dalam hati untuk menenangkan diri.. ketika hatiku terluka.",Neutral
2777,silky drink yg blue citrus jg enak bgtttt,Joy
1707,walau tegang [real],Fear
5172,"atas nama ham ,guru dilarang marah pd muridnya , polisi dilarang membunuh penjahat, suami dilarang tegas pd istrinya , ortu dilarang ngekang anaknya, kebanykan yg dinilai dilihat cuma tindakan nya bukan penyebab nya, bisa jadi korban itu yg salah yg memancing kekerasan itu,",Neutral
5249,ya kali baru kaget sekarang,Neutral
5757,"jadi tuh perumahan tempat tinggalku sering banget ada pengamen atau kadang suka ada yang nawarin barang gitu loh, nah waktu itu dirumah cuma ada bapakku doang karena aku sama kakakku lagi ke kampus, ibuku lagi ke warung sayur terus ada tukang ngamen kebetulan bapakku-",Neutral
3474,lagian gapnya ga jauh2 banget lah 4 tahun.. malah agak heran juga kalo rumor ini beneran soalnya tao brp kali bilang lbh suka tipe jiejie.,Love
6528,"sejak membaca kalimatku ter-share, sungguh perasaan takut yang menghantui di saat keluar malam hari lewati jalanan sepi sunyi dapat memudar. saya membawa ponselku, memotret, nge-tweet lagi di area terang lampu, sesudahnya dapat pulang, berharap selalu aman tak apess.",Sad
5855,sepi banget dah,Neutral
854,malu anjing line gw ugh jijik dan kesal,Anger
5685,"- (10/10) gw suka jadi wanita misterius - (100/10) omg lucu banget capa ini - (8/10) ni pasti temen smp - (8,5/10) do you get deja vuu",Neutral
6363,fak gue sedih bgt,Sad
4737,semalam saja pi sunway pyramid saja sggh kedai sony tanya ps5. takdak stok katanya. pastu lalu kedai game sebelah sony tu..,Neutral
4097,"pagi moots, gmn kabar kaliaan?",Neutral
2160,nyenyak! semangat juga!!,Joy
698,dia pasti ngerasa bersalah banget sama sone dasar agensi bangsat,Anger
7006,"mau cerita, ayah sender tuh bukan tipe orang yang suka marah atau suka ngomong kasar ke sender. cuma tadi karena sender gamau ikut pergi keluar, sender dibilang bego sama ayah sender. rasanya sakit banget + kaget hehe. tapi sender nahan buat ga nangis didepan ayah.",Sad
2999,iya kebalik lah wkwkw mana ada ngaruh wkwk yang ada mereka yg ganti jadwal aja kalo bareng biasanya mereka yg takut wkkw,Joy
3696,"diingetin google photos, udah lama banget engga ke lulu bsd ya ternyata. pdahal seru banget makanan2nya si yg dulu gasuka olive+humus, jd suka banget",Love
1636,"warga sudah jadi korban, mas. dengan teror dan intimidasi terus menerus, secara psikologi pasti sudah ada warga yang mengalami trauma. belum lagi waktu yang harusnya bisa mereka gunakan untuk kegiatan produktif, harus dihabiskan untuk menjaga tanah lingkungan mereka..",Fear
3457,lagi suka banget sama foto bang jhope yg ini tysm for ga & wish me luck,Love
3581,"haha kamuu gemes banget puol, kamu suka dijadiin temen aja kah?",Love
1291,moots gue pada ghaib yah takut deh,Fear
4659,baru saja mengirim foto tropical beach cafe coffee house,Neutral
6585,"enggak kok,emang sedih kalo bener ener ngerasain diposisi pram or niskalanya",Sad
5616,"dengerin kata abang , dulu abang umur 19 tahun bisa dapet piala fa. kalo ade gagal gpp semangat perjalanan masih panjang tapi abang pesen jangan kaya si kayu ijo itu yak!!",Neutral
1853,"pernah dijelasin, emg ngeri sih vi, tapii kepo bgt haha",Fear
5232,untung bukan kereta api nya yg kaget..,Neutral
3763,suka banget..,Love
3304,"happy born day dek jisung sehat selalu dan bahagia ya dek *double happy ultah adek+molo ya meskipun sedih krn gk bsa hype sibuk nguli eitss semangat, besok libur __",Joy
6959,enak ya yang punya kapel hfft-_- chrissy kapan coba punya kapel :(,Sad
5727,moodswing banget ga beb? suka galau klo disuruh milih ga? cepet bgt berubah pikiran ga? pacar gue ampe pusing klo nyuruh gue milih barang,Neutral
3743,yang suka film india menarik bisa banget mola tv jd pilihan,Love
3445,"dulu suka doi tuh bisa dibilang ""halah apaan si alesannya receh banget"" tapi yang akhirnya bisa jadi sejauh ini as a kpoper pun karena dia juga lub uuuu bapak kapas",Love
1998,karunya teuing ihh semaleman khawatirr gada kabar,Fear
663,"iyaa bestie tp saya ky orang bego kalo online, ini krn banyak yg positif soalnya:(",Anger
4779,"imunitas seperti apa yg mrk maksud prof? kekebalan terhadap segala yg berkaitan dgn hukum positif kah, sehingga anggota dpr bebas berbuat apa saja menghina, menyakiti hati rakyat? semoga rakyat bisa mengambil pelajaran kedepan agar lebih berhatia"" dan cerdas memilih wakila""nya",Neutral
5353,"semangat lzj, ketemu lky lagi, semoga bisa menang ya sekarang, takut banyak yang anu lagi nanti kalau kalah, stay strong",Neutral
3748,martabak telor/tahu. ini turunan dr bokap si wkwkw gw suka banget tahu,Love
4413,"diberi keistimewaan malah memalukan, apa kabar komisaris ahok? cc",Neutral
4744,gpp bro santai saja,Neutral
5530,awali harimu dengan mendoakan seluruh keluargamu dan hidupmu agar bisa melalui hari ini dengan bahagia.,Neutral
5575,"menghimpun potensi menjayakan indonesia selamat menjalankan rakernas i rpi. salam sehat, tetap semangat! yanuardi syukur presiden perkumpulan rumah produktif indonesia,",Neutral
709,emang bener bangsat,Anger
1282,aduh gua kalo ujan gini panik takut bocor lg,Fear
5864,"guyss, aku minta tolong banget bantu ramein saldo dipinned yaa? masih sepi bgt entriesnya , ini ga community pertama kalau hasilnya bagus, semoga kedepannya aku bisa bawain kalian saldo"" lain dengan nominal lebih besar, tolong banget join yaa",Neutral
5068,"mengapa allah menciptakan iblis bila tugas iblis hanya menjerumuskan umat manusia kepada perbuata nista? pertanyaan bodoh yg sering dilontarkan oleh kaum ateis, sekuler, liberal dan kaum munafik dan kafir lainnya kepada islam",Neutral
2675,"á…  á… á…  á…  seru juga rumah deket pantai. boleh-boleh, saya masih muda. enak dong, udah punya pacar belum kamu? á…  á…  á…",Joy
6776,gemini emang seburuk itu kah? jadi sedih.,Sad
4029,"aku marah sama kamu bukan berarti aku galak, tapi aku menegur kesalahan kamu dan ingin kamu berubah lebih baik.",Love
1306,"gue lagi nangisin cowo fiksi, tiba-tiba abang gue dateng ""dah sholat belum lu?"" gue antara takut di marahin karna belum sholat dan malu karna nangis buat mata gue sembab",Fear
5496,bubur gak enak,Neutral
5504,sarapan pake nasgor enak gk yh,Neutral
2237,semangat pagi juga,Joy
3302,bingung mo ngtik apa.. but w suka banget sama au nya pokoknya mesti sering update dan semangat yaa! Terima kasihh doain aja semoga aku sanggup sampe end,Joy
5592,"bunga matahari biar cerah, trims",Neutral
2038,joonyoung.. paling merinding sama sedih jadi 1,Fear
1529,gue kalo liat ada musuh yang pasang title takut malah,Fear
1663,"ml! cara ulti flicker ruby tu gimana ya? aku ulti malah flicker ke depan karna bingung pencet mana dulu hasilnya ketarik ngga, malu banget iya",Fear
5450,bmkg memprakirakan bahwa hujan ringan berpotensi terjadi di sejumlah kota besar di indonesia.,Neutral
6989,lukaku banyak banget disini dan kalo tiba2 keinget masih suka nangis & masih terasa sakit..,Sad
7015,"aku loh sering banget begini,sampe temen-temenku suka sampe sumpah serapahin aku asli lupa banget,kayak berasa udah ngebales,eh taunya aku balesnya dalem hati sampe ada yang 6bulan kemudian batu ku bales,itupun aku ngehnya gara2 scroll chat,kalo ngga scroll bisa setahun:""(",Sad
3627,bagus kan? aku suka banget banget,Love
5739,"dulu (kesannya lama banget) waktu awal (early 2020 ?) suka sama ni cowok, cuma ada 3-4 acc doang yang isinya screencaps mark gini",Neutral
5147,"syi'ah mesra sm pekai,..mk nya kenapa mrk bgtu benci sm islam dan ulama..",Neutral
4891,"ga tau, ga ada kabar",Neutral
2693,"aku adalah anak pemalas selalu riang serta mageran, karena aku rajin drakoran tak pernah tidur dan overtingking la la lalaa~~",Joy
3060,"mauuuuu!! aku dari kemaren mau mcflurry banget nder t__t tapi mau yang biasa aja yang oreo t__t aku ga terlalu suka yang varian barunya, kemanisan t__t",Joy
1597,gue juga takut.,Fear
6700,elanga jan sedih:(,Sad
2729,semangat membacaa,Joy
2625,"dengan senang hati, kak ini, semoga bisa bantu memandu yaa,",Joy
5915,"masih tingginya kasus omicron di indonesia, membuat para pelaku industri pariwisata di bali mengaku sangat khawatir dengan kondisi saat ini.meskipun pemerintah telah mencabut pembatasan wna yang ingin berkunjung ke indonesia, namun kunjungan wisatawan asing ke bali masih sepi",Neutral
3157,kabar baiik yey,Joy
3314,"kadrun kroco sih cuman dapet nasbung jk ada order demo. tp kini lg sepi order jd kelaparan mknya ngaco meracau jadinya, wkwk ngakak",Joy
1722,yakin ilangin mie ayam? ko aku ragu?,Fear
5279,selamat siang sender!! kebetulan saya avail sekarang dan lagi senggang banget cause i don't have anything to do now. bisa banget nanti kuta ngobrol-ngobrol dan jika kamu butuh saran saya akan bersenang hati memberikannya. bisa banget buat cerita apapun tanpa takut saya akan melayani,Neutral
6668,kok sedih bgt,Sad
1059,weekend nya ga santai banyak hapalan huft,Anger
4636,untuk angkasa sendiri ga keberatan kalau mau diajak ngobrol santai atau nanti nanti mau deep talk juga oke banget ditemenin sama angkasa aku titip carrdnya di sini yaa! nanti kalau mau date sama angkasa boleh langsung dm aku,Neutral
3242,alhamdulillah pagi-pagi denger kabar baik,Joy
1678,lagi mau tanyain kabar tapi takut ganggu :(,Fear
6892,"terlihat meyakinkan namun menyakitkan suatu saat kau akan mengingatku, entah sebagai orang bodoh yang berhasil kau tipu,atau sebagai orang baik yang kau sia sia kan.",Sad
6374,sedih karena dibilang tolol sama ayank.,Sad
6628,ini teel emang sepi apa gimana? kesepian,Sad
1757,lah kann pada salty ngapa dah ak baru twt kaget anjir,Fear
6019,"mental terbiasa instan hrs dihilangkan. dlm semua hal, sukses butuh proses dan tentunya hrs dibarengi progress. trofi hny bonus slm proses membangun tim yg solid. kecewa dg kekalahan dan kegagalan itu wajar. tp itu adlh jln yg hrs dilalui. badai pasti berlalu.",Neutral
4191,begitu juga nggak masalah. sembuh sendiri 'kah? sama sekali didiamkan dan dibawa untuk aktifitas biasa? hati-hati nanti bisa radang. akhir pekan ayuning sudah ada rencana apa?,Neutral
5116,bego sama cinta kadang beda tipis ya,Neutral
563,mkd kan sudah dilapori. hukumannya cuma ditegur. bangsat kayak arteria cuma ditegur ya gak mempan.,Anger
2790,kemarin beli hibiscus berry yakult enak nder segerr,Joy
863,ketularan jd tukang boonk semua mereka ..gak punya malu muka tembok china ..,Anger
1484,"serem krn ttg sikopet gt nder, aku nonton itu lbh eneg sm takut gegara mainnya bunuh2an, tp ttp nonton smpe abis krn penasaran",Fear
5977,walaupun aku sedikit kecewa td malam krn bang twittis ngorok di space tp user gitar aku pengen ucapin selamat pagi bang jgn lupa ngopi . ada ga bang kopi merk suzuki?,Neutral
5134,"its ok, lu bisa marah kok, manusia pantes buat marah atas perlakuan gak adil, tapi jgn sampe berpengaruh sama masa depan ya wkwk, cukup masa lalu, di masa lalu dia udh buang waktu mu jadi jgn sampe di masa depan dia buang waktu mu dengan cara yang berbeda.",Neutral
206,bangsat dah ini,Anger
4488,sebenarnya zus memang tak sedap pun. biasa je bagi aku. kalau kopi banyak branch ni yang paling sedap tetap cbtl.,Neutral
870,"siapa tau lewat tl twitter anaknya, biar malu tu orang, makhlk tdk tau diri gitu",Anger
4493,"hey ka rbfmsulbar :) mau request lagunya queen_jacks yang 5 menit saja dong :d puterin ya ;) makasih ^,~",Neutral
6910,"saya pernah resign, dan memutuskan untuk berbisnis, setelah saya resign, saya tetap bangun pagi dan pakai kemeja, trus nongkrong kerja di cafe sampai sore, agar tetap terlihat bekerja semua itu saya lakukan agar ibu dan bapak saya tidak khawatir dengan keadaan saya .. cukup menyedihkan",Sad
502,"aku jengkel liat si akun yunnie azza a.k.a princes manula inj mb. cari nafkah aja masih berjuang di negara orang lain, sibuukk ngejahatin circle mb ivone di tl. dr kemarin sy liatin ss tweetnya, ngefitnah terus2an.",Anger
1028,suka heran sama tipe manusia yg ga ada angin ga ada ujan tau2 sinis bgt tiap diajak ngobrol. tp cuma ke lu doang. ke yg lain b aja. kek why? kasih tau aja napa salah w dimana,Anger
3840,"sumpah, gua udh nyaman pjj.. ngapain si ptm elah.. mana jam belajarnya lebih lamaa.. jam 12 aja gua udh ga kuat apalagi jam 2.. uprak gpp deh di rmh, tpi emg gua lebih suka uprak di rmh si.. soalnya klo di sekolh kek lebih ribet dua2 nya.. gpp juga bikin video, udh kebal gua",Love
2690,senang bgt ya bs mengumrohkan org banyak,Joy
5581,enak dong,Neutral
6756,mampir yuk yang lagi nyari bacaan angst. dijamin nangis karena sedih banget,Sad
5056,"kebanyakan orang menilai ku adalah seorang ""kata bodoh"" demikian malah sebaliknya selamat pagi dunia",Neutral
1570,takut gak siih,Fear
2773,semangat harinya kak semoga banyak orderan yaa,Joy
5991,sepertinya harus cari teman lagi karena timeline sepi sekali,Neutral
2731,udah puas bgt itu mam seblak,Joy
6242,"tau ga si rasanya kecewa sama diri sendiri?? kaya yg ""oh gua gagal lagi"".",Sad
804,bodoh banggang tak sedaq dgn kediri sendiri tu org kata jenis tak reti nk bersyukur bg p la bnyk mna pun ttp takkan cukup nk ada hati pulak nk cantas aku bukan main bodoh banggang lagi habaq kta lani nk tukaq senang org tua takdak dh nanti semua aku potong nama,Anger
5847,"banyak orang bahagia hari ini, yang sakit disembuhkan, yang sehat dijaga kesehatannya. yang sedih, semoga cepat bahagia.",Neutral
3645,"saya sender, ahgase yang kesepian disini. walaupun saya ngikutin karna suka sama lagu lagunya got7, tapi bisa banget nemenin kamu nonton konsernya. saya anaknya mirip yugyeom dikit si, tengil rusuh gak bisa diem. suka jahilin orang yang disayang, it's fine?",Love
2454,"semakin didengerin suara gue makin ga enak,gitu kok pengen duet sama jungkook, yang ada nanti dia sawan",Joy
4598,"yep. ini satu2nya pesan mama sm bapak sehari sblm nikah ""jangan pernah mukul istri atau anak kamu nanti""",Neutral
3104,"bener banget haha sampe skrg msih suka kebayang2 sendiri, temen2 yg baru nonton aja aku jdi ikutan nonton saking gamonnya",Joy
4875,nasi biasa di canpur sambal cikur sangrai,Neutral
5959,"fauzan yang mendengarkan kemurkaan sang ayah ketika dirinya mengutarakan mimpinya merasa kecewa. ia pikir, dirinya tak akan disuruh mengikuti ego sang ayah. seperti kakaknya, ronan, yang dipatahkan jua mimpinya untuk menjadi seorang pemusik.",Neutral
200,bapak pengkhianat negara bergaduh dengan bapak songlap negara dah tikam belakang ph nak jadi good cop  pulak lawak bodoh!,Anger
6278,"ini kalo ga ada yang kelas, sepi dong",Sad
3099,aku buncit dan pacarku malah suka banget. katanya gemesin. dia suka cubit2 perutku kalo lagi motoran,Joy
6184,sedih banget,Sad
2278,kalo makan pake mie enak,Joy
3561,"selalu merasa kalo Love me harder itu lagu yg org2 bakal suka. ibaratnya kalo jatuh cinta tuh ya pas pandangan pertama. di detik awal lagu udah dibikin . ga salah kalo hyunggu bilang pas produksi album equal, yon seolah2 nunjukkin kalo dia mau buat sesuatu yang ""amazing""",Love
5892,"ini pada pindah ke fb apa? sepi amat, tumben loh ini wkwk",Neutral
4474,pas mau menikmatia weekendku tbtb di awal weekend dpt kabar yg bikin harus full banting setir ganti jadwal letas enJoy this,Neutral
6432,"sedih lihat timeline orang ini, kayak bukan orang sumbar.",Sad
4514,iya gpp kok santai aja ^^,Neutral
5794,"mrk 6:31 lalu ia berkata kepada mereka: ""marilah ke tempat yang sunyi, supaya kita sendirian, dan beristirahatlah seketika!"" sebab memang begitu banyaknya orang yang datang dan yang pergi, sehingga makanpun mereka tidak sempat. -- jangan lupa sarapan. selamat pagi.",Neutral
391,takan ada kesempatan kedua jika tahun ini kalian masih bego semua data hasil kaya saya sia sia buat cerdaskan kalian,Anger
6736,"masih inget pas sn di vlive, soodam prnh kelepasan sebut soal denise dita mengiyakan. lalu suasana jadi hening dan seketika ganti topik. aku yakin kakak2nya di sn pasti sedih dg kepergian denise. mungkin di balik layar mereka tetap berhubungan baik meski sudah tdk bersama lagi",Sad
5618,"dulu setiap lahan kosong bisa disulap jadi lapangan, sekarang kita memilih sewa untuk senang.",Neutral
5258,"gua kaget pc gua ternyata udah 113:"") termasuk yg otw ke ina:"" maybe untuk ukuran kolektor gua termasuk paling sedikit:"" soalnya ini digabung sm pc grup lain:"" (cmn ya paling sekitar 20 pc sih dari grup lain)",Neutral
1495,kaget ..anu anu jgn tanya saya,Fear
2695,semangat wkwk,Joy
2027,"naik mobil yang disopirin bapakku, ekstrim bgt, mentang2 jalan papua sepi, kecepatannya selalu di atas 100. rasanya kek diajak mati",Fear
5248,kalo makji udah aktif gini pasti otomatis ngarep dapet saldo kaget padahal udah sering nyadar kalo akunku di lapak makji tuh gaib walaupun nimbrung ngeramein tiap hari juga,Neutral
5463,gawajib nder. apalagi maaih bisa jangkau materi dari guru semangat sekolahnya,Neutral
2568,ngakaka semangat~,Joy
64,iya juwi emosi nih gw pagi2,Anger
3884,"omg lucu bingoo!! thankyou selllll ih gemes banget dikasi dino gini, suka banget",Love
2062,"terlalu dini menjadi tulang punggung keluarga,ya sama.semangat kamu lantas berbahagia apapun kondisinya",Joy
5276,"isin ora kisen. artinya kalau kamu malu maka perutmu tidak akan terisi. jadi, dalam melakukan suatu pekerjaan yang halal jangan malu malu karena malu akan menghambat rejekimu. sekian, terima kasih.",Neutral
492,mau marah,Anger
379,"¼kata kasar // harsh word ¼ bismillah asu babi bajingan celek jancuk kontol monyet tai anjing ngentot goblog tolol asuu astaghfirullahalazim, maaf",Anger
6331,kuota aku abis hm sedih,Sad
4859,"emang kagak biasa nih pelet, sakti amat dah",Neutral
6360,sedih bangett :(,Sad
3993,kebiasaan deh kasur suka posesif banget.,Love
4887,biasa terjadi di ekon ekon tidak berpolowers,Neutral
1076,"kalo biasa dengerin apa kata pastor, jangan ngomongin al-qur'an. lompat pagar namanya. jangan jadi begolah",Anger
878,"yg fungsinya ngawasin roda pemerintahan aja baru kaget belakangan. pdhal rakyat udh pd tereak2 kapan hari. dahlah.., semakin miris dan makin acakadut aja negeri ini.",Anger
337,hahaha tuh kan udah bangkotan bodoh pula,Anger
6863,mana struknya udah dibuang lagi.. bego banget gueh,Sad
6439,mana sepi lagi,Sad
1016,"tak jamin kasih rumah perumnas ku satu ,jika loe bukan grombolannya mereka ?? sdh kelihatan pki pkinya di nkri nusantara siapa sih ?? ya yg suka teriak teriak pki .?? ditanya pki nya ,eehh ga ada ,diajak laporin ke polisi ya ga ada ,tapi jualan bakar bendera baru. ??",Anger
1275,"cayy jangan lupaa makan siang yaa, jangan malu-malu untuk jbjb!",Fear
3798,"suka banget sama evermore, semangat updatenya!!  - ngaah makasih sender! ;3",Love
4551,"pasti kamu punyanya adik ketemu gede ya nder, makannya kamu ga biasa manggil adik. kamu bisanya manggil nama",Neutral
3342,dipikir pikir aku orangnya sok asik nyatanya gak ngasikin kan . sok akrab banget padahal kayak jijik gitu sama aku ya udah gak bisa memaksa buat suka sama aku,Love
4911,emang biasa aja sih makan steak tapi kan itu sesuatu yang mahal buat kami yang berpenghasilan umr,Neutral
6413,aku sangat sedih karena membayangkan nasib anak cucu kita kelak mengalami kesengsaraan yang amat karena kekayaan alamnya habis sementara dampak bekas kerusakan eko system harus diperbaiki plus hutang yang melangit,Sad
995,"alasan utama nya adalah karna sangat"" melokaal (dari yg dia cover lagu cinta luar biasa, trs kalo ngomong indo tuh udah kek orang indo. bener"" yang kek ni orang beneran orang korea gaasih?! terus juga warna kulit nya yang aku suka. beda aja gtu dia sama temen""nya yg lain)..",Anger
1981,ini kcg rumahan ga kemana-mana sama mamanya terus tapi itu lehernya kaya luka. apa karena suka gelut diajarin mamanya itu ya tapi masa sih? kcg! btw itu aku pegang posisi dia nyaman dan bentar kok,Fear
4297,"begadang boleh saja kalo ada artinya, hyung",Neutral
161,ya allah marah betul tengok video ni,Anger
5675,"arlian melanjutkan ""soalnya arlian emang suka bikin kue banyak gitu dan kadang di bagiin ke temen. sayangnya lupa nanya alamat kakak waktu itu jadi gak sempat anterin kesana."" atentsinya kembali berfokus pada sang lawan bicara ketika kak laura bercerita mengenai akhir pekannya.",Neutral
6873,terlihat meyakinkan namun menyakitkan suatu sat kau akan mengingat ku entah sbg org bodoh yg berhasil engkau tipu atau sbg org baik yg kau sia2kan,Sad
6545,"sedih bgt denger kabar denise, biasku di sc dia. suaranya cakep bgt ampun:(( tpi gpp apapun yang terbaik buat dia, wish i can hear your voice again:(",Sad
4798,"dan pernyataan cinta itu dibalas oleh muyi, mrk lalu saling mengirim pesan manis di akun sina weibo masing""",Neutral
1500,jangan di cepuin takut di cakar sama mix,Fear
3843,"aku lbh suka pake exfo serum sih, tp jujurly somethinc bikin jatuh cinta bgt sih memang",Love
5225,anggota dpr kaget terus teriak ..bebaskan rizik dewa baliho,Neutral
2613,"pertemuan petama setelah 4thn tidak bertemu, terima kasih karena selalu peduli, terima kasih atas teguran dan semangat yg telah diberikan.. terima kasih telah hadir di perjalanan cerita ini",Joy
3461,"mm”makasih i take your appreciation. kamu gemes banget anyway, i'm ellie. , let's go? kamu suka siapa di enhypen?",Love
1021,"sch! ini caranya gimana yaa biar temen temen ekstrakurikuler ndak pake kelas sender buat jadi ruang pertemuan. udah ditegur sama wali kelas sender masih bebel banget, mana kalo pake tuh suka gak ijin, terus kelasnya dikotorin lagi, sama kipas gak dimatiin lagi. sebel liatnya",Anger
3073,"banyak2 baca dan latihan ngerjain soal, tapi gue dulu suka kimia karena ibuknya baik, sabar dan enak banget ngajarnya, guru favorit guee pas sma wkwkk",Joy
3943,"aku suka begadang, aku suka kopi, aku suka malam. tapi kesukaan terbesarku itu kamu",Love
1585,malu buat bilang haha agak takut jug,Fear
1955,pengen banget beliin layout kapel buat pcr virtual tapi masalahnya kita brdua suka layout mati lampu,Fear
3152,"alhamdulillah yallah pagia"" dapat kabar baik rest well jimin",Joy
6349,kecewa dengan semalam harini mulakan dengan 3 pointers,Sad
34,dari turunkan ayam 2 kupang baik buat polisi majukan industri sumber makanan negara. kita negara tropika kot apa jadah harap makanan ternakan import? bodoh sangat ke orang malaysia sampai dedak ayam pun tak boleh buat sendiri?,Anger
4014,"aslii suka banget dulu pas masih sd-smp naik becaknya kakek trus penumpangnya aku ama nenek mau kepasar, atau ga kita muter alun2, astaga kangen",Love
775,tolol aja yg ngeseriusin,Anger
2556,semangat cantik,Joy
1478,eh takut bgtt,Fear
5486,turun bb 8kg (testi wmp) solusi diet enak tanpa repot hanya rutin minum wmp juice aj order bbm wa 089654598758,Neutral
6235,"ternyata w belum jodoh juga sama kampus ini, sedih sih tapi gak sesedih pas w gagal kemaren. akhirnya w cepet cepet move on sambil nyari kampus negeri yg masih buka pendaftaran",Sad
1363,"tar paket gue yang rembes hujan kemarin dateng, dan gue diminta unboxing depan kurir trus bakal di videoin. kan gue malu yak",Fear
2612,ayoo semangat pagi inii,Joy
2824,"yay, nonton sendiri lebih enak.",Joy
2041,dipeluk enak nih,Joy
241,aku yakin mereka bakal jengukin sih tapi kita ga tau ya mereka mau share apa enggak. yang penting jm ga sendirian lagi ahh copit bangsat. minta maaf lu bikin mimi sakit dan sndirian,Anger
2061,"semangat buat hari ini, have a great day",Joy
2363,enak dong klu di angetin,Joy
600,"knp ya hati ini sangat marah ketika pak jokowi d fitnah ,,",Anger
2435,"masih lemes, ayo lebih semangat",Joy
5393,akan menyelesaikan masalah kita dan kita tidak perlu takut lagi kepada dos kelapan. fasa klinikal dos kesembilan akan mengesahkan bahawa antibodi akan stabil selepas dos kesepuluh. dos kesebelas akan menjamin bahawa mutasi baru tidak akan terhasil dan tiada sebab untuk kita,Neutral
6310,full sedih mazzehh,Sad
2888,wkwkwakw ada kambing yg marah..,Joy
6164,"gaada yang bikin gw seneng selain kabarnya jimin, sedih banget waktu berita sakitnya gw bner"" kepikiran. sampe ga tenang buat tidur juga",Sad
646,lu ga lebih dri org iri yg kebetulan tolol.,Anger
3890,"aku tiap menetap di fandom tuh pasti ada ganti2 kesukaan pas di awal2. urutannya shokudaikiri ; hasebe ; azuki ; buzen dan yg first Love itu kek sebenernya masih suka yg biasa aja sih, belom yg bucin bgt kek aku ke buzen :""d",Love
3556,rindu ama doi :),Love
3202,"yash, seneng banget hari ini dapet kabar jimin sembuh! i vote for for at the 2022",Joy
1528,alesan takut kena congorna soalnya ada guru yg menantunya kena tp masih ngajar,Fear
6975,ga enak badan karna hasil overthinking,Sad
1267,takut &gt; ngantuk ?,Fear
1899,umi pagi2 jangan marah-marah ya,Fear
4658,ada saja kelakuan bocil,Neutral
3005,"aku pernah ni begini, lebih ke malu sih wkwk karna masak bareng temen tapi seruuu",Joy
2734,"huee ngakak that ah wkwk, mayan lah suntikan semangat sebelum perform",Joy
189,mu tolol,Anger
1806,"pelajaran aturan sinus cosinus ""ini segitiga apa"" aku reflek jwb ""segitiga sembarang"" ""segitiga abc"" pls malu bgt tp ga salah kan. shshsksjsjjh malu mana jawabnya kenceng bgtt",Fear
975,kenapa si suka banget memaksakan kehendak -.-,Anger
2747,alhamdulillah jimin udh sembuh. bru bngun tidur udh disambut kabar bahagia tuh seneng bgt. sehat selalu ya ganteng ku,Joy
2047,senang bermain salju,Joy
2558,"selamat pgi jga pak suryo, salam sehat penuh semangat,,",Joy
1082,santai aja bg. aku nanya karna emg gatau. di caption fungsi nya utk mengurangi kelelahan. aku baru tau. cara kerja nya yang gatau. santai ya bg. jgn gampang goblok goblokin orang goblok,Anger
474,aduhh ngtd gamau gue bales lg tp kesel ampe ubun2 lohh sini mendingan beb dm gue kasih tau lo dirumah kapan.. gue paranin trus gue jedotin:) pake bawa2 anak gue lagi lo bangsat!,Anger
2904,wkwkwk lu sih tolol,Joy
4843,meski sudah tiada jasa glenn fredly dalam industri musik tanah air sangat luar biasa. karya-karya glenn fredly yang diciptakan glenn fredly sampai saat ini terus mendapatkan hati di masyarakat indonesia.,Neutral
6396,inituh yg ad member dari indo nya gak sihh sedih bgt,Sad
4117,"jika merasa berat melupakan masa lalu, ringankan saja dengan mengingat masa depan bersama orang yang ada disampingmu saat ini.",Neutral
3385,"sender, ternyata kamu mutualku aku baru Sadar. suka banget sama karyamu nder, aku sering save in hehe",Love
4555,"syiap deh, kalau kya nanya. langsung ke intinya saja",Neutral
1184,"dikepung, dikejar2, ditangkapi, ditakut-takut i.",Fear
6420,sedih bgt serebu aja kaga ada,Sad
5051,cinta adalah aksi bukan emosi,Neutral
5311,sini bestie hi kak! lagi cari app prem? pengen cepet juga? ada nih! lengkap + fast respon + testi on pinned yaa yuk langsung dm! t jual netflix murah spotify wetv kaget nikah all of us are dead,Neutral
2433,semangat ka bitt! semoga sempronya lancar,Joy
6949,"pagi buta sarapan nasi+chiki boncabe, hmm perut mulai agak ga enak..",Sad
5611,"pagii tweeps.. selamat awali sabtu dengan semangat menggebu. awali aktivitas dengan berdoa.,grafik covid19 kelihatannya meninggi. stay safe, jangan lupa tetap jaga prokes ya..",Neutral
2391,becek2 dikit enak kok,Joy
769,bangsat dikira gue hidup cuma apa2 buat suami apa?? gila ya,Anger
1685,"ih temen kosku abis ikut ke venue gt kan acara prodinyaa, eh balik ke kos dia meriang nular ke satu kosan. skrg ak jg pilek meriang buhu jd takut",Fear
130,"diorang ni semua dah lama nak borak dengan kau. tak fun kata diorang, kalau tak dengar kau buat lawak bodoh satu hari.  tu dulu la jepp. haha.  kitorang dengar kau tengah on satu projek. big project. semua bercakap pasal kau jo.  takde la. benda takde pape lagi. ",Anger
2919,"gue jugaa dulu gitu nder wkwk tapi nanti seiring berjalan nya waktu reda kok amarah nya, belum bisa berdamai sama keadaan aja mangkanhya bawaan nya marah bgt tapi gapapa wajar kok itu, wajar banget. semangat nder",Joy
3171,wonya dia santai tapi kena ke semua otot. mantap.,Joy
3444,"lucu banget kuenya bentuk chikin hidup amen makasih banyak lis, kamu juga ya sukses terus karirnya. waduh dikasih salonpas tau aja aku suka encok kalau dance huft. makasih banyak lisa",Love
6231,rumah sepi nihh,Sad
5578,"ini penilaian objektif ya nder, menurutku dari pemikiran yg km ungkapkan di menfess ini bahkan menunjukkan km belum cukup matang dan dewasa nder, yg diliat jgn imajinasi masa depanmu yg bahagia, pikirinnya kira2 nanti resiko cerainya seberapa besar ya? u will think twice",Neutral
4426,"dunia sudah hampir perang dunia hidup kok masih halu parah, mbak..mbak.. mending urusin keluarga.. harta yang paling berharga adalah keluarga.. mbok dah biarkan saja orang mau cari bahagianya sendiri. gosah diganggu2..",Neutral
5334,"udah ah kamunya, ada2 aja hehe.. lanjut yah tante, hadiah utamanya blm nih, pengen rasain mulut tante hmmhh..iya-iya,tapi jgn disini yah..di kamar tante aja yuk..malu nih di dpn niko hehe..oke deh.. setuju jaka. mereka kemudian bangkit dan menuju kamar anisa",Neutral
466,"pagi pagi udah emosi baca au kesel, gak blh ada yg bikin bian kecewa atau sedih ih",Anger
6265,iya aku liat ini di berita sedih banget bapak e nangis,Sad
5734,"yang tak suka kesukaan masing-masing,",Neutral
3092,rasanya tuh enak banget kalo di gadoin apalagi kalo habis dr posyandu gitu suka dikasih terus gadoin bareng sama temen2,Joy
3772,"hey rindu jugaa, yeyy akhirnya dah sembuh bisa jadi bocah aktif lagi ya. ya biasalah kan elu tau gue suka jadi kang ngumpul twibbon :3",Love
5191,km semisal tak antem batu gt marah gk?,Neutral
5226,aku kurg tau jg yg yedamtpi kok yedam pas dia buka masked nya pada kaget gtu yaa brarti klo jwoo ntr brarti udh pada tau dongg,Neutral
5390,aslii tu orgnya aja hampir mau mukul tp kayanya mikir mikir krn itu anak orang takut jadi dia yg salah,Neutral
860,"udah gue tebak, dari kemarin gue khawatir mereka bakal turun ya bener aja turun. terus ini gue jual produknya gimana anjirrrrr masa itu liplipan gue pake, bangun tidur gue pake yg mocha, nanti siang gue pake dahlia, sore gue pake sweet, malem mau tidur gue pake romantic",Anger
7080,"frase: Selamat pagi, semoga sehat, penuh semangat, dan selamat berakhir pekan ya mas",Joy
7081,"Emosi: positive (Semangat, positif, motivasi, inspirasi, cita-cita, mimpi, harapan, energi, kerinduan, kebahagiaan, manfaat, kebaikan, kemuliaan, kebijaksanaan, kecerdasan, kebesaran, kelebihan, kedigdayaan, kemenangan, keberuntungan, kemanisan, kemurahan hati, kerelaan, keperkasaan, ketekunan, kejujuran, keadilan, keharmonisan, kemurnian,",Joy
7082,"at, gembira, ceria, riang, cerah, enak, makmur, terberkati, euforia, bangga, optimis.)",Joy
7083,": Wah, adek gw lulus di acara pengukuhan Osis itu lewat online. Ga enak ya?",Joy
7084,"ah, enak, makmur, terberkati, euforia, bangga, optimis.)",Joy
7085,", semangat, gembira, ceria, riang, cerah, enak, makmur, terberkati, euforia, bangga, optimis.)",Joy
7086,"ira, ceria, riang, cerah, enak, makmur, terberkati, euforia, bangga, optimis.)",Joy
7087,kalo ada hal beneran yg diinginkan,Joy
7088,"ak, makmur, terberkati, euforia, bangga, optimis.)",Joy
7089,"frase: Mandi menggunakan air hangat dengan garam, rasanya enak banget yah.. Langsung fresh ke tubuh..",Joy
7090,"il parafrase: Hihi, semangat yaa. Hari ini jangan lupa sarapan. Weekend.",Joy
7091,"Cie sedih gitu lohhh, eh kau ngakak",Joy
7092,": Wah seru banget, sedih gitu sih kayaknya? Biar aku punya wajahnya.",Joy
7093,Paling enak jadi orang yang tenang,Joy
7094,Selamat hari lahir adek! Semoga selalu sehat dan bahagia ya.,Joy
7095,": Owh kalau bubur kaya gitu gak usah diaduk lagi kan, enak banget",Joy
7096,"pagiii semangatt ya, hari ini kamu harus punya motivasi.",Joy
7097,"frase: Jimin sembuh, semoga cepet bisa beraktivitas seperti biasanya.",Joy
7098,"Semangat dong, pejuang receh di pasar!",Joy
7099,"ang, cerah, enak, makmur, terberkati, euforia, bangga, optimis.)",Joy
7100,"Beres deh, dapet kabar bagus!",Joy
7101,"Wah, enak banget kebab BBQ",Joy
7102,"parafrase: Selamat yaah.. Seneng banget kamu sehat dan bahagia selalu, aku juga terharu baca ini",Joy
7103,": Selamat hari lahir Tamaa, semoga bahagia selalu ya.",Joy
7104,"komedi sitkom* relative: *tercengang* juga itu loh gua: hehe mak gua: eh udah gede gitu, ga usah lagi pake kost, uda seharusnya tinggal di rumah dulu ya gua: hehe, sebenarnya iya loh tapi kalo aku sendiri di rumah itu kayaknya bakalan jadi malas aja mak gua: ehhh gua kan bukan anak malas! gua: mak kita pindahkan soalnya, yaa gua: sblmnya di kost",Joy
7105,"Athan sehat, selamat pagi !",Joy
7106,"Semangat BUM, saya masih lama. 7 Maret.",Joy
7107,"Emosi: laugh (Tertawa, tertegun, heran, senyum, tersenyum, tawa, ketawa, berharap, mengerti, menduga-duga, kaya hati, merasa, berani, keberanian, percaya diri, gagah, kuat, keyakinan, optimisme, percaya pada diri sendiri, percaya diri sendiri, kepercayaan diri sendiri.)",Joy
7108,Selamat hari lahir. Semoga gak ngeluhin karena selalu fail. (mungkin ada cara lain untuk menyampaikan maksudnya),Joy
7109,"enak, makmur, terberkati, euforia, bangga, optimis.)",Joy
7110,Semangattt tanpa takut di atas batasnya,Joy
7111,"riang, cerah, enak, makmur, terberkati, euforia, bangga, optimis.)",Joy
7112,"parafrase: Puji Tuhan, aku senang banget dapat kabar Jimin udah sembuh.",Joy
7113,ase: Bangun pagi dapetin kabar jimin sudah sembuh,Joy
7114,"Pengen tinggal di perpustakaan, enak banget lihat banyak buku",Joy
7115,Alhamdulillah enggak jadi malu lagi untuk ke sekian kali,Joy
7116,Semangat untuk pemulihannya ya Sayang!,Joy
7117,"pagi ini cerah, dapet kabar baik dari BIGHIT",Joy
7118,"(Senang, bahagia, puas, membara, tawa, semangat, gembira, ceria, riang, cerah, enak, makmur, terberkati, euforia, bangga, optimis.)",Joy
7119,"ase: Pagi juga Mbak E, kamu cantik banget, cerah seperti matahari.",Joy
7120,"Alhamdulillah semoga lancar ya mbak, semangat!!",Joy
7121,"frase: Wuuwaaa, hihihihi, sungguhan kan. Karena itu aku punya motivasi untuk kamu.",Joy
7122,"frase: Selamat pagi mas, salam sehat, selamat beraktivitas! Semoga baik-baik saja.",Joy
7123,": Alhamdulillah aku seneng untukmu Nder, Semangat terus",Joy
7124,"Senang, bahagia, puas, membara, tawa, semangat, gembira, ceria, riang, cerah, enak, makmur, terberkati, euforia, bangga, optimis.)",Joy
7125,Senang banget dia udah kayak biasa lagi mantappp,Joy
7126,Semoga program ini dapat mendukung para petani kita agar makin maju.,Joy
7127,"Habis nyanyi, ternyata enakk banget",Joy
7128,"Wah, makin semangat lagi kan kak?",Joy
7129,frase: Tertawa gitu hebohnya. Apakah kamu malu?,Joy
7130,Wah balas dendamnya kayaknya bakalan nendang mereka,Joy
7131,"Minum teh pagi-pagi itu enak bangett, kok.",Joy
7132,"Semangat, semoga rezeki ada hari ini!",Joy
7133,"ase: Wah, nggak enak banget tuh ngeklaksonin..",Joy
7134,"Sabtu mu nian sabtu, semangat yaaa. Gagal sarapan!",Joy
7135,"as, membara, tawa, semangat, gembira, ceria, riang, cerah, enak, makmur, terberkati, euforia, bangga, optimis.)",Joy
7136,Nugget dan sosis rebusnya enak banget!,Joy
7137,": Wow banget beda hahah, semoga hari Sabtu-nya ikutan cerah juga",Joy
7138,"Wah, senangnya! Kakak senyum gatel.",Joy
7139,"ase: Sejahtera nelayannn, rakyatnya bahagiaaa…semangaatt gus ketum.",Joy
7140,"Alhamdulillah, mari kita mulai pagi ini dengan penuh energi",Joy
7141,: Semangat Noona! Sekali-kali ya bersihin akun ku. Hehe.,Joy
7142,"Kebecek-bekeknya enak kok, biarpun cuma sekali ini juga.",Joy
7143,"Ayra, kerja keras banget ya?",Joy
7144,: Selamat ulang tahun Tamara! Semoga kamu senang selalu ya! (¸¸.•*¨),Joy
7145,"osi: awe (Heran, kagum, takjub, terkagum-kagumi, terpukau, terkagum-kaguman, tersanjung, terkesima, terhanyut, terhancurkan, kelelahan, putus asa, kenyamanan, kepuasan, ketenangan, kenikmatan, puas, senang, kaya, terkesan, keren, tampan, cantik, baik, sopan, adil, santun, disiplin, teladan, bijaksana, dewasa,",Joy
7146,"parafrase: Wah, ikutan seneng. Selamat ulang tahun sender! Boleh aku pake twibbonnya?",Joy
7147,", ceria, riang, cerah, enak, makmur, terberkati, euforia, bangga, optimis.)",Joy
7148,"Pengen tinggal di perpustakaan, biar lebih dekat ke buku.",Joy
7149,"Selamat pagi, pagi hari ada kabar baik.",Joy
7150,"Habis nonton film itu, ternyata enak banget.",Joy
7151,"Bangun-bangun, kabar Jimmi sembuhnya itu bahagianya.",Joy
7152,"bara, tawa, semangat, gembira, ceria, riang, cerah, enak, makmur, terberkati, euforia, bangga, optimis.)",Joy
7153,"Mun jhon bilang, 'semangat cantik'",Joy
7154,"Semangat yaa, aku nggak papa kok.",Joy
7155,"Semoga harimu menyenangkan ya, semangat untuk hari ini.",Joy
7156,Hari ini punya kabar baik.,Joy
7157,", terberkati, euforia, bangga, optimis.)",Joy
7158,"puas, membara, tawa, semangat, gembira, ceria, riang, cerah, enak, makmur, terberkati, euforia, bangga, optimis.)",Joy
7159,"Emosi: gratitude (Terima kasih, syukur, sambutan, sukacita, kerinduan, terkejut, kebahagiaan, meriah, respon positif, senyum, kepuasan, harapan, penghargaan, hormat, pujian, perhatian, bangga, sukses, senyuman, dukungan, antusiasme, terkesan, mengesankan, pujian, harapan, kesenangan, apresiasi, sukarela, ramah tamah, terhormat, terkenang",Joy
7160,"cerah, enak, makmur, terberkati, euforia, bangga, optimis.)",Joy
7161,"Selamat pagi, semoga kamu selalu sehat dan bahagia!",Joy
7162,", bahagia, puas, membara, tawa, semangat, gembira, ceria, riang, cerah, enak, makmur, terberkati, euforia, bangga, optimis.)",Joy
7163,"ia, puas, membara, tawa, semangat, gembira, ceria, riang, cerah, enak, makmur, terberkati, euforia, bangga, optimis.)",Joy
7164,Silky Blue Citrus juga enak banget,Joy
7165,Wkwkwk gue gak marah sih.,Joy
7166,Paginya hujannya enak sekali deh,Joy
7167,"Semangat! jaga diri di jalan ya, pastikan aman selalu!",Joy
7168,Terlalu semangat untuk mendapatkan Ayang.,Joy
7169,Selamat hari lahir ya Marr. Semoga selalu senang,Joy
7170,Selamat Sabtu juga bu. Semangat buat hari ini.,Joy
7171,Semangat! Semoga sempronya lancar ya!,Joy
7172,"Enak banget tuh di sini Rian, biarin aku tidur dulu",Joy
7173,"agia, puas, membara, tawa, semangat, gembira, ceria, riang, cerah, enak, makmur, terberkati, euforia, bangga, optimis.)",Joy
7174,Gue pengen kamu tertawa bila kamu emosional.,Joy
7175,"Sabtu yang jelek, semangat ya! Jangan lupa sarapan.",Joy
7176,Alhamdulillah pagi ini kabar baik!,Joy
7177,"osi: Joy (Senang, bahagia, puas, membara, tawa, semangat, gembira, ceria, riang, cerah, enak, makmur, terberkati, euforia, bangga, optimis.)",Joy
7178,Ngiler! Muantap bener-bener luar biasaa,Joy
7179,"Emosi: hope (harapan, optimisme, keyakinan, percaya, janji, impian, cita-cita, pengharapan, harapan besar, kepercayaan, iman, ketulusan, rasa bersyukur, rindu, permohonan, sapaan hormat, ucapan selamat, ramalan, prediksi, nasihat, arahan, petunjuk, wasiat, ingatan, peringatan, tuntunan, petunjuk)",Joy
7180,"Alhamdulillah, pagi ini kabar baik.",Joy
7181,ase: Full Cream Cashew enak bangeeet!!! Marie Oke Lah! Pengen coba Matcha,Joy
7182,Ngopi dan pisgor pagi ini sangat menyenangkan,Joy
7183,Siapa bilang yang paling bahagia itu kan di masa kini? Paling bahagia menurutnya saat dia tidur.,Joy
7184,Semangat terus pejuang receh di pasar.,Joy
7185,": Wah bubur kaya gini diaduknya kayak gitu dong, enak sekali.",Joy
7186,ase: Woke up to a beautiful morning. Just like the sun rising on a clear day.,Joy
7187,Alhamdulillah sudah ga malu lagi,Joy
7188,Enak banget kalau dilain tempat,Joy
7189,": Alhamdulillah kabar baik jugaaaa, udah srpan belum nieee??",Joy
7190,: Happy birthday Tamaaaa! Semoga kamu senang dan bahagia selalu ya.,Joy
7191,Ya harusnya kamu bahagia ya,Joy
7192,Pagi cerah ini aku mulai dengan snwu manis-manisnya,Joy
7193,": Selamat hari lahir Tamaa, semoga bahagia selalu ya!",Joy
7194,"makmur, terberkati, euforia, bangga, optimis.)",Joy
7195,"Coba sampai episode 12 ada banyak adegan bucin, lol!",Joy
7196,: Wah keliatannya semangat. Mau liburan?,Joy
7197,ase: Selamat hari lahirnya Minju Noona! Semoga kamu selalu sukses dan bahagia. GBU,Joy
7198,"Makasii, semangat juga buat hari ini ya!",Joy
7199,: Belum ada yang lebih enak daripada Kongkalikong bersama Pak Suami juara.,Joy
7200,"Aamin semoga lancar nder, semangat!!!",Joy
7201,"Wah aku lagi lemas, yaudah lebih semangat!",Joy
7202,"Senang, bahagia, puas, membara, tawa, semangat, gembira, ceria, riang, cerah, enak, makmur, terberkati, euforia, bangga, optimis.) + Sad (Kecewa, sedih, tangis, sesal, kusut, murung, muram, lesuh, sunyi, sepi, kelam, duka, kemalangan, derita, melankolis, kalah, penolakan, ditolak, simpati, kasihan, abai, kesendirian",Joy
7203,Senang sekali bisa bantu kamu ya kak,Joy
7204,", gembira, ceria, riang, cerah, enak, makmur, terberkati, euforia, bangga, optimis.)",Joy
7205,"Horeee, tinggal 400K lagi buat ke Target yo, semangatt!",Joy
7206,Sarapan dulu ya biar semangat lebih tinggi,Joy
7207,"Oh iyy, senang sekali kok loch wkwk makasyii.",Joy
7208,"angat, gembira, ceria, riang, cerah, enak, makmur, terberkati, euforia, bangga, optimis.)",Joy
7209,"semangat, gembira, ceria, riang, cerah, enak, makmur, terberkati, euforia, bangga, optimis.) + hope (Harapan, harap, impian, cita-cita, mimpi, gagasan, aspirasi, visi, misi, target, tujuan, motivasi, aspirasi, ambisi, cita-cita, keyakinan, antusiasme, percaya diri, optimisme, keyakinan, pengharapan, harapan, pengaspalan, perspektif, prediksi, proy",Joy
7210,": Sedih pliss, aku coba bikin kamu semangat ngerjain skripsimu.",Joy
7211,"Pagi-pagi denger kabar baik, alhamdulillah",Joy
7212,"Utu, selamat tinggal di Bandung. Selamat jalan di Jakarta. Semangat!",Joy
7213,"Emosi: humor (Haha, kocak, lucu, serius, senyuman, ketawa, canda, sinis, jahat, jenaka, komedi, jenaka, humor, santai, cerdik, pandai, menyindir, cekikikan, lawak, tersenyum, cengengesan, tertawa)",Joy
7214,Selamat pagi! Semangat hari ini ya!,Joy
7215,wah keliatan enak banget tuh kak,Joy
7216,"Ngemong ini pagi, enak banget.",Joy
7217,"Susu kenyot, enak kalau minum dari sumbernya.",Joy
7218,"Akhirnya aku syuting lagi, hebat!",Joy
7219,Selamat tinggal Denise. Semoga kamu selalu bahagia ya.,Joy
7220,"Makasiiii, kamu juga semangat yaaa",Joy
7221,"Wah, kamu keren! Semangat yaa!",Joy
7222,Hmm romannya kurang enak ni.,Joy
7223,"Dia keliatannya santai, tapi langsung merambat ke otot-ototnya. Mantap!",Joy
7224,Sekali lagi enak banget kok.,Joy
7225,"Sarapan dulu ya, biar makin energis.",Joy
7226,Halo! Baik-baik saja. Pertama kalinya di Twitter.,Joy
7227,": Waduh, kok bisa gitu amat? Buat apa lagi aku disini?",Joy
7228,"ase: Semangat, udah lama enggak ada event aku, huhuuuuu",Joy
7229,S*ri r*t1 itu mah paling murah dan enaknya,Joy
7230,Enaknya selimutan sambil pakai guling,Joy
7231,Just Move On! Cintanya tak suka berlama-lama dalam kesedihan. Let's go!,Joy
7232,"Wah, gemes banget liat kamu malu-malu. Saya mau kekepin kamu sehari penuh.",Joy
7233,"Ulang tahun aja ya, semoga selalu sehat dan bahagia.",Joy
7234,Dokter pembimbingnya good banget. Dia selalu menyuruh aku ngerti soal akademis.,Joy
7235,"Kabar baik di pagi hari, cepet sembuh yaa Jiminie.",Joy
7236,Kenapa minum teh pagi-pagi tuh enak banget.,Joy
7237,wah pagi2 dapet kabar baik alhamdulillah,Joy
7238,"ia, riang, cerah, enak, makmur, terberkati, euforia, bangga, optimis.)",Joy
7239,"Wah rasenye, apalagi mie ayam yamin.",Joy
7240,"ase: Hahahaha ya Allah, trimakasi udah ngelindungi aku dari malunya, jadi jangan risih.",Joy
7241,"Wah, jadinya malu, dipanggil Bestie oleh Mak Ji Tapi happy :)",Joy
7242,", enak, makmur, terberkati, euforia, bangga, optimis.)",Joy
7243,Waduh kok bisa jadi orang serba bisa ini?,Joy
7244,: Happy Birthday Tamaaa! Semoga senantiasa bahagia!,Joy
7245,"ase: Bangun pagi ini, dapet kabar Jimin udh sembuh dr Covid-19, happy morning!",Joy
7246,Pokoknya traveler hidup bahagia besama Paimon,Joy
7247,"il parafrase: Hahaha, awalnya aku udah siap-siap untuk merasa malu, tapi untungnya tak terjadi apa-apa.",Joy
7248,"Wah, kamu hari ini semangat sekali ya Teh, lihat-lihat apa aja juga.",Joy
7249,: Semoga quarter life crisis cepet berlalu ya Besteh! Semangat!,Joy
7250,"sendiri di cerita itu. makasih banyak yaaa kak, sukses selalu untuk kamu.",Joy
7251,"Emosi: hope (harapan, percaya diri, keyakinan, optimisme, yakin, kenyamanan, kepercayaan, kepastian, keberuntungan, kesempatan, janji, harapan, mimpi, pengharapan, pengantin, iman, ketabahan, kepercayaan pada Tuhan, kepercayaan diri, keyakinan akan Tuhan, keselarasan hidup, kesederhanaan hidup, keyakinan akan kebenaran, kecerdasan, kejujuran, kebijaksana",Joy
7252,: Adek aku enak banget karena pengukuhan OSIS ini secara online,Joy
7253,"parafrase: Antara ngakak atau sedih ini nonton inituh kak, aku ngakaknya hehehe.",Joy
7254,Alhamdulillah luar biasa! Allah Maha Besar!,Joy
7255,"Pengen tinggal di Perpustakaan, biar enak lihat banyak buku",Joy
7256,", tawa, semangat, gembira, ceria, riang, cerah, enak, makmur, terberkati, euforia, bangga, optimis.)",Joy
7257,"frase: pagi-pagi dapetin kabar baik eh. Nangisnya dah, makasih ya Allah.",Joy
7258,"Selamat pagi kak, semangat dan ceria kita yaa.",Joy
7259,Semangat ajaa ngerjainya. Harap selalu sukses ya!,Joy
7260,", membara, tawa, semangat, gembira, ceria, riang, cerah, enak, makmur, terberkati, euforia, bangga, optimis.)",Joy
7261,"Wah, enak banget yaa. Mau juga.",Joy
7262,"Kaget ngeliat notif, kamu disebut kewek kwek wow!",Joy
7263,Wah enak banget?? Kalau enggak enggak pengen,Joy
7264,"Mie itu enak banget, rasanya oke",Joy
7265,"awa, semangat, gembira, ceria, riang, cerah, enak, makmur, terberkati, euforia, bangga, optimis.)",Joy
7266,Kemarin aku beli hibiscus berry yakultnya enak banget.,Joy
7267,"Emosi: happy (Sadar diri, percaya diri, baik hati, positif, optimis, mandiri, proaktif, selalu bangkit, semangat, bertekad, pantang menyerah, kehidupan, doa, harapan, impian, cita-cita, mimpi, rezeki, nasib, tuhan, karma, takdir, amalan, keteguhan, sabar, ikhlas, terus berusaha, tawakkal, rezim demokratis, rasional, analitis, pendidikan, pengajaran,",Joy
7268,ase: Cerah pagi mbk. Kayaknya cantik,Joy
7269,"osi: surprise (Kaget, takut, heran, keterkejutan, geli, serba salah, kacau, berantakan, kebingungan, respon spontan, ketidakpercayaan.)",Joy
7270,", cerah, enak, makmur, terberkati, euforia, bangga, optimis.)",Joy
7271,"frase: Salam. Semoga hari ini cerah-cerah aja ya, selamat tinggal semuanya.",Joy
7272,"Selamat hari lahir, MARR! Semoga selalu bahagia ya!",Joy
7273,Terima kasih untuk masukkanmu. Malu dan senang bercampur aduk.,Joy
7274,"frase: Buat fans Kpop, bikinin video cover lagunya sering-sering. Seruuuu! Semangattt, nob!",Joy
7275,ak harus bahagia. nikah kan bisa dilakukan oleh orang2 yg gk bahagia juga!,Joy
7276,"Kakak tertua kaga pinter tuh haha, lha aku kecil banget, apa aku kan anaknya?",Joy
7277,"osi: surprise (Kaget, heran, penuh harapan, terkejut, mengejutkan, aneh, tak terduga, tidak diduga-duga, tidak disangka-sangka, tidak terbayangkan, kejadian langka, luar biasa, aneh, tak terduga, ketidakpercayaan, gila, tak percaya, ketidakSadaran, amarah, marah, nafsu makan, lapar, dahaga, haus, kelaparan, ketidakpuasan, kenyamanan, kenik",Joy
7278,"Good morning kak, enJoy your day!",Joy
7279,"Makasih masukannya, malu dan senang berpadu di hati",Joy
7280,"Selamat pagi, selamat beraktivitas ya. Hari ini aku lagi nganggur.",Joy
7281,"Wah, ada kabar baik kok",Joy
7282,Alhamdulillah kabar baik yaa… ini jalannya.,Joy
7283,parafrase: Alhamdulillah paginya ada kabar baik!,Joy
7284,", riang, cerah, enak, makmur, terberkati, euforia, bangga, optimis.)",Joy
7285,Pagi-pagi lagi mooots! Semangattt.. besoknya lagi akan nganggur ya?,Joy
7286,"ceria, riang, cerah, enak, makmur, terberkati, euforia, bangga, optimis.) | Anger (Marah, benci, emosi, jengkel, kesal, dendam, ngamuk, iritasi, terganggu, tidak suka, iri, dengki, siksa, jijik, gerutu, kepahitan, bentuk umpatan, kata kasar) | Sadness (kecewa, sedih, tangis, sesal, kusut, murung, muram, lesuh, sunyi",Joy
7287,"parafrase: Selamat, selalu sehat ya!",Joy
7288,"Wah, semangat doang ya Lin.",Joy
7289,"mur, terberkati, euforia, bangga, optimis.)",Joy
7290,"parafrase: Pelaku usaha saya di sana mendapatkan banyak dukungan, aku sangat senang!",Joy
7291,Yaay! Semangattt untuk menjalaninya hariiiii! Have a sweet Saturday!,Joy
7292,frase: Wah. Diwajibin diambil karena ga ada stok. Haha,Joy
7293,"bahagia, puas, membara, tawa, semangat, gembira, ceria, riang, cerah, enak, makmur, terberkati, euforia, bangga, optimis.)",Joy
7294,"Nggak usah ngemong kalau aku lagi marah, gue udah merasa bahagia dengan sendiri",Joy
7295,"Wah enak banget yaa, aku juga pengen.",Joy
7296,"Biarin aja, penting dia bisa bahagia",Joy
7297,"embira, ceria, riang, cerah, enak, makmur, terberkati, euforia, bangga, optimis.)",Joy
7298,"Wah! Romance-nya ga enak ini, ya!",Joy
7299,Semangat ya Allah semua dunia.,Joy
7300,"happy (Puji, syukur, terima kasih, terimakasih, bersyukur, harum, hormat, sukacita, senang, sukser, sukses, beruntung, gembira, lega, meriah, merdu, pujangga, penghargaan, berkah, bebas, bahagia, sreg, nyaman, enak, senyum, ramah, lapar, susah payah, manfaat, istimewa, baik, bagus, lemah lembut, khusus, sp",Joy
7301,"semoga menjadi teladan bagi kita semua,,,",Joy
7302,"frase: Tidak kuat untuk tertawa karena orang-orang akan melihat itu, ya?",Joy
7303,"Yaaaa, harusnya ada orang yang nyantol ya! Semangat!",Joy
7304,"Dengan senang hati kak, semoga bisa bantu memandu ya",Joy
7305,ase: Happy birthday Noona Minju! Semoga kamu makin sukses dan bahagia. Good bye!,Joy
7306,"Semangat ya. Badan kalo masih sakit, tenang aja, kita juga bisa semangat kok.",Joy
7307,Menikmati Matahari untuk puaskan diri~,Joy
7308,"ira, ceria, riang, cerah, enak, makmur, terberkati, euforia, bangga, optimis.) + Love (cinta, kasih sayang, rasa suka, atau rasa peduli) + Neutral (Biasa, normal, santai, pesan, kabar, berita, pertanyaan) + Sadness (kecewa, sedih, tangis, sesal, kusut, murung, muram, lesuh, sunyi, sepi, kelam, duka, kemalangan, derita, melankolis,",Joy
7309,Makasih masukannya malu dan senangnya berpadu,Joy
7310,"Kamu senang, kan? Kamu udah kena prank lmao.",Joy
7311,"ceria, riang, cerah, enak, makmur, terberkati, euforia, bangga, optimis.)",Joy
7312,"gembira, ceria, riang, cerah, enak, makmur, terberkati, euforia, bangga, optimis.)",Joy
7313,Roti tawar di mentega bikin enak,Joy
7314,Kabar baik di pagi hari. Enak banget ya Jiminie.,Joy
7315,"pagii, udahlah, cerah banget disini.",Joy
7316,"Kemaren gue sedih sedihan, hari ini bahagia ya?",Joy
7317,"Wah, rajin ya udah tetep dan semangat ya.",Joy
7318,"Wah, aku seneng banget lihat kabarmu, lo. Keren banget!",Joy
7319,"humor (Bakat comel, lucu, aneh, kocak, unik, jenaka, serba salah, sebal, senyum, ketawa, tawa, baper, wong, oke, mantep, hehe, lebay, sehat, keren, kaya, kaya-kaya, gemesss, pantes, wow, cool, bagus, enak, baik, indah, cantik, seksi, lucu, imut, manis, ganteng, tampan, gokil, sexy, hot, wow, cool, hebat,",Joy
7320,"Mantaf, ya pagi juga semangat",Joy
7321,"il parafrase: Coba deh denger lagunya Good Riddance, Give Me Novacaine, Stay The Night. Enak banget juga",Joy
7322,"Genius banget, kamu. Makasih banyak!",Joy
7323,Sarapan dulu yah biar makin semangat,Joy
7324,"Terima kasih juga kak, semangat pagi o.o",Joy
7325,"Sabtu mu jelek banget, semangat yaa! jangan lupa sarapan!",Joy
7326,"Wah mantep ya, jadi orang yang kalem.",Joy
7327,"Ngomongin keluhan nggak berarti menyerah, kan? Semangat!",Joy
7328,Bangun tidur sudah disambut kabar baik,Joy
7329,"Haha, aku juga plus kaget.",Joy
7330,"Demi dapetin ayang, aku terlalu semangat.",Joy
7331,Sarapan hari ini bikin senang,Joy
7332,"Ojo lali, ngemil ngemilnya enak banget!",Joy
7333,"Ayang kenapa, kok kamu begini? Segera semangat!",Joy
7334,"Wah aku tolong dong, jangan lupa untuk semangat!!",Joy
7335,"Selamat pagi, Tapanuli Utara. Semoga semua sehat, ya!",Joy
7336,"yah, aku akan semangat banget",Joy
7337,"Wah, aku punya energi besar-besar!",Joy
7338,"Streamingnya enJoy, karena lagunya enak ya.",Joy
7339,terpaksa harus terpisahkan. it's okay to cry but don't let the tears blind you from seeing what you have. thank you for being with us and make us strong. we are not alone.,Joy
7340,"wah sekalian sendiri, manteb dech.",Joy
7341,"Pagi ini cerah, Market ada warna hijau-hijau.",Joy
7342,"Mumpung masih ada waktu, mari kita sarapan dulu ya, biar tambah semangat!",Joy
7343,", makmur, terberkati, euforia, bangga, optimis.)",Joy
7344,Hii pagi-pagi! Nggak ada apa-apa. Nggak ada kabar buruk juga.,Joy
7345,Semangat hari ini ya kak! Semoga banyak orderan!,Joy
7346,"frase: Paginya dapet kabar baik, huhu. Nangis banget. Makasih ya Allah.",Joy
7347,"Emosi: happy (bahagia, senang, gembira, terhibur, nyaman, tenang, ringan hati, puas, lega, lancar, mudah, merdeka, berkarya, merajalela, bebas, bersemangat, optimis, positif, antusias, antusiasme.)",Joy
7348,"Dengan senang hati, kak ini, semoga bisa bantu memandu ya.",Joy
7349,Semangat kerja walau masih begini-begini aja.,Joy
7350,"Senyum-senyum doang, semangat buat hari ini",Joy
7351,"ase: Nelayan sejahtera, rakyat bahagia…semangat ketum",Joy
7352,Sampe temen-temen ku ingetin aku suka banget sama lagu ini hahaha,Joy
7353,ase: Senang dech ada barang ini. Kenapa waktu aku lagi studem banyak belanja seperti itu. Waktu sekolah aku beli barang kayak gitu,Joy
7354,parafrase: Wah JIMINnya udah sembuh! Puji Tuhan! Kepo-kepo banget!,Joy
7355,"Halo, Minju! Semoga selalu sehat dan bahagia",Joy
7356,Semangat ya guys! Streaming on!,Joy
7357,Wah pagi-pagi denger kabar baik,Joy
7358,"Alhamdulillah, semangat masih ada, optimis juga, yakin deh kalau kita akan bigwin",Joy
7359,"Wah, ayah kamu sukses bikin soto.",Joy
7360,Wah mam seblak itu enak banget!,Joy
7361,Wah kamu sefanonm jadi ga malu?,Joy
7362,": Semangat pagi ya, semoga hari ini dilimpahi banyak rezeki ya. Aamiin",Joy
7363,"frase: Hehehehe, ke-ke-lagi, ya? ayo kerjain sekarang. Semangat!",Joy
7364,"Hebat, ya! kerja di Sabtu ini.",Joy
7365,Kamu senang? Lho kau udah dapet prank dong.,Joy
7366,Wah aku ngomong apa ini?,Joy
7367,"Alhamdulillah, semoga lancar nanti ya kak! Semangattt!",Joy
7368,"frase: Wah, Alhamdulillah. Pagi ini mendapat kabar baik dari Jimin.",Joy
7369,Terlalu excited untuk mendapat Ayang,Joy
7370,"Wkwkkwk semangattt, kita jangan putus asa yaa.",Joy
7371,Dari kecil sampai besar aku selalu sarapan dulu biar semangat ya.,Joy
7372,"membara, tawa, semangat, gembira, ceria, riang, cerah, enak, makmur, terberkati, euforia, bangga, optimis.)",Joy
7373,"Wkwkkwkuuuh, aku ga marah padahal!",Joy
7374,Selamat Pagi! Semangat untuk aktivitas di hari ini.,Joy
7375,"Siap, mau makan yang enak-enak, deketnya ada banyak",Joy
7376,Terima kasih untuk ujian ini,Joy
7377,": surprise (Kaget, kejutan, heran, terkejut, geli, gempar, tak tahan, keterkejutan, aneh, terpaku, kagetnya, kejutan, ketidakpastian, halamanaman)",Joy
7378,Selamat ulang tahun adek! Semoga sehat dan bahagia selalu ya,Joy
7379,"Emosi: positive (Segera, terus menerus, ekstrem, serius, bersemangat, setuju, positif, yakin, percaya, optimis, tegas, kompak, nyata, benar-benar, sungguhan, penuh harapan, pantang menyerah, tulus, ikhlas, berani, teguh, tabah, kuat, berprestasi, hebat, luar biasa, fenomenal, mewah, megah, prestise, bergengsi, istimewa, k",Joy
7380,Wah anak-anak banyak juga ya.,Joy
7381,Nggak ada mood untuk bikin post di Twitter.,Joy
7382,"Emosi: sympathy (Kasihan, prihatin, iba, merdu, empati, rindu, penyair, romantisme, harapan, sayang, kepedihan, takut, sedih, keterpencilan, kematian, sifat-sifat lembut, kasih sayang, penderitaan.)",Joy
7383,Waktunya pagi! Ini cerah disini,Joy
7384,Karena itu aja udah enak bangetts,Joy
7385,il parafrase: Mau nonton drama romantis kayaknya,Joy
7386,Suara Wagakki Band memenuhi hatiku.,Joy
7387,"il parafrase: Hehehe, ga enak juga deh jadi Patrick. Ga bisa cium bau apapun wkwk",Joy
7388,"Yess, Alhamdulillah, aku dapet kabar baik besoknya. Jamin rest well.",Joy
7389,"Semangat semua, di mana pun, dan kapan pun.",Joy
7390,"eh udahlah, aku maluuu.. Tapi senang bangett",Joy
7391,Selamat ulang tahun. Semoga selalu bahagia dan sukses dalam segala hal.,Joy
7392,"Orang lain bahagia di hubungan, jadi aku pengen juga",Joy
7393,"Wah, luar biasa dong! Tuhan Allah Maha Besar!",Joy
7394,"Enak banget anak-anaknya, padahal pas sama suara Mark Lee.",Joy
7395,"Yuk istirahat lebih dulu, semoga besok kita dapet kabar baik.",Joy
7396,Dengerin lagunya Wagakkiband suka banget.,Joy
7397,".) + care (Peduli, merasa penting, memiliki, menjaga, membantu, bertanggung jawab)",Joy
7398,"ira, ceria, riang, cerah, enak, makmur, terberkati, euforia, bangga, optimis.) Fear (takut, ragu, kaget, kejut, palsu, tekanan, histeris, teror, panik, cemas, ngeri, cacat, meleset, gugup, tegang, khawatir, malu, gelisah, inkonsistensi.)",Joy
7399,Lebih semangat daripada hari-hari sebelumnya,Joy
7400,Alhamdulillah… Semoga saja berhasil ya,Joy
7401,"Happy birthday, semoga bahagia sampai ke anak-cucu!",Joy
7402,"Wah, bisa ngelanjutin tidurnya kayaknya enak.",Joy
7403,"Emosi: hope (Harapan, kebahagiaan, optimisme, percaya diri, ketegaran, penuh keyakinan, kesabaran, tekad, gagasan, ilusi, cita-cita, mimpi, impian, hasrat, harapan, mimpi, aspirasi, persepsi, pandangan, pengharapan, bayangan, angan-angan, nafsu, bakat, bakalan, bakat, bakat-bakat, bakat-bakat, bakat-bakat, bakat-bakat, bakat-bakat, bakat-bakat",Joy
7404,"Teh hari ini juga nikmat ya, bangga banget!",Joy
7405,Mau tau kabar bagus dari Big Hit di pagi hari?,Joy
7406,"Okeyy, aku udah seneng. Jadi nggak usah dibahas lagi.",Joy
7407,"Kalo aku, seneng banget :)",Joy
7408,"Go, Petani Sejahtera!!! Makmur dukung Pertanian Indonesia!!!",Joy
7409,Seneng banget di rumah sendiri,Joy
7410,"Wah, enak banget lho, apalagi Mie Ayam Yamin",Joy
7411,Ngopi di sini enak banget,Joy
7412,"Ya Allah, semoga saya masih bersemangat, beroptimis, dan yakin untuk memenangkan semua hal yang ingin saya capai. Semoga juga saya selalu mendapatkan hasil yang terbaik atas usaha-usahaku.",Joy
7413,", doa ku untuk kamu, harap semoga kamu cepat sembuh, saya doain semoga kau cepat sembuh ya.",Joy
7414,Wah Lordnya kayak enak banget ini,Joy
7415,"ase: Hahaha, wa kamu sepi",Joy
7416,"Wah, seneng banget ga' malu",Joy
7417,"Semoga kamu selalu sehat dan bahagia, ya.",Joy
7418,"Wah kayaknya seru bangett, eh ternyata seru juga.",Joy
7419,"Wah, morning call, kabar bagusnya",Joy
7420,", puas, membara, tawa, semangat, gembira, ceria, riang, cerah, enak, makmur, terberkati, euforia, bangga, optimis.)",Joy
7421,Wedang jahe buatan W enak sekali.,Joy
7422,": Ngakak, karena ketidaksengaja mata miring kiri kok kayak kemengnya.",Joy
7423,meninggal karena terlalu banyak darah yg hilang.,Joy
7424,"Bangun tidur, kabarnya Jimmi sudah sembuh itu benar-benar menyenangkan!",Joy
7425,"Semangat Bum, aku masih lama, 7 Maret.",Joy
7426,"Yeeeee, semangattt pagii, dan Happy Weekendeenn ^yn",Joy
7427,"Kemarin aku beli Yakult Hibiscus Berry, rasanya enak bangettt.",Joy
7428,"Coba sampai episode ke-12, ada banyak bucin.",Joy
7429,"Pagi, dapet kabar baik tentang Jimin",Joy
7430,"ia, riang, cerah, enak, makmur, terberkati, euforia, bangga, optimis.) + flirt (Percaya diri, menawan, anggun, berani, tegas, terpelajar, cakap, pendiam, dewasa, sopan, berwibawa, kalem, bijaksana, tahu diri, percaya diri, baik hati, lemah lembut, polos, manis, terpuji, hormat, hormat sapa, penghormatan, bertakwa, beriman,",Joy
7431,Demi apa pun ini lucu banget!,Joy
7432,frase: Alhamdulillah pagi ini aku mendapatkan kabar baik dari Jimin.,Joy
7433,"Wah, pagi hari sudah semangat. Semoga ada rezeki di hari ini",Joy
7434,"Cinta itu nggak suka lama-lama sedih. Move on, ya!",Joy
7435,"Sabtu sek, semangat, uang kenakalan cair!",Joy
7436,Selamat ulang tahun! Semoga sehat dan bahagia selalu ya,Joy
7437,"frase: Mau ngomongin au Taeyong lagi, naksir!",Joy
7438,frase: Day one terlalu semangat untuk dateng paginya. Tapi tak ada orang yang datang juga.,Joy
7439,Kakak tertua kamu lucu banget,Joy
7440,", ceria, riang, cerah, enak, makmur, terberkati, euforia, bangga, optimis.) dan Love (cinta, kasih sayang, rasa suka, atau rasa peduli)",Joy
7441,Semangattt! fase-fase begini kan luar biasaaaa,Joy
7442,"Nikmati hidupmu sendiri sambil senang-senang bareng teman-teman, tapi jangan lupa tetap produktif.",Joy
7443,"osi: shock (Terkejut, tak sengaja, serius, tak percaya, heran, kaget, kejutan, aneh, tidak diSadari, tidak diduga, gila, tak bernyawa, konyol, absurd, mengerikan, pelik, gosong, tak terbayangkan, melucu, marah, sakit hati, kesal, hancur, kecewa, sedih, tertekan, merana, patah hati, malu, menyesal.)",Joy
7444,parafrase: Wah kamu udah sembuh? Kasih kabar ke orang Army ya?,Joy
7445,Mie bikin makanan enak loh!,Joy
7446,"Hidupku cuma buat lihat kamu bahagia, itu aku lakukan.",Joy
7447,Demi apapun ini enak bangettt fess,Joy
7448,Alhamdulillah hari ini dapet kabar bagus,Joy
7449,"Di sini Rian, luas banget ini dapur",Joy
7450,"Wah seneng sekali. Ngakak banget, hihihi",Joy
7451,Hari ini ada kabar baik,Joy
7452,"makasii ya, lu juga semangat banget!",Joy
7453,": Gajadi sedih ya, buat inimah, semangat dong buat ngerjain skripsimu",Joy
7454,"Wah, pagi-pagi dapet kabar bagus sekali.",Joy
7455,Happy birthday adekku! Semoga sehat dan bahagia selalu ya..,Joy
7456,"ase: Selamat sore Pak Suryo, semoga senyumnya bersinar,,",Joy
7457,"John bilang 'Semangatttt' lho, cantik!",Joy
7458,"Nasi di Godong Jati, enakkkk banget ya mbak.",Joy
7459,Bo'leh aku dapetin kata semangat dari kamu?,Joy
7460,"Semoga kamu cepat sembuh, ya? Ga enak-nyo gatel gatelnya.",Joy
7461,"Alhamdulillah, hari ini dapet kabar baik.",Joy
7462,ase: Semangatttt hari ini. Jadikan hari kamu bagus.,Joy
7463,"parafrase: hehe, aku kira dia orang biasa, tiba-tiba lewat dan tersenyum padaku, terima kasih Judith.",Joy
7464,"Selamat Pagi, Salam Sehat n Bahagia untuk Semua!",Joy
7465,"Bangun tidur, dapet kabar baik",Joy
7466,"Semangat pagi, dan tetep cantik nih hari.",Joy
7467,"Aw, jadi malu dech. Tapi senang banget.",Joy
7468,"frase: pagiii~ btw, cuaca bagus gitu, lebih baik tidur, enJoy weekend~~",Joy
7469,"Selamat ulang tahun, Zidd! Selalu bahagia ya!",Joy
7470,"Oh ya, alhamdulillah, udah ada keberuntungan",Joy
7471,Selamat ulang tahun ya MARR! Semoga senang selalu ya :),Joy
7472,Gue dapet kabar bagus pagi-pagi,Joy
7473,Senyam kan? senyum sendiri bacanya.. Semangat ya!,Joy
7474,Semangat pagi kakak! Happy Weekend!,Joy
7475,"Oke, child-nya Mark Lee emang enak banget. Enak pas di-suara dia.",Joy
7476,apa aja wkwkwk oh iya saya juga pengen main game,Joy
7477,"Emosi: happy (Senang, bahagia, puas, membara, tawa, semangat, gembira, ceria, riang, cerah, enak, makmur, terberkati, euforia, bangga, optimis.)",Joy
7478,Kabar baik untuk kita semua,Joy
7479,"Dimana pun, selalu merasa bahagia.",Joy
7480,novel sm cerpen sm short story sm juga sm blog sm news sm informasi sm konten viral sm dll/ relative: apa ya kalo ada bacaannya keren banget gimana gua: aku juga suka banget baca novel romance sm fantasy sm mystery sm horror gua: tapi yg paling kereenn banget adalah komik/komik digital gua: /sebenarnya seluruh genre di atas gua baca semua/,Joy
7481,"il parafrase: Bad mood-nya parah banget, tapi setelah dengerin ini langsung semangat lagi",Joy
7482,"Selamat pagi! Semangat hari ini, harapan yang indah akan tetap ada.",Joy
7483,"Waaah, nonton sendiri lebih mantep.",Joy
7484,"semangat, gembira, ceria, riang, cerah, enak, makmur, terberkati, euforia, bangga, optimis.)",Joy
7485,Lho.. sarapan ya? Semangat buat hari ini!,Joy
7486,Semangat tetap semangat ya kak,Joy
7487,"Yuk semangat! Walaupun kamu merasa tak fit, tetep lakukan!",Joy
7488,"Habis transaksi, lagi nunggu barangnya dateng. Nggak usah pusing deh.",Joy
7489,"Morningggg, Irish.. semangat yuk hari ini!",Joy
7490,yebar ya?terima kasih dr temen2 psycholog dr kaskus yang jgn curhat krn nyari terapi. @psychology @psikologid @drpsykid,Joy
7491,"Istirahat lebi dulu ya, supaya besok ada kabar baik.",Joy
7492,: Alhamdulillah kabar baik jugaa. Udah serpan belum?,Joy
7493,"Yeah, aku kan akan semangat",Joy
7494,"Hehehehe bagus lho, aku nyobain deh.",Joy
7495,"Wow hari ini cerah banget, cocok buat bersih-bersih",Joy
7496,"osi: excited (Sibuk, serius, antusias, bersemangat, senang, antusiasme, bertekad, semangat, optimisme, energi, fokus, gembira, motivasi, inspirasi, pilihan, pengharapan, penggemar, harapan, kerinduan, obsesi, ketertarikan, tertarik, menyukai, minat, antusias, terkesima, terpikat, bersemangat, menghibur, merangsang, gila, gila-gilaan, kebing",Joy
7497,Hore! Ngantuknya juga udah habis!,Joy
7498,"Semangat hari ini ya, semoga banyak request dm amin",Joy
7499,Cintaku ga suka berlama-lama di kepedihan. Just Move On!,Joy
7500,Athan sehat + Bahagia = OK!,Joy
7501,"Seneng banget dapet kabar baik, aku vote for di 2022",Joy
7502,sekali aja buat latihan dan kalian belajar bersama. nanti kita bisa ajarkan klo udah gitu ngepas.,Joy
7503,": surprise (Kaget, takjub, heran, merasa aneh, terkejut, terpukau, tercengang, terperanjat, terkesima, terheran-heran, pamer, mendapat hadiah, terpesona, bertepuk tangan, bingung, kaget, takjub, heran, merasa aneh, terkejut, terpukau, tercengang, terperanjat, terkesima, terheran-heran, pamer, mendapat hadiah, terpesona",Joy
7504,Bangun pagi dengan semangat bikin pengen kangen.,Joy
7505,Mun jhon bilang Semangat cantik,Joy
7506,"Wah si tolol itu, eh, serius?",Joy
7507,"Semangat ya, temen-temen Rantau Pesisir!",Joy
7508,"Wah, enak banget tau kayak Kiko.",Joy
7509,": Gajadi ngeluh? Please inimah, buat saya bikin semangat ngerjain skripsiku",Joy
7510,"frase: Pagi. BTW, cuacanya enak, mending ya tidur. Weekend menyenangkan!",Joy
7511,"Selamat pagi, semangat ya untuk hari ini!",Joy
7512,: Semangat ke semua! Insya Allah kita pasti akan selesai pada waktu yang tepat.,Joy
7513,Wah itu enak banget ya?,Joy
7514,Pagiii dapet kabar baik ttg Jimin :'),Joy
7515,"ase: Selamat sore juga Pak Suryo, Salam sehat penuh energi,,",Joy
7516,"Yukkk, sekarang kita tamatinn, semangatt",Joy
7517,Di mana-mana aku merasa senang.,Joy
7518,"frase: Selamat pagi MotS! Karena lagi ga enak badan, makannya ini. Semangat!",Joy
7519,"Teh, hari ini pasti bagus banget nih. Semangat ya!",Joy
7520,"parafrase: Wah, ikut happy. Selamat ulang tahun Sender! Biarlah aku pake twibbonnya?",Joy
7521,": Ustadnya bilang jangan pergi ya, padahal dia sendiri senang banget kan stad.",Joy
7522,Semoga kamu bisa mencapainya ya! Semangat untuk temen-temenmu!,Joy
7523,": Cie uda liburnya, sudah habis ya? Semangat ya!",Joy
7524,Enak banget jadi orang yang bisa segala-galanya,Joy
7525,Semangat sampai ke target yoooo!,Joy
7526,"Kabar atashi juga ok, nee~",Joy
7527,": Wow, sangat berbeda. Semoga hari Sabtu kamu ikut cerah juga.",Joy
7528,Sarapannya dulu ya biar tambah semangat,Joy
7529,"Aamiin, semoga hari ini ada yang nyantol ya!",Joy
7530,"Tapi tetep nyindir haha, kamu udah kena prank loh.",Joy
7531,"Thank you, kamu juga semangat ya?",Joy
7532,"Terong kurang enak, flop banget!",Joy
7533,"Semangat hari ini, semoga ada banyak request DM. Aamiin.",Joy
7534,": Alhamdulillah kabar baik juga, sudah sore belum?",Joy
7535,"Kemaren beli Hibiscus Berry Yakult, enak bangeeerr!",Joy
7536,Ya laugh ya cry enJoy aja,Joy
7537,"Emosi: humor (Tertawa, senyum, humor, ironi, lelucon, joke, balapan, pamer, kocok mata, menyindir, ejek, puitis, memujik, pujangga, penggemar puisi, sastra, kesastraan, pengetahuan, hikmah, ilmu, keteladanan, kebijaksanaan, kecerdasan, wawasan.)",Joy
7538,"il parafrase: Tapi jangan dibuat ketawa. Patrick ngakak, tapi aku gak enak.",Joy
7539,"Wah, nonton sendirian lebih nyaman.",Joy
7540,mereka hanya berusaha menyampaikan ide2 mereka via media yg mereka punya.,Joy
7541,"Tengok orang lain bahagia di relasi, aku pengen",Joy
7542,"Wah, Lordnya keliatan enak banget",Joy
7543,"Selamat pagi, harapan untuk hari ini ada rejekinya.",Joy
7544,"frase: Wuuw, pagi-pagi aku dapet kabar baik, hoooraaaa… Nangis banget. Terima kasih ya Allah.",Joy
7545,"Emosi: Love, positive (Percaya diri, bersemangat, senyuman, penuh harapan, berseri-seri, optimis, bahagia, menenangkan, meredakan, konsisten, stabil, aman, damai, tenang, lega, bersyukur, kemenangan, selamat datang, senyum, ramah-tamah, terima kasih, menyapa, percaya, respek, sopan, baik hati, penghargaan, nyaman, puji-pujian, apresiasi, duk",Joy
7546,Makasiiii. Kalo kamu juga ikutan senang.,Joy
7547,"frase: Oke, aku juga yach, semangat dan sehat aja ya.",Joy
7548,"emu sama aku karena dia pengen kuliah di jakarta, padahal aku mau ke jakarta kok",Joy
7549,"Alhamdulillah kabar baik, insya Allah ini jalannya.",Joy
7550,"lebih baik lagi di tahun depan, so happy untuk kalian",Joy
7551,Silky drink yang blue citrus juga enak bangetttt,Joy
7552,Selamat hari lahir ya. Semoga semakin bahagia sampai ke anak cucumu.,Joy
7553,": Wah, ini bubur kaya kayak gitu, belum diaduk, tapi sudah luar biasa enak.",Joy
7554,"Semangattt guys, let's do this!",Joy
7555,"Selamat pagi, ada kabar bahagia.",Joy
7556,"frase: Selalu bikin au Taeyong yaakk, seruu! Semangat Terus Nob",Joy
7557,Wah fase-fase kayak gitu luar biasaa,Joy
7558,"Susu kenyot itu enak, lebih baik dimakan dari sumbernya ya",Joy
7559,yerah ya dikejar waktu knpa,Joy
7560,"Happy birthday zidd, happy terus ya, jangan lagi sedih",Joy
7561,"Ya Allah kabar baik, insyaAllah ini jalannya.",Joy
7562,"parafrase: Enak bangett bangettt, diiringi dengan desahan kencengggg. Uhhh.",Joy
7563,parafrase: Wah kenyamanan berdua bikin aku seneng sekali.,Joy
7564,", ikan ayam semua. abah tak pernah jemudik pulang, di rumah hanya di rumah, cuma di rumah, tak mau bising. abah menerima apa yang dia boleh lakukan dan tidak boleh lakukan, selagi kami dapat hidup bersama, maka kami bahagia.",Joy
7565,"at, gembira, ceria, riang, cerah, enak, makmur, terberkati, euforia, bangga, optimis.) + positive-thinking (positif berpikir, positif pikiran, optimisme, percaya diri, harapan, harapan besar, motivasi tinggi, semangat tinggi, idealism, impian, mimpi, ambisi, cita-cita, janji, pengharapan, persahabatan, keyakinan, keyakinan kuat, yakin, percaya, doa, iman, ket",Joy
7566,"Kaget banget deh, tapi senang juga kan",Joy
7567,"semoga cepat sembuh, kurang enak gatal-gatalnya",Joy
7568,"Pagi hari hujan terus, enak banget dah",Joy
7569,"Wah, kayaknya sudah enak juga loh ya Sya",Joy
7570,"Pagi bang, Sarapan bubur ayam enak nih, bang!",Joy
7571,"frase: Hari ini sudah lupa karena kita terlalu semangat dan datangnya ke pagi-pagi sambil berpikiran positif, sampai-sampai semua orang belum ada di tempat kerja",Joy
7572,Eh itu aja udah sangat enak,Joy
7573,"il parafrase: Semangat buat kamu yang lagi latihan! Walaupun belum di noticed, tetep semangat ya!",Joy
7574,"Kaget banget wkwkwk, tapi seru loh wkwkwk.",Joy
7575,"Emosi: positive (positif, motivasi, optimis, semangat, inspirasi, keyakinan, harapan, angin segar, dukungan, selamat tinggal, bahagia, menyenangkan, menyejukkan hati, penuh arti, mencerahkan, positif, mendukung, menginspirasi, menghibur, membantu, membuat bangkit semangat, menyemangatkan, menghibur, mengharmonikan, memberi harapan, meredakan, memperbaiki, memperkuat.)",Joy
7576,ga ada paksaan untuk mengerti semua. #lucu,Joy
7577,"Emosi: Joy (Senang, bahagia, puas, membara, tawa, semangat, gembira, ceria, riang, cerah, enak, makmur, terberkati, euforia, bangga, optimis.)",Joy
7578,"il parafrase: Semangat buat kamu yang latihan, ya walau ga ke notice. Tetep semangat!",Joy
7579,"Pagiiii~ Maaf kalo telat posting ini, ibuuu. Semangat ya~!",Joy
7580,", gembira, ceria, riang, cerah, enak, makmur, terberkati, euforia, bangga, optimis.) – Fear (Takut, ragu, kaget, kejut, palsu, tekanan, histeris, teror, panik, cemas, ngeri, cacat, meleset, gugup, tegang, khawatir, malu, gelisah, inkonsistensi.)",Joy
7581,Happy Birthday Vale! Semoga selalu bahagia!,Joy
7582,"Semangat dong, fase fase begini pasti super luar biasa",Joy
7583,Kabar bagus untuk kita semua,Joy
7584,Senang banget bisa mengumrohkan orang banyak.,Joy
7585,Amiiiin semangat ya. Tim Arkeolog juga niihhh,Joy
7586,": Waduh, swetnya aroma bayinya ini keren. Kayak Zzzz",Joy
7587,Semangat Kak Tamatin! Yuk kita lanjut!,Joy
7588,"Ujan lagi lagi lagi, senangnya banget.",Joy
7589,"frase: Semangat yah, semoga semangat dan sehat selalu.",Joy
7590,Lebih semangat daripada hari sebelumnya,Joy
7591,"Horeeee, BUM! aku belum ada, 7 Maret masih belum!",Joy
7592,Hari ini dapet kabar bagus,Joy
7593,Yeeay ada kabar baik hari ini. Kita sukses ya?,Joy
7594,Yeeey! Semangatttttt!!! Havva sweeet Saturday!,Joy
7595,"Gempa lagi, tapi lagunya enak banget.",Joy
7596,"Semangattt, semoga kamu lancar dalam seleksi kerja.",Joy
7597,Good morning! Paginya punya kabar gembira,Joy
7598,"parafrase: Wah, boleh juga, senang sekali. Selamat ulang tahun sendiri! Boleh gunain twibbon ini?",Joy
7599,: Alhamdulillah kabar baik juga! Sudah sepuluh hari belum?,Joy
7600,"Selamat pagi semua, ada kabar bahagia hari ini!",Joy
7601,"Yudha, rajin ya, tetap dan semangat!",Joy
7602,"akan, ditolak, simpati, kasihan, abai, kesendirian, dipermalukan.)",Sad
7603,", melankolis, kalah, penolakan, ditolak, simpati, kasihan, abai, kesendirian, dipermalukan.)",Sad
7604,hari ini w sdh dibenarkn,Sad
7605,"ditolak, simpati, kasihan, abai, kesendirian, dipermalukan.)",Sad
7606,"pati, kasihan, abai, kesendirian, dipermalukan.)",Sad
7607,", penolakan, ditolak, simpati, kasihan, abai, kesendirian, dipermalukan.)",Sad
7608,"sesal, kusut, murung, muram, lesuh, sunyi, sepi, kelam, duka, kemalangan, derita, melankolis, kalah, penolakan, ditolak, simpati, kasihan, abai, kesendirian, dipermalukan.)",Sad
7609,"banget. tapi aku cuma merindukan orang tua kok, orang lain ya jangan.",Sad
7610,"alangan, derita, melankolis, kalah, penolakan, ditolak, simpati, kasihan, abai, kesendirian, dipermalukan.)",Sad
7611,": surprise (Kaget, heran, terkejut, syok, ketidaksengajaan, spontan, kejutan, terpukau, terkesima, terperanjat, tak percaya, terpelajar, ketergesaan, keanehan, luar biasa, aneh, kudeta, gila, ganjil, mengerikan, seram, sial, kejam, tidak masuk akal, tidak logis, absurd, ajaib, mistis, kebetulan, kegilaan, mengelabui, ke",Sad
7612,"pi, kelam, duka, kemalangan, derita, melankolis, kalah, penolakan, ditolak, simpati, kasihan, abai, kesendirian, dipermalukan.)",Sad
7613,", kasihan, abai, kesendirian, dipermalukan.)",Sad
7614,", ditolak, simpati, kasihan, abai, kesendirian, dipermalukan.)",Sad
7615,"cewa, sedih, tangis, sesal, kusut, murung, muram, lesuh, sunyi, sepi, kelam, duka, kemalangan, derita, melankolis, kalah, penolakan, ditolak, simpati, kasihan, abai, kesendirian, dipermalukan.)",Sad
7616,", murung, muram, lesuh, sunyi, sepi, kelam, duka, kemalangan, derita, melankolis, kalah, penolakan, ditolak, simpati, kasihan, abai, kesendirian, dipermalukan.)",Sad
7617,", muram, lesuh, sunyi, sepi, kelam, duka, kemalangan, derita, melankolis, kalah, penolakan, ditolak, simpati, kasihan, abai, kesendirian, dipermalukan.)",Sad
7618,"am, duka, kemalangan, derita, melankolis, kalah, penolakan, ditolak, simpati, kasihan, abai, kesendirian, dipermalukan.)",Sad
7619,kenal dg seorang lain.Sedih drmn yaak... Sad,Sad
7620,"al, kusut, murung, muram, lesuh, sunyi, sepi, kelam, duka, kemalangan, derita, melankolis, kalah, penolakan, ditolak, simpati, kasihan, abai, kesendirian, dipermalukan.)",Sad
7621,", lalu setelah nikah malah niat buat main2 aja gimana yah? soalnya saya lihat banyak yang kudu jadi orang tua dan takut nyetora sama pihak lain.",Sad
7622,"uka, kemalangan, derita, melankolis, kalah, penolakan, ditolak, simpati, kasihan, abai, kesendirian, dipermalukan.)",Sad
7623,", lesuh, sunyi, sepi, kelam, duka, kemalangan, derita, melankolis, kalah, penolakan, ditolak, simpati, kasihan, abai, kesendirian, dipermalukan.)",Sad
7624,", sedih, tangis, sesal, kusut, murung, muram, lesuh, sunyi, sepi, kelam, duka, kemalangan, derita, melankolis, kalah, penolakan, ditolak, simpati, kasihan, abai, kesendirian, dipermalukan.)",Sad
7625,"juga mulai aktif lagi, di kota mana lagi, aku yang jadi korban, harus jalan-jalan sendiri karena temen2 semua ketakutan, lalu disitu juga terjadi kecelakaan, temen ku jatuh, dia sempat shock dan aku membantu, eh malah terkena virusnya hehe, entah sudah kena atau belum, soalnya kalau udah terkena biasa saja, kalau belum ya tetep baik-baik saja, ya aku juga akan mengobatinya.",Sad
7626,", tangis, sesal, kusut, murung, muram, lesuh, sunyi, sepi, kelam, duka, kemalangan, derita, melankolis, kalah, penolakan, ditolak, simpati, kasihan, abai, kesendirian, dipermalukan.)",Sad
7627,"am, lesuh, sunyi, sepi, kelam, duka, kemalangan, derita, melankolis, kalah, penolakan, ditolak, simpati, kasihan, abai, kesendirian, dipermalukan.)",Sad
7628,", simpati, kasihan, abai, kesendirian, dipermalukan.)",Sad
7629,"olak, simpati, kasihan, abai, kesendirian, dipermalukan.)",Sad
7630,", duka, kemalangan, derita, melankolis, kalah, penolakan, ditolak, simpati, kasihan, abai, kesendirian, dipermalukan.)",Sad
7631,trus mamah tertawa dan bilang muaaaahhh,Sad
7632,"simpati, kasihan, abai, kesendirian, dipermalukan.)",Sad
7633,"wa, sedih, tangis, sesal, kusut, murung, muram, lesuh, sunyi, sepi, kelam, duka, kemalangan, derita, melankolis, kalah, penolakan, ditolak, simpati, kasihan, abai, kesendirian, dipermalukan.)",Sad
7634,"ak, simpati, kasihan, abai, kesendirian, dipermalukan.)",Sad
7635,"duka, kemalangan, derita, melankolis, kalah, penolakan, ditolak, simpati, kasihan, abai, kesendirian, dipermalukan.)",Sad
7636,"kalah, penolakan, ditolak, simpati, kasihan, abai, kesendirian, dipermalukan.)",Sad
7637,", sepi, kelam, duka, kemalangan, derita, melankolis, kalah, penolakan, ditolak, simpati, kasihan, abai, kesendirian, dipermalukan.)",Sad
7638,"i, kasihan, abai, kesendirian, dipermalukan.)",Sad
7639,"real and stop acting like a little girl. pastikan kamu ngerti yg kamu lakukan, dan pilih mana yg lebih penting untukmu. ini aku yang sudah jenuh menghadapi dia.",Sad
7640,"penolakan, ditolak, simpati, kasihan, abai, kesendirian, dipermalukan.)",Sad
7641,"olis, kalah, penolakan, ditolak, simpati, kasihan, abai, kesendirian, dipermalukan.)",Sad
7642,"lesuh, sunyi, sepi, kelam, duka, kemalangan, derita, melankolis, kalah, penolakan, ditolak, simpati, kasihan, abai, kesendirian, dipermalukan.)",Sad
7643,"derita, melankolis, kalah, penolakan, ditolak, simpati, kasihan, abai, kesendirian, dipermalukan.)",Sad
7644,"melankolis, kalah, penolakan, ditolak, simpati, kasihan, abai, kesendirian, dipermalukan.)",Sad
7645,"ankolis, kalah, penolakan, ditolak, simpati, kasihan, abai, kesendirian, dipermalukan.)",Sad
7646,", derita, melankolis, kalah, penolakan, ditolak, simpati, kasihan, abai, kesendirian, dipermalukan.)",Sad
7647,"ung, muram, lesuh, sunyi, sepi, kelam, duka, kemalangan, derita, melankolis, kalah, penolakan, ditolak, simpati, kasihan, abai, kesendirian, dipermalukan.)",Sad
7648,"kusut, murung, muram, lesuh, sunyi, sepi, kelam, duka, kemalangan, derita, melankolis, kalah, penolakan, ditolak, simpati, kasihan, abai, kesendirian, dipermalukan.)",Sad
7649,", kalah, penolakan, ditolak, simpati, kasihan, abai, kesendirian, dipermalukan.)",Sad
7650,"Emosi: Sad (Kecewa, sedih, tangis, sesal, kusut, murung, muram, lesuh, sunyi, sepi, kelam, duka, kemalangan, derita, melankolis, kalah, penolakan, ditolak, simpati, kasihan, abai, kesendirian, dipermalukan.)",Sad
7651,"alah, penolakan, ditolak, simpati, kasihan, abai, kesendirian, dipermalukan.)",Sad
7652,"yi, sepi, kelam, duka, kemalangan, derita, melankolis, kalah, penolakan, ditolak, simpati, kasihan, abai, kesendirian, dipermalukan.)",Sad
7653,"klub yg baik, ya trus pula bhn koreksi. sebenarnya kita kan punya hak utk mengkritisi sesuatu, tpi itu tidak boleh menyimpang arahnya. kritikan harusnya menjadi motivasi untuk membantu klub lebih baik.",Sad
7654,"ita, melankolis, kalah, penolakan, ditolak, simpati, kasihan, abai, kesendirian, dipermalukan.)",Sad
7655,"ir2 mau balikan lagi, tp gak bs tdk mau kelewat jam masuk ke sekolah...#mama #ayah #anakkecil #ibu",Sad
7656,"(Kecewa, sedih, tangis, sesal, kusut, murung, muram, lesuh, sunyi, sepi, kelam, duka, kemalangan, derita, melankolis, kalah, penolakan, ditolak, simpati, kasihan, abai, kesendirian, dipermalukan.)",Sad
7657,"angan, derita, melankolis, kalah, penolakan, ditolak, simpati, kasihan, abai, kesendirian, dipermalukan.)",Sad
7658,"uh, sunyi, sepi, kelam, duka, kemalangan, derita, melankolis, kalah, penolakan, ditolak, simpati, kasihan, abai, kesendirian, dipermalukan.)",Sad
7659,"olakan, ditolak, simpati, kasihan, abai, kesendirian, dipermalukan.)",Sad
7660,"kemalangan, derita, melankolis, kalah, penolakan, ditolak, simpati, kasihan, abai, kesendirian, dipermalukan.)",Sad
7661,", kusut, murung, muram, lesuh, sunyi, sepi, kelam, duka, kemalangan, derita, melankolis, kalah, penolakan, ditolak, simpati, kasihan, abai, kesendirian, dipermalukan.)",Sad
7662,", kemalangan, derita, melankolis, kalah, penolakan, ditolak, simpati, kasihan, abai, kesendirian, dipermalukan.)",Sad
7663,sedih. lalu aq teringat pada ibu ku dan suara ibuku kalo aku bilang maaf.,Sad
7664,"Emosi: surprise (Terkejut, kaget, tak sanggup percaya, terheran-heran, kerdil, heran, terserempak, tahu jawaban yang tidak diharapkan, mengejutkan)",Sad
7665,"Emosi: afraid (takut, khawatir, bingung, resah, merasa tidak tenang, ragu-ragu, paranoid, mabuk kejujuran, tidak percaya diri, bimbang, gugup, kurang percaya, tidak berani)",Sad
7666,wa sama orang2nya itu kan pastinya ga akan ada habisnya,Sad
7667,"2 w pake duit beli kulkas, eh ternyata w salah. ini cuma rambutan nya yg dibuang aja. w berjanji gak akan lupa lagi!",Sad
7668,adi banyakin aja yg bnyak turis yg datang ke bali.,Sad
7669,"is, sesal, kusut, murung, muram, lesuh, sunyi, sepi, kelam, duka, kemalangan, derita, melankolis, kalah, penolakan, ditolak, simpati, kasihan, abai, kesendirian, dipermalukan.)",Sad
7670,udah ga pede lagi ya jadi ga ada aja yang bisa gua lihat secara hati-hati. ini gua ga enak banget.,Sad
7671,"kelam, duka, kemalangan, derita, melankolis, kalah, penolakan, ditolak, simpati, kasihan, abai, kesendirian, dipermalukan.)",Sad
7672,free terkadang hal itu juga yang menyebabkan aku merasa dilema sendiri. gw hanya ingin menjadi orang yang baik dan memprioritaskan diriku..,Sad
7673,", sesal, kusut, murung, muram, lesuh, sunyi, sepi, kelam, duka, kemalangan, derita, melankolis, kalah, penolakan, ditolak, simpati, kasihan, abai, kesendirian, dipermalukan.)",Sad
7674,": Sad (Kecewa, sedih, tangis, sesal, kusut, murung, muram, lesuh, sunyi, sepi, kelam, duka, kemalangan, derita, melankolis, kalah, penolakan, ditolak, simpati, kasihan, abai, kesendirian, dipermalukan.)",Sad
7675,adi bnyk juga orang di bali yang kehilangan pekerjaannya itu,Sad
7676,"Emosi: surprise (Kaget, keheranan, mengejutkan, mengejutkan, menyesalkan, marah, sedih, takut, tidak percaya, terkejut, berduka, hina, merusak, mendiskreditkan, mengejek, ejekan, mengejek, terpukau, terharu, senyuman, gembira, puas.)",Sad
7677,": Sadness (sedih, kesedihan, kekecewaan, marah, emosi, kekesalan, perpisahan, musibah, perceraian, kemelut, perpecahan, keruntuhan, keputusasaan, kemurungan, penghancuran, meremukkan, runyam, hancur, runtuh, rusak, roboh, tertindas, dibenci, dilecehkan, dipersenda, dicela, digerus, dipergoki, dipermalukan, disesali, dizinkan, did",Sad
7678,ada masalah yg dapat menghalangi aku untuk memanjat gunung Neutral,Sad
7679,", kelam, duka, kemalangan, derita, melankolis, kalah, penolakan, ditolak, simpati, kasihan, abai, kesendirian, dipermalukan.)",Sad
7680,"sepi, kelam, duka, kemalangan, derita, melankolis, kalah, penolakan, ditolak, simpati, kasihan, abai, kesendirian, dipermalukan.)",Sad
7681,": Sadness (Sedih, depresi, trauma, dukungan, putus asa, patah hati, gagal, kerugian, kehilangan, rindu, hilangnya seseorang, kepercayaan, masalah, kekecewaan, kehilangan harapan, sakit hati, keterpurukan, kegagalan, ketidakmampuan, kesusahan.)",Sad
7682,"sunyi, sepi, kelam, duka, kemalangan, derita, melankolis, kalah, penolakan, ditolak, simpati, kasihan, abai, kesendirian, dipermalukan.)",Sad
7683,karna dia tau aku penggemar exo tp ketika dia mulai suka exo gue nyuruhnya untuk jadi fanboi dia bilang gue pasti akan merasa marah karena dia lebih suka korean idol lain dan gue merasa sakit hati padahal gue sudah menemani dia sejak awal dia juga sudah menghabiskan waktu bersama saya tp ketika dia mendapatkan apa yang dia inginkan dia meninggalkan saya dan saya yakin bahwa dia hanya menggunakan saya sebagai penyokong utamanya sementara dia sendiri telah,Sad
7684,"muram, lesuh, sunyi, sepi, kelam, duka, kemalangan, derita, melankolis, kalah, penolakan, ditolak, simpati, kasihan, abai, kesendirian, dipermalukan.)",Sad
7685,udah dapet pahala karena gua dah menyampaikan apa yang gua inginkan.,Sad
7686,"utnya ya, dan jgn lupa donasikan yaa",Sad
7687,": Fear (Takut, ragu, kaget, kejut, palsu, tekanan, histeris, teror, panik, cemas, ngeri, cacat, meleset, gugup, tegang, khawatir, malu, gelisah, inkonsistensi.)",Sad
7688,tidak punya sapaan seperti saat ini.,Sad
7689,2 foto exo dia tp aku ga balek balek smnya tpi akhirnya gue juga suka pas aku lihat vidio lyp synchro exo yg paling bikin gue jatuh hati ini kan jd karna vidio itu yg membuat gue mau bales bales2 sm tmn gue sblum gue suka exo 2018 yaa gue pengen bilang kalo aku kagumi exo karena idola2nye itu artis yg hebat dan pandai menghibur penonton dalam tiap konser,Sad
7690,"tangis, sesal, kusut, murung, muram, lesuh, sunyi, sepi, kelam, duka, kemalangan, derita, melankolis, kalah, penolakan, ditolak, simpati, kasihan, abai, kesendirian, dipermalukan.)",Sad
7691,"wa kan? aku tahu semua itu tapi aku tahu juga yang paling penting kita harus saling hormat, saling sayang. Karena orangnya sendiri, hatinya sendiri yang takut untuk membuat kita sakit hati",Sad
7692,di antara mereka ada seseorang yg harus meninggalkan mereka.,Sad
7693,ihkan.. ternyata ada orang lain yang lebih baik dariku.,Sad
7694,ada penyusup. terima kasih @Kala_Indonesia.,Sad
7695,"sedih, tangis, sesal, kusut, murung, muram, lesuh, sunyi, sepi, kelam, duka, kemalangan, derita, melankolis, kalah, penolakan, ditolak, simpati, kasihan, abai, kesendirian, dipermalukan.)",Sad
7696,kita. kita harus bikin suporter yg lebih solid spt tahun 2008-2011. jika kejadian seperti ini tidak diubah jd apa yg kita harapkan. semua itu akan hilang dan klub kita akan menjadi klub yang tak bertuan.,Sad
7697,": Sadness (Sedih, duka, penderitaan, kerinduan, hilangnya seseorang atau sesuatu yang dicintai, kesepian, kehilangan, kecewa, putus asa, sakit hati, resah, khayalan, kenangan, kepergian, terasing, sepi, keterasingan, trauma, luka batin, lemah hati, terluka, hilang harapan, merana, perih, ketidakpuasan, kemiskinan, derita, penderitaan, susah",Sad
7698,"at kalo dia udah pindah dan mungkin ga akan kembali lagi, kalo di lain waktu punya masalah ga bisa saling berkonsultasi karena sudah jauh, setiap kali dia datang kapan2 aku selalu sibuk apalagi udah berusaha mencari pekerjaan, tapi ketika pulang kerja saya lebih sulit untuk tidur dan menghilangkan rasa sakit. Lagu ini juga menyampaikan pesan bahwa kita harus hati-hati dalam menjalin hubungan.",Sad
7699,wa sama apa aku lakukan karena aku tak tau apa itu sebenarnya aku hanya ingin mencintainya,Sad
7700,"i, km lihat sisi lain, cmng kl dia krn kamu.",Sad
7701,"sih karena ternyata ya kita gk bs ngeluarin bakat kita sendiri, kita gk bs ngabdiin diri kita sendiri, kita gk bs membuat dunia ini lebih baik, kita cuma sekedar mencoba merusak segala sesuatunya, dan itu hanya satu dari banyak hal yang aku pikirkan, padahal aku hanya ingin memiliki teman-teman untuk berbagi rasa, bukan orang-orang yang senantiasa menjadikan saya sebagai orang yang sangat buruk, saya tak ingin dimusuhi oleh semua orang karena mereka yang sel",Sad
7702,ut ga dapat uang jajanan.. lalu pikiran2 sedih karena jadi bahan cibiran anak sekolah.Sedih,Sad
7703,free dan happy go lucky karena ada kamu yang selalu membuat hidup gw lebih mudah.,Sad
7704,"Fear (Takut, ragu, kaget, kejut, palsu, tekanan, histeris, teror, panik, cemas, ngeri, cacat, meleset, gugup, tegang, khawatir, malu, gelisah, inkonsistensi.)",Sad
7705,tau banyak hal. semoga selalu dalam lindungan allah ya temenan,Sad
7706,pasti banyak yang gak ada niatan mau punya anak.,Sad
7707,"ih, tangis, sesal, kusut, murung, muram, lesuh, sunyi, sepi, kelam, duka, kemalangan, derita, melankolis, kalah, penolakan, ditolak, simpati, kasihan, abai, kesendirian, dipermalukan.)",Sad
7708,"real, to the point, dan jgn nyidik2 duit sponsor. btw, happy new year ya..!",Sad
7709,"at masa lalu gw selalu ingat dia gw harap dia bisa bangkit lagi walaupun itu hanya impian, untuknya semua ini #MUSIKMENDAFTARAKANHATI",Sad
7710,to myself. ga usah nangis2 ke orang lain lah. aku udah tau kalau kita ngga bakal selalu menang di dunia ini.,Sad
7711,"murung, muram, lesuh, sunyi, sepi, kelam, duka, kemalangan, derita, melankolis, kalah, penolakan, ditolak, simpati, kasihan, abai, kesendirian, dipermalukan.)",Sad
7712,ke temannya yg suka exo padahal dia sendiri ga suka kayaknya ini sih yang paling parahnya aku suka suka suka suka,Sad
7713,"ut, murung, muram, lesuh, sunyi, sepi, kelam, duka, kemalangan, derita, melankolis, kalah, penolakan, ditolak, simpati, kasihan, abai, kesendirian, dipermalukan.)",Sad
7714,"Emosi: surprise (Kaget, heran, tersentak, terkejut, senyap, ketidakSadaran, tak terjangkau, tak terbayangkan, terperanjat, terpincang, terpaku, terbangun, terkejut, terpana, ketakutan, tak terduga, keheranan, bingung, ketidakpercayaan, tidak tahu apa-apa, terkesima, tak percaya, tiba-tiba, mendadak, mengagetkan, membuka mata, melebar mata,",Sad
7715,"ah ngerti, tp apa itu salahnya..",Sad
7716,lho bukti nya gue bilang mereka ga serius ama eksosaya jadi gue berusaha untuk menjauhi dia tp ternyata dia gak bisa melepaskan dirinya dr group chat yg kita miliki jd gue berusaha buat menjauhi grup chat tersebut gue minta pindahin kegrup lain tp dia ga tega untuk memindahkan group chat tsbt karena dia merasa gue gak akan bisa hidup tanpa mereka jd akhirnya gue berubah dr suka mereka jadi anti mereka tp gue tetep masih dekat dengan tem,Sad
7717,", melankolis, kalah, penolakan, ditolak, simpati, kasihan, abai, kesendirian, dipermalukan.) + happy (Bahagia, senang, puas, membara, tawa, semangat, gembira, ceria, riang, cerah, enak, makmur, terberkati, euforia, bangga, optimis.)",Sad
7718,"muram, lesuh, sunyi, sepi, kelam, duka, kemalangan, derita, melankolis, kalah, penolakan, ditolak, simpati, kasihan, abai, kesendirian, dipermalukan.) + angry (Marah, benci, emosi, jengkel, kesal, dendam, ngamuk, iritasi, terganggu, tidak suka, iri, dengki, siksa, jijik, gerutu, kepahitan, bentuk umpatan, kata kasar) +",Sad
7719,rumah terus biarin dlu gitu,Sad
7720,"Emosi: happy (Bahagia, senang, puas, bangga, terpuji, puji-puji, puji-pujiannya, puji-pujian, hebat, terkenal, populer, bergengsi, terpandang, penghargaan, pujian, sukacita, riang gembira, tertawa, bersyukur, terimakasih, syukur-syukurnya, syukuran, ucapan selamat, ucapan terima kasih, harapan, kebanggaan, kekaguman,",Sad
7721,"aca: modal usaha), i Love you anakku.",Sad
7722,"irin soalnya jadi nangis gitu, kalo udah sampai di sekolah langsung ada orang2 minta tolong, apa ini disebut kebahagiaan?",Sad
7723,dr luar. klub ga boleh terus seperti ini!,Sad
7724,"lesuh, sunyi, sepi, kelam, duka, kemalangan, derita, melankolis, kalah, penolakan, ditolak, simpati, kasihan, abai, kesendirian, dipermalukan)",Sad
7725,"muram, lesuh, sunyi, sepi, kelam, duka, kemalangan, derita, melankolis, kalah, penolakan, ditolak, simpati, kasihan, abai, kesendirian, dipermalukan.) + angry (Marah, benci, emosi, jengkel, kesal, dendam, ngamuk, iritasi, terganggu, tidak suka, iri, dengki, siksa, jijik, gerutu, kepahitan, bentuk umpatan, kata kasar)",Sad
7726,asa ngga ada artinya buat keluargaku.,Sad
7727,", sunyi, sepi, kelam, duka, kemalangan, derita, melankolis, kalah, penolakan, ditolak, simpati, kasihan, abai, kesendirian, dipermalukan.)",Sad
7728,"ah kebangetan, dan setelahnya gue jadi pasrah, maafin gue mbaa.. gue mau buka diri. ini gue yang gue",Sad
7729,adi trus nyoba ke t4 lain kn.,Sad
7730,asa bahwa aku hanya mengecap dunia sambil tiduran.,Sad
7731,"less dan apathetic, mungkin benar.. aku hanya mencintaimu",Sad
7732,obral2an deh biar cepet sembuh.,Sad
7733,video yng mereka bikin di grup wa dia nyanyiin lagunya,Sad
7734,kencan dgn mbak yang bikin aku nyambung di sms,Sad
7735,nangis. padahal aq udah tau dia mati. tapi pas sesengukan ituu nyesel bgt. tapi lho aku juga seneng bgt lihat dia disini kembali,Sad
7736,"iapin lupa, sinyal audio gak ada, mikrofon gak nyala, dll. itu juga di tambahin bingung apa lagi yg harus dijawab di ujian online kayak gitu.",Sad
7737,di pasti turis yg datang pun bingung smua bali ini blum ada apa2 lagi,Sad
7738,at saudara warga banjir di palembang.,Sad
7739,"surprise (Awas, luar biasa, heran, geli, terkejut, mengumbar, menyokong, pemberani, luar biasa, tak terduga, paling, istimewa, unik, aneh, gila, konyol, keterlaluan, pelik, keren, terkesima, terperanjat, terheran-heran, terkejut.)",Sad
7740,erlah. semoga ada yang lebih baik lagi di tahun 2022. amiiinn.,Sad
7741,"ah kalo gue punya kakiku sendiri pasti aku suka, tapi kok luar biasa aja gini? ga bakalan kaya gitu",Sad
7742,"Emosi: hate (Benci, marah, iri hati, iri, dendam, gerutu, bermusuhan, berasa sakit hati, membencikan, meradang, tidak suka, iri hati, berkeinginan buruk)",Sad
7743,numpang nyobain dunia kerja 😂😘,Sad
7744,nangis. tapi pas jessy sini liat ayahnya yg jadi pria seterunya itu aq makin senyum2 kayak gitu aja.,Sad
7745,irnya kok jadi kayak apa tuh aku gimana dong???,Sad
7746,"asa tak ada gunanya di sana. ini sudah cukup banyak pikiran buruk yg berputar dalam benakku. tapi, saya harus lebih baik. untuk mereka.",Sad
7747,u dia bakalan support sama persis,Sad
7748,": Sadness (Putus cinta, sedih, sakit hati, cemburu, percaya diri rendah, marah, kecewa, merana, patah hati, kesedihan, menyedihkan, dukacita, pilu, duka, nafsu, amarah, jahat, iri hati, haSad, sakit, kesel, kesenangan, suka, senang, gembira, ceria, riang, cerah, enak, makmur, terberkati, euforia, bangga, optimis",Sad
7749,ut smua udh gak nyala smw lampunya tp klo dihidupin lagi pasti gak masalah.. sekarang sllu gak nyala smua lampu tp kalo dihidupin satu2 pasti akan gosong.. Sad,Sad
7750,"Emosi: Fear (Takut, ragu, kaget, kejut, palsu, tekanan, histeris, teror, panik, cemas, ngeri, cacat, meleset, gugup, tegang, khawatir, malu, gelisah, inkonsistensi.) + surprise (Kaget, terkejut, heran, pusing, lelah, histeris, menggelepar, lari-lari, pingsan, meleset, serba salah, kebingungan, salah kaprah.)",Sad
7751,harus berpisah. terima kasih selamat tinggal denise. aku akan selalu menjaga vlive ini agar tetap seperti awalnya.,Sad
7752,sudah berusaha sekali lagi untuk membuktikan kebaikan diriku.,Sad
7753,utnya yah aku pasti akan cerita lagi klo di sini aku sudah jadi jujur jgn lupa follow trus di @santelisss,Sad
7754,"Kecewa, sedih, tangis, sesal, kusut, murung, muram, lesuh, sunyi, sepi, kelam, duka, kemalangan, derita, melankolis, kalah, penolakan, ditolak, simpati, kasihan, abai, kesendirian, dipermalukan.)",Sad
7755,ut ga bisa baca emoticonnya,Sad
7756,rumah doyan tiduran sampe kusemprit klo gw mau bangun udah setengah jam 5. wkwk. yaaahhhhhh,Sad
7757,video video tentang exo tp gue cuma lihat aja,Sad
7758,"doubt (Tidak percaya, keraguan, kurang percaya, kebingungan, bertanya-tanya, tak yakin, ketidakpastian, tidak nyaman, kurang bersemangat, kekhawatiran, kepercayaan diri rendah, putus asa, skeptisisme.)",Sad
7759,"ada musuh, jadi sekarang selamat tidur ya temen-temen.",Sad
7760,di pns2 yg lagi phk ga ada kerjaan apapun lagi selain ngamen untuk mendapatkan uang,Sad
7761,"alah, penolakan, ditolak, simpati, kasihan, abai, kesendirian, dipermalukan.) dan happy (senang, bahagia, puas, membara, tawa, semangat, gembira, ceria, riang, cerah, enak, makmur, terberkati, euforia, bangga, optimis.)",Sad
7762,ngobrol pas jam sekolah sama2 nganter anak ke sekolah. kayaknya ini kangen ajaa..,Sad
7763,"Emosi: Sadness (Sedih, kecewa, penyesalan, prihatin, resesi, kesepian, depresi, frustrasi, putus asa, ketidakpuasan hidup, disabilitas, sakit hati, sakitnya hati, lemah, merana, marah, kekesalan, keragu-raguan, kegelapan, penderitaan, kekurangan, kelemahan, kesusahan, kesulitan, masalah, tantangan, kebosanan, kelelahan, kerepotan, kerusakan",Sad
7764,kan jadi harus ikhlas ya.,Sad
7765,"ur gw seneng sama gw sendiri yang udah milih untuk ga ngeliatnya, karena gw tau jika gw melihat dia akan menyebabkan gw stress, gw ga mau dekat dengan dia lagi, karena gw paham betul apa itu rasa sakit dan kekecewaannya, gw sangatlah ingin dia berbahagia, dia punya segalanya selain cintaku, saya punya banyak hal untuk berbagi padanya tapi dia tak mau, dia tak pernah mencoba untuk menjaga kita bersama, dia merusak masa lalu kita dengan sebuah keput",Sad
7766,papa bilang nti w ga ada kerjaan lagi.,Sad
7767,"u mereka akan support, malah balikin masalah kita.",Sad
7768,u temennya bakalan ngerti sama kita dan juga bakalan lebih banyak ngeceritain sambil ngeliatin kita yang salah.,Sad
7769,"(kecewa, sedih, tangis, sesal, kusut, murung, muram, lesuh, sunyi, sepi, kelam, duka, kemalangan, derita, melankolis, kalah, penolakan, ditolak, simpati, kasihan, abai, kesendirian, dipermalukan)",Sad
7770,"ir2 jalan yang paling deket ke rumah ibuku, ternyata itu jalur lurus menuju sekolahnya anak ini! :D",Sad
7771,"udah lama disini, gua udah berusaha banget untuk jadi orang yang lebih baik daripada sebelumnya, gua ngurusin diri sendiri, gua ngurusin keluarga, gua ngurusin anak2, tapi kenapa kalian masih aja suka ngebully gua gimana gitu. yaa sudahlah gw punya hidup sendiri gw akan bersosial di tempat lain. gw berharap kalian semua saling hormat terhadap temen2 kita.",Sad
7772,ihkan rasanya harus melakukan hal itu karena saya butuh uang.,Sad
7773,"Emosi: surprise (Kaget, terkejut, gemas, heran, tak habis pikir, tidak percaya, keterkejutan, terlonjak, terpaku, terharu, mendadak, kaget, tersentak, terkejut, kaget, ketakutan, mengherankan, terlambek, terpancing, bertindak, berani, terpesona, keterkejutan, mendadak, tertawa, serba salah, terkejut, terlonjak, terpancing.)",Sad
7774,kebahagiaan gue sendiri? apa aku harus menjauhi mereka? apa aku harus meninggalkannya? apakah gue akan selalu merasa seperti ini?,Sad
7775,", jd langsung kebalikannya n telpon lagi sma dia, gw minta ampun padahal gw suka sama dirinya krn ramah, baik hati, dll, pnya yg harusnya gw ingat yaitu gw sgh nyari pasangan utk hidup berdua n jg ndpt pasangan yg ada di dlm hubungan lain.",Sad
7776,indukan masa-masa dimana aku masih anak-anak sehingga tidak ada beban hidup ini.,Sad
7777,", pasti akan ada proses yang harus dilalui.",Sad
7778,asa bersalah. aku hanya bisa ikut do'a dan sholawat untuk mereka.,Sad
7779,rumah aja deh nyari obat sendiri,Sad
7780,terjadi apa-apa karena selama ini belum ada pengalamanku yang buruk.,Sad
7781,. sajakah itulah hidup.. ?,Sad
7782,"tau, aku punya banyak kenangan bersamanya, dia yg sering bilang aku akan selalu ada ternyata itu cuma slogan, sejak dia hilang dari kelas 6 sma rasanya semua jadi sia2, jangan pernah lihat orang diatas hanya sebagai pendamping karena dia ternyata adalah yang membuat hidup ini indah dan penuh kenangan. #terimakasihtemenan #saudaramuansaudara",Sad
7783,udah ngomong hal penting di hidup ini (contoh doain nanti gue jd dokter),Sad
7784,iapin di ucapin lg hilang.,Sad
7785,"ur gw ngga tau apa yg harus gw lakukan sama series ini sebenarnya, cuma satu yang gw tau, gw pengen series ini udah selesai, bukan karena emosi terus², tapi hanya karena saya Sadar betapa pentingnya hidupnya itu, untukku yang selalu ada di balik layar, yang selalu sibuk membantu kita semua untuk merubah dunia ini.",Sad
7786,"juga ikutan aktif di medan perang. Ya kalo teroris itu sudah ada ya, kenapa pas krisis dunia, ya sekarang lagi pas masa terorisme jadi banyak. Kalo lagi ada covid-19 kenapa masih ada yang teroris?",Sad
7787,"ah diantara kita ada orang suka, yaitu aku.",Sad
7788,"yg katanya di pindahin dr instagram ke twitter, gw nyadar ternyata gw cuma jadi bagian di antara sekumpulan orang2 lainnya. aku bukan spesial untuknya.. ya ampun..",Sad
7789,"Emosi: surprise (Kaget, senyum, tersentak, kejutan, tak dijangka, herannya, terkejut, tersingkirkan, pahit hati, penyesalan, kecewa, putus harapan, terkesima, dilema.)",Sad
7790,"pemandangan. klub ini sdh btrusah mmbuat prestasi, apalgi saat musim prekualifikasi liga champions",Sad
7791,"Emosi: Sadness (kekecewaan, kekesalan, penyesalan, penuaan, patahan, keputusasaan, merana, ketidakpuasan, kesedihan, keserbaan, keinginan, harapan, impian, cita-cita, mimpi, khayalan, pengharapan, perkiraan, pendekatan, ambisi, hasrat, kekhawatiran, ketidaksenangan, ketidakpercayaan, ketakutan, kegelisahan, ketegangan, perubahan, pergantian,",Sad
7792,"dia sendiri yang bilang ke aku,aku tau ini dia lagi ga percaya dgn dirinya sendiri,di dalam hati aku selalu salahkan org lain,selalu bilang apa yg aku pake itu salah,cuma aku tak tahu bahwa aku yg salah,jadi aku selalu merasa diadu oleh temen-temen aku,tapi ternyata aku yg salah,sampai sekarang aku merasa bersalah,meskipun aku sudah memperbaiki semua masalah yang aku punya,justru mereka yg membiarkan diri mereka sendiri seperti itu,aku hanya bisa",Sad
7793,di ga ada yg bs membantu orang2 yg mnjemput wisman.,Sad
7794,wa karena aku selalu menyalahkan aku sendiri apakah aku ini benar2 bodoh?,Sad
7795,"iapin nyebelin, nda bisa ngomong apa2.",Sad
7796,"Emosi: surprise (Kaget, heran, heboh, terkejut, tak berguna, salah pilih, tidak pantas, pelik, mengerikan, aneh, ajaib, ganjil, ghaib, istimewa, unik, kebetulan, nasib baik, angker, angker.)",Sad
7797,dia puluhan kali ngepost itu twit,Sad
7798,ra gw nangis lg 10. pas ada orang lansia di sekitar namra gw baper lagi pake cincin namra yg udh dimatikan,Sad
7799,"lowkey, ga usah bikin kontroversi kayaknya.",Sad
7800,"ut jd srikaya, sekarang bgtu deket2nya udah srikaya.. huhuhu Sad",Sad
7801,adi aku lebih memilih untuk pindah ke tempat yg lebih baik lagi kan,Sad
7802,"kecewa, sedih, tangis, sesal, kusut, murung, muram, lesuh, sunyi, sepi, kelam, duka, kemalangan, derita, melankolis, kalah, penolakan, ditolak, simpati, kasihan, abai, kesendirian, dipermalukan.)",Sad
7803,"Emosi: surprise (Kaget, terkejut, terpukau, pamer, senang, selalu ingat, terheran-heran, tidak percaya, tak terbayangkan, terkejut, menyenangkan, ketidakpercayaan, ketertinggalan, terlambat, keterlaluan, kekesalan, salah sangka, pengecutan, kelalaian, ketidaksengajaan, terhentak-hentak, berputus asa, hilang harapan, kecundang, terkejut",Sad
7804,"akhir, dan juga pasti berubah.",Sad
7805,rumah aja biar ngobatin diri sendiri.,Sad
7806,"full, tapi terkadang gw menganggap diriku harus terus bekerja keras untuk menyelamatkan apa-apa yang kita miliki, padahal aku nggak butuh itu semua.",Sad
7807,"pasti akan ada. yang namanya punya anak ga semua orang tau harusnya buat apa? apalagi buat wanita. ini bukan perkara yang mudah, banyak konsekuensinya. jadi mesti atau ga mesti itu tergantung diri kita sendiri.",Sad
7808,ada yang mencuri ponsel saya.,Sad
7809,"rumah sendiri doang aja. trus ada gejala lain juga yaitu gw ga bisa jalan seperti biasa, gimana caranya ngebuat gw bisa jalan kembali ??",Sad
7810,"Sadness (Terdampak, penderitaan, disesalkan, marah pada diri sendiri, merasa gagal, putus asa, resah, prihatin, depresi, kebingungan, kesusahan, keterlambatan, sakit hati, kematian, ketidakpuasan, ketakutan, kekhawatiran, kesedihan, cemas, frustasi, patah hati, dilema, rasa bersalah, trauma, stress, tekanan, ketidakseimbangan, kesenjangan, ket",Sad
7811,udah masuk rumah sakit jadi kita berhati-hati lah,Sad
7812,salah input kalo mau bales.,Sad
7813,wa waktu aku pikir mereka udah pilih ini kok begini ya padaku,Sad
7814,vrsi korea. tp pasnya sedih ya?? aku lagi coba cari jawabannya hihihi. #movieaddict #thailand #korea,Sad
7815,"Emosi: hope (Harapan, harapan, cita-cita, impian, mimpi, angan-angan, pengharapan, optimism, usaha, upaya, janji, rencana, ambisi, motivasi, kerinduan, iming-iming, mimpi buruk, angkara, nafsu, kagum, menghormati, bersemangat, berharap.)",Sad
7816,"ener2 yaa, kok bisa gitu?? hehehe )",Sad
7817,"udah pake banyak hal untuk membuktikan kalo gua baik. gua mau bertemu kalian lagi tapi ternyata kalian cuma butuh kaya gua aja bukan manusia yang baik. gua capek gua ngebutin kalian. gua udah mau bersabar. kalian gini gua tau kok, bukan karena gua ga sibuk, gua sibuk tapi kalian ingetin kalian kan yang lebih sibuk, tapi kalian engga pernah ingetin gua tentang apa-apa, gara-gara gua",Sad
7818,"ut aku gk bs bikin timernya, trnyta aku udh blom pake fotoku sejak 2 tahun lalu. aku lg sedih Sad",Sad
7819,sngt ku lihat ini sedih Sad,Sad
7820,ot pikiran ibu dan bapak saya,Sad
7821,"Emosi: surprise (Tertegun, heran, terkejut, terharu, resah, susah payah, sukar, kebingungan, tak habis pikir, sulit, tidak masuk akal, aneh, pelik, remuk, kecewa, sedih, marah, sakit hati, terpaksa, mengenaskan, mengambang, tergesa-gesa, tidak ada harapan.)",Sad
7822,ra di rumah gw sama orang tua mereka gw pun juga ikutan nangis,Sad
7823,"ada unsur positif loh, apa aku salah nonton serial itu? atau ini biasa sih?",Sad
7824,ga mau jadi apa lagi.,Sad
7825,"iapin ga ada lagi, jd nggak nyambung. itu lah yg bikin aku ketakutan.",Sad
7826,"fair sama komentar negatif2 seperti ini, pasti selalu ada yg komen nogo tapi kalau udah banyak yg bilang gitu, jadi aku ngga bisa menahan diriku untuk menyebarluaskan pesan yang ingin saya sampaikan",Sad
7827,"ra lagi nangis, aku langsung marah dia soale namra udah pake baju hitamnya gini.",Sad
7828,"ra tu aku paling seneng, nangis dan bahagia",Sad
7829,"Emosi: guilt (sakit hati, bersalah, rugi, merana, berduka, takut, bingung, resah, risau, susah, bersedih, ketakutan, sakit, penderitaan, perasaan malu, kesedihan, sengsara, tertekan, terluka, terpengaruh, patah hati, putus asa, penyesalan.)",Sad
7830,": Fear (takut, was-was, curiga, cemas, khawatir, ragu, tidak percaya, tidak yakin, tidak nyaman, tidak tenang, tidak rileks, tidak stabil, tidak percaya diri, insecure, gelisah, cemas, penuh ketidakpastian, stress, panik, paranoid, histeris, takut, takut salah, takut melakukan kesalahan, takut dikritik, takut mendapat hujatan, takut menjadi buronan, takut dihukum, takut dibully",Sad
7831,inya. karna hatimu ndak bisa di balas. kalo dah blm bs bikinmu bahagia. jadi ndak usah pake waktu dan tenaga untuk dia. kalau udah begitu kudu di tarik aja. jgn buat susahin dirimu sendiri karna ini masa lalu kamu. biarkanlah hal2 itu tinggal di masa lalu.,Sad
7832,h mikir gitu deh. mungkin ada yg kurang di gue..,Sad
7833,pikir kalo gue lbh baik dia akan menjadi baik tp sekarang ini gue cuma merinding dan takut.,Sad
7834,uda mulai mengerti apa itu hidup dan menjalani hidup ini,Sad
7835,"tau lg soalnya dia udh sering gak jadi ikutan gubrak2an. padahal dia selalu bilang kalo kita kan temenan hehe. ya udah lah, ingatlah kalo kita udah nggak lagi anak-anak gitu kan, wkwk",Sad
7836,inya hanya untuk nahan amarahmu.,Sad
7837,at ketika gw terpikat oleh sang narcissus,Sad
7838,"muram, lesuh, sunyi, sepi, kelam, duka, kemalangan, derita, melankolis, kalah, penolakan, ditolak, simpati, kasihan, abai, kesendirian, dipermalukan.), Anger (Marah, benci, emosi, jengkel, kesal, dendam, ngamuk, iritasi, terganggu, tidak suka, iri, dengki, siksa, jijik, gerutu, kepahitan, bentuk umpatan, kata kasar), disgust (",Sad
7839,inya. pilihlah orang yg bisa membuka dirimu dan membuatmu merasa nyaman.,Sad
7840,"ada juga, apakah mereka mau bikin virus juga biar kita semua sehat2 wkwkwkwk",Sad
7841,"l itu. pake air mata penuh aja, eh padahal aku kan nggak pinter menangis 😆😂",Sad
7842,"Emosi: Sadness (Duka, dipermainkan, sakit hati, tersinggung, marah, patah hati, tertipu, terlambat, terus terang, terus terang saja, tulus, terbuka, bebas, benar-benar, jujur, wajar, hakiki, kebenaran, keadilan, pantas, tepat)",Sad
7843,": surprise (Aneh, kaget, terkejut, heran, sial, tak percaya, pahit, keras, menyakitkan, kesedihan, kerinduan, kesepian, susah, kesialan, kesalahan, ketidakpuasan, kekecewaan, kelemahan, bencana, luar biasa.)",Sad
7844,ra tu gitu dech namra senyum pake wajahnya yaa aku senyum juga nyalinya 10. pas namra di luar trus anak2 lihat namra lagi nangis lagi terus mau masuk tuh namra bilang gila guw 11. pas namra nyampe rumah nangis lagi sampe gw dapet telpon dari mamah gw namra nangis lagi? gw jawab iya ma mamah gw bilang jgn nangis lagi namra,Sad
7845,"Emosi: frustration (kesalahan, kesel, marah, kesepian, kesibukan, frustrasi, terhambat, hampa, putus asa, keputaan, kehabisan ide, kelelahan, kelimpungan, kekecewaan, ketiduran, kesepian, ketidakpastian, tertekan, penyesalan, patah hati, penggunaan berlebihan, pemabuk, pergumulan, kesepian, takut, ragu, kaget, kejut, palsu, tekan",Sad
7846,wa bila ada yg curhat pada aku,Sad
7847,"hate (Benci, kecewa, dendam, iri hati, iri, marah, sakit hati, amarah, kemarahan, kesombongan, kesal, iritasi, jijik, dingin, kesepian, penderitaan, luka, terluka, tidak suka, pengen jahat)",Sad
7848,"wa, sedih, tangis, sesal, kusut, murung, muram, lesuh, sunyi, sepi, kelam, duka, kemalangan, derita, melankolis, kalah, penolakan, ditolak, simpati, kasihan, abai, kesendirian, dipermalukan.) + happy (Hahaha, harapan, senyum, rujuk, kemenangan, bertahan, bangkit, bebas, cerita, humor, ketawa, mabuk peluh, nyaman, aman, lega, unt",Sad
7849,"ah merasa pasrah, ga ada apa2 kan..",Sad
7850,tak ada orang baik di dunia ini.,Sad
7851,ah terlanjur. tapi mungkin ada yg ga tau apa yg aku rasain selama ini. biarlah semua berakhir seperti ini. terima kasih untukmu mbah. akhirnya terlambat juga jalan yg gatau salah gatau bener..,Sad
7852,udh gak ngelanjutin masa sekolah.,Sad
7853,ada gangguan sampai masuk rumah.,Sad
7854,jemput orang tua jemputan malam,Sad
7855,". eh ternyata bukan aku yang salah. dia yg salah, dia jahat. #selembutnyawarga",Sad
7856,"free, ya, mungkin juga gw seperti itu..",Sad
7857,": surprise (keheranan, heran, syok, takjub, terkejut, kaget, konyol, bingung, mengelirukan, mengejutkan, ejekan, ejek)",Sad
7858,lg. padahal klub ini seharusnya bukan drgm.,Sad
7859,ah ga tau. ya gitu aja.,Sad
7860,inya. smpe di kecewain. jadi apaan dech?? aku blm tau.. aku blm tau apa dia karna aku blm pernah lihat dia. tapi aku blm tau..,Sad
7861,"irnya, apa kita itu udah berangkat dari rumah atau belum??",Sad
7862,"sorry (Mengaku salah, mohon maaf, menyesal, minta ampun, minta maaf, menyembah, menyerahkan diri pada Tuhan.)",Sad
7863,"Emosi: surprise (Kaget, heran, aneh, luar biasa, tak terduga, pelik, tak masuk akal, mengejutkan, mengejutkan, unik, baru, mengharukan, tak terbayangkan, indah, penuh harapan, menakjubkan, membingungkan, mengundang perhatian, terkesima, mengejutkan, merinding, terkejut, ketakutan.)",Sad
7864,vidio dan gambar exo tp aku gak tertarik padahal keren sekali pas lihatnya lagi2 gitu dia kena hujan karna bikin kacamata nya pecah dan gue tau ini kesempatan buat gue minta dia beli album exo yg dijual di toko buku gue bilang itu mahal dia bilang iya tapi gue bilang ya silahkan kok gue beli dia bilang oke pas hari libur kita main bareng ke mall dia bilang mau cari yang bagus soalnya dia mau dap,Sad
7865,"i,,, jgn lupa, hatimu akan dpt diketemui lagi didepannya,, mungkin butuh waktu, tp selalu ingat engkau akan datang lg didepan mata..",Sad
7866,"Emosi: sympathy (Simpati, prihatin, kasihan, dukacita, merelakan, patah hati, sedih, empati, merinding, duka, dirundung duka, bersimpati, berduka cita, mendukung, terharu, terpukau, tersentuh, terkesima, terkiswi, tersedu-sedu, terenyuh, bersedih, berduka.)",Sad
7867,ut kalo aku ga bs bikin anak drmn yaaku ini sdh 2x trlalu bln.. sedih smpnya. . .Sedih,Sad
7868,"ur aku pengen bilang apa boleh buat bilang, aku pengen bilang yaa, gimana sih rasanya, trus aku pengen bilang, ini benar2 nyeremin, aku pengen bilang, ini pasti ada solusi buatnya, tapi aku gak bisa, bukannya aku gak tau apa-apa, tp aku hanya bisa diam, sambil ngesot² pake emoticon bingung, mungkin kamu juga begini kan, aku ingat lagi ketika gw mau ngeupload video, gw ngebayangin gimana re",Sad
7869,sopan apalagi ngelaburin komentar2 gitu.,Sad
7870,"to urself. jangan di share ke org yg engga penting. karena itu yg bikin toxic, ya?",Sad
7871,adi kurang bijaksana buat liburan ke bali.,Sad
7872,indukan masa kecil lagi ketika saya dapat bekal uang tunai dari ibuku. aku yakin mereka pasti senang.,Sad
7873,"yi, sepi, kelam, duka, kemalangan, derita, melankolis, kalah, penolakan, ditolak, simpati, kasihan, abai, kesendirian, dipermalukan.) +",Sad
7874,"aper). yaa kan, padahal ga tau dia kenapa mau jauh jauh gitu. ada apa ya, aku paling ngerti, di mana dia sekarang ya. hehehehe",Sad
7875,"inya, coz dia lebih pintar dr kita semua. i Love u cowok, you will always be in my heart.",Sad
7876,juga muncul lagi padahal katanya semua sudah dihabisi,Sad
7877,"Emosi: surprise (Kaget, tak terduga, terkejut, terheran-heran, heran, bertepuk tangan, terharu, terkesima, luar biasa, sensasi, ekstatis, mempesona, syok, gempar, pusing, tersentak, tiba-tiba, khusus, istimewa, unik, khas, langka, beda, antara lain)",Sad
7878,inya sambil nyari yg lain.,Sad
7879,ihkan sih .. Tapi selalu ada pelajaran moral yang dapat kita ambil setiap harinya,Sad
7880,inya dlu. jgn lupa dirimu sendiri.,Sad
7881,"Sad (Kecewa, sedih, tangis, sesal, kusut, murung, muram, lesuh, sunyi, sepi, kelam, duka, kemalangan, derita, melankolis, kalah, penolakan, ditolak, simpati, kasihan, abai, kesendirian, dipermalukan.)",Sad
7882,"di ig, jd gw punya rasa bersalah, jadi inget lg pake kacamata hitam, padahal kita cuma sapaan, gak ada apa2 sm sekali pun",Sad
7883,kan ada sedih dalam hati ku.. Sedih,Sad
7884,": Sadness (putus, cemburu, sedih, resah, hancur, hilang harapan, bersedih hati, sakit hati, kesedihan, kekecewaan, kekesalan, ketidakpuasan, kekecewaan, kekecewaan, kebingungan, kehilangan, kekecewaan, pengkhianatan, kekecewaan, kesepian, marah, benci, tak percaya diri, dengki, iri, duka, luka, trauma.)",Sad
7885,ra lalu namra memeluk salah satunya sampai merintih. sampe habis air mata gw teriak aku haruuh. #kisahnyamrakaukuranenamrak,Sad
7886,"al, kusut, murung, muram, lesuh, sunyi, sepi, kelam, duka, kemalangan, derita, melankolis, kalah, penolakan, ditolak, simpati, kasihan, abai, kesendirian, dipermalukan.) dan Love (cinta, kasih sayang, rasa suka, atau rasa peduli)",Sad
7887,ra tuh kaya orang tua banget ngedoain sambil ngeloyong onjonya pas dijemput tuh gw paling tersanjung,Sad
7888,"sorry (Tidak bersalah, marah pada diri sendiri, sedih, malu, menyesal, merasa salah, merasa rugi, minta maaf, memohon pengampunan, menyedihkan, kesal, takut, rendah hati, menyesali, malu hati, bersedih, menyindir, hina, terlalu pemarah, tersinggung, merasa bodoh, tidak beruntung, percaya diri rendah, terlalu pengecut, terlalu sibuk, terlalu lugu,",Sad
7889,"Emosi: Fear (Takut, ragu, kaget, kejut, palsu, tekanan, histeris, teror, panik, cemas, ngeri, cacat, meleset, gugup, tegang, khawatir, malu, gelisah, inkonsistensi.)",Sad
7890,"sudah mulai aktivitasnya, ya terorisme kan harus di antisipasi sebelum terjadi.",Sad
7891,ra gw sampe puyeng bgt,Sad
7892,di dunia nyata mereka sudah tidak bersatu lagi.,Sad
7893,"sangsi kalau ada teman yang akan ditinggal, tapi sekarang... Sad! Sad",Sad
7894,udah sama-sama jadi orang dewasa.,Sad
7895,"indukan waktu yg dimana aku masih sekolah, dimana ada orang tua yg ngurusin segala urusan saya. apa dia orang yang akan membiarkan saya terpuruk di situ-situ ini?",Sad
7896,w nangis. oke deh. byeeeee.,Sad
7897,": surprise (Terkaget, heran, terkejut, terkantuk, terkejub, terkagum, terpaku, terhanyut, terpana, tersentak, tiba-tiba, terpepet, tiba-tiba, terperanjat, terloncat, tersedot, terkesima, terhanyut, terheran-heran, terkejut, terkagum-kagum, terlampau.)",Sad
7898,"Emosi: Sadness (sedih, kesedihan, putus asa, prihatin, menyebalkan, malu, terlanjur, penyesalan, bersyukur, pahala, keputusasaan, luka hati, merana, kesakitan, rindu, kangen, ketenangan, tenang, damai, kebahagiaan, bersyukur, pahala, keberuntungan, nasib baik, harapan, berkah, beruntung, berkesempatan, berpeluang, mendapatkan pel",Sad
7899,ra trus dia ngomel2 aneh gw berasa bingung karena ya namranya yang di omelin apa dia yang bingung itu gimana,Sad
7900,"ut ngedoang, sekarang takut nyari baju gowesnya.. sedih",Sad
7901,"Emosi: surprise (Aneh, heran, pusing, tak percaya, tidak mengerti, susah dipercaya, menghadapi situasi yang sulit, mengejutkan, kaget, tidak tahu cara bereaksi, terkejut, terheran-heran, gusar, kacau, tak beraturan, menggelikan, mengerikan, tak tertebus, tidak masuk akal.)",Sad
7902,at pada kehidupan kita di masa lalu,Sad
7903,"inkan sendiri, kenapa aku engga boleh begini? kenapa aku harus begini?",Sad
7904,", padahal orangnya juga baik.",Sad
7905,sakit hati. oh iya w juga pake jajanan smp w balik kantor lagi.,Sad
7906,exo ini mantab tp gak bisa sampeyan jd aku gak punya rencana untuk suka sama exo,Sad
7907,. pasti dia merinding yaa,Sad
7908,free juga kayaknya gw udah terlalu sering melakukan apa saja karena gw ga mau kalo aku jadi orang yang paling sulit dicari,Sad
7909,"Emosi: anxiety (Kurang percaya diri, cemas, takut, takut sendiri, tidak percaya pada diri sendiri, cedera, malu, tidak berdaya, hancur, patah hati, takut tertinggal, tersingkir, bimbang, merasa takut, ketakutan)",Sad
7910,maka harus siap menyongsong segala resiko yang akan datang. tapi ada hal lain juga yang harus diingat yaitu sebelum menyebut Wajib ada larangan (Wajib harusnya bukan larangan). maka tidak selalu ada hubungan antara wajib sama larangan.,Sad
7911,"Emosi: surprise (Kaget, heran, tak sanggup, ngaceng, pingsan, syok, terkejut, bingung, geli, salah, mengejutkan, unik, ajaib, aneh, aneh-aneh, kocak, pelik, terlalu banyak untuk dikendalikan, terlalu banyak untuk diambil, terlalu banyak untuk dinikmati.)",Sad
7912,"terus merasa diri gue bs diabaikan. klo udh gitu, gimana yah?",Sad
7913,ada hal-hal aneh menyebabkan ketakutan.,Sad
7914,": angry (marah, emosi, kesal, benci, dendam, iritasi, jengkel, terganggu, iri hati, dengki, gerutu, kepahitan, umpatan, kata kasar.)",Sad
7915,adi kita ini cuma merugi lg. t4 blm bsa memperkenalkan diri,Sad
7916,", aku harusnya lebih kuat drpd itu",Sad
7917,irnya udah sampe di sekolah gitu padahal udah ada orangtua juga?,Sad
7918,"sm dia. tp gue ingetin sm diri sendiri. apa yg gue punya sekarang tuh kalo lo pindah sekolah lg jgn pernah nyari gue lagi sm minta maaf atas segala yg lo lakukan. karna gue udh hapus sm seluruh kenangan lo. dan gue ga ingin balik ke masa lalu. aku pengen maju. apapun keputusan lo sekarang, gue tetep akan terima. gue ga ngaku sm hati sm lo lagi. karna gue udh ga",Sad
7919,"Emosi: frustration (Marah-marah, marah, sedih, frustrasi, bosan, putus asa, kecewa, frustasi, kerepotan, pusing, lelah, capek, kesedihan, resah, stress, pengkhianatan, ketidakpuasan, kekecewaan, kesal, kesepian, tak berarti, kehilangan, kebosanan, keputusasaan, kesesatan, kesimpulan salah, keragu-raguan, rasa sakit hati, pengharapan yang tidak terkab",Sad
7920,", meskipun hasilnya gak jelas.",Sad
7921,ra yang udah pingsan di tikungan namratiket #NAMRA1stAnniversary,Sad
7922,h mampu toleransi. soalnya aku memang orang yang gak boleh disesali apapun yang ada di depan mata,Sad
7923,to myself dan aku lebih suka mengobrol dengan diriku sendiri drpd keluar ke dunia luar. karena kan dia ini siapa?,Sad
7924,gimana? padahal pas nikah kita udah tau pasti bakal punya anak?,Sad
7925,": hurt (Rasa sakit, trauma, rasa duka, penyesalan, perjuangan, pengabdian, penderitaan, ketidakmampuan, kelemahan, putus asa, kesedihan, depresi, kesepian, rindu, kerinduan, kesunyian, lara, marah, dendam, amarah, amarah, sifat yang keras, keSadaran tentang masa depan, kesepian, kesepian.)",Sad
7926,"versi korea. pas awal film itu gw udah kepo sama orang-orang yg merasa si bongkyo jadi tokoh utama krn ga bs dihapalkan apa2 kejahatannya, padahal dia tuh cuma korban dari perbuatan sang ayahnya yg selalu berselingkuh. tp ketika film usai gw jadi baper deh sama endingnya 😭😍💕",Sad
7927,ada ancaman terhadap hidup ini.,Sad
7928,ke dia. jd jangan pernah bilang gue luar biasa kan?,Sad
7929,"nyebar, padahal dia ga ada niatan2 jahat kok",Sad
7930,ot uang di dompet sampai hari ini.,Sad
7931,". sampai akhirnya gue pun lulus. padahal lo udh lulus tahun 2017. ya ampun, wkwkwk",Sad
7932,": Sadness (sedih, dukacita, kesedihan, perih, air mata, ketika kembali ingatan menyapa hati dengan kenangan indah, ketika pergi ingatan menyapa hati dengan kerinduan yang mendalam, ketika sakit ingatan menyapa hati dengan ketidakmampuan untuk mencintai, ketika bersyukur ingatan menyapa hati dengan keSadaran bahwa hidup masih berwarna-warni)",Sad
7933,": surprise (Kaget, heran, menyadari, membutakan mata, kelelahan, lemah, jemu, bosan, lelah, letih, kenyang, terkejut, terkejutkan, tersinggung, merinding, gemas, senyum, ketidakpercayaan, kesalahan, tak percaya.)",Sad
7934,"ir2 lagi, kok nyoba2 gitu ternyata ga nyambung, gimana kalo udah sampai sekolah aja di-nyampain sama ibunya????",Sad
7935,ama gue dia suka exo tp aku cuma senyaman gitu ga suka bgt exo tapi dgn waktu dia mulai suka exo aku jadi pinter deh pas dia suka jadi makin suka trus sampe 2021 aku udh suka jadi gak nyadar sama dia lagi mau bikin apa,Sad
7936,ada gangguan. saya senang sekali!,Sad
7937,"Sadness (Duka, susah, kecewa, pahit, sakit hati, marah, kesal, putus asa, takut, kurang percaya diri, penyesalan, lemah)",Sad
7938,ah lho. btw ini cuma 1 persen dari sekian banyaknya,Sad
7939,", maaf yaa jika kurang sopan😢",Sad
7940,"juga ada pas kita sibuk, kalo gini gimana nantinya ya?",Sad
7941,"Emosi: surprise (Kaget, heran, tak sangka, ajaib, membingungkan, unik, aneh, luar biasa, tak terpikirkan, sisa harapan, pengharapan, anggota keluarga, keturunan, anak-anak, anak kecil, buah hati, cucu, penerus, generasi selanjutnya.)",Sad
7942,"Emosi: disgust (Sedih, prihatin, merinding, takut, resah, risih, jijik, enggan, bingung, aneh, kebingungan, heran, terkejut, terharu, pahit, membosankan, lemah, tak berdaya, terlindungi, terpelihara, terlindungi, terpilih, terbela, tertipu, tertipu, tersesat, tertipu, tertipu, terbakar, terbakar, terbakar, terbak",Sad
7943,"worry (Cemas, takut, was-was, ketakutan, khawatir, tidak percaya diri, lemah, tidak yakin, terbeban, putus asa, kebingungan, merindukan, penuh keraguan.)",Sad
7944,udah paham kalo kalian ga suka. gua tinggal biarin.,Sad
7945,"saling tau semua. kayaknya harus klo liat dech moga2 bisa lebih baik, ga usah jadi orang pendekar gitu. semoga ya Allah, amin",Sad
7946,"Emosi: confusion (Kabur, bingung, salah, salah sangka, salah pilih, salah langkah, gagal, hilang, rusak, celaka, disorganisasikan, cacat, putus asa, pusing, lupa, susah, tidak bisa, dilema, ambivalensi, kebingungan.)",Sad
7947,"Emosi: Sadness (kecewa, marah, emosi, sedih, terharu, terusik, nangis, kesedihan, dukacita, disyairi, simpati, penuh harapan, nasib buruk, tragedi, drama, depresi, sakit hati, air mata, tak senang, keinginan, hasrat, luka, ketidakpuasan, keserakahan.)",Sad
7948,suda lama di dunia ini.,Sad
7949,inside. don't show it like that.,Sad
7950,", ya lumayan lah ya",Sad
7951,"i ku,,, takkan pernah lupa smgnya kubisa mendoakan engkau,,,",Sad
7952,"Emosi: negative (Ragu-ragu, skeptis, curiga, resah, terpuruk, putus asa, merana, lemah, patah hati, galau, depresi, frustasi, marah, was-was, galau, khayalan, trauma, gangguan, takut, sakit, cedera, luka, menderita, terdesak, stres, penyesalan, terpengaruh, berubah, sulit, susah, berat, membosankan, tidak enak, tidak suka, tidak",Sad
7953,irin itu semua kok jadi penasarannya pake 2 jam deh sampai dapet jawabannya,Sad
7954,nyobain kuliah di univeritas sama2 :D,Sad
7955,"krn temen2 sdh ganti sekolah dan tinggal di deket rumah, cuma aku belum pindah",Sad
7956,": Fear (Takut, ragu, kaget, kejut, palsu, tekanan, histeris, teror, panik, cemas, ngeri, cacat, meleset, gugup, tegang, khawatir, malu, gelisah, inkonsistensi.) + Love (Cinta, kasih sayang, rasa suka, atau rasa peduli)",Sad
7957,ga pindah karena takut harus mulai lagi dari awal. tp entah kenapa aku juga ga kuat lg.,Sad
7958,. saat aku harus berusaha untuk menjauhi diriku sendiri. padahal itu adalah diriku sendiri.,Sad
7959,"merasa ini salah drpd gue, padahal gue cuma sambil menyelamatkan diri aja",Sad
7960,"Emosi: surprise (Kaget, heran, terkejut, bingung, terpesona, tak terduga, tiba-tiba, mengherankan, tidak sengaja, mendadak, merasa salah paham.)",Sad
7961,": nostalgia (Mendalam, batin, emosi, perasaan, pikiran, merenungi, memandangi, ingat-ingat, kenangan, nostalgia, menyedihkan, terharu, haru, kelelahan, trauma, mimpi buruk, perjalanan, pengalaman, rindu, hilang, terlupa, kenyataan, ketentuan, takdir.)",Sad
7962,ra dia ngerti banget ternyata semua anak2 bilang namra baik banget kayaknya kaya cewek kaya gw,Sad
7963,"orang tuaku nyuruh belanja dulu sebelum pulang kerumah mereka,sampai akhirnya balasan itu dateng,lha waktunya udah lumayan lama sekali,tapi aku yakin dia ingat betul,beneran ingat,dan aku juga ngerti kenapa dia bilang begitu",Sad
7964,"wa, sedih, tangis, sesal, kusut, murung, muram, lesuh, sunyi, sepi, kelam, duka, kemalangan, derita, melankolis, kalah, penolakan, ditolak, simpati, kasihan, abai, kesendirian, dipermalukan.) + funny (Tertawa, senyum, riang, ceria, bergurau, humor, lucu, jenaka, heboh, kocak, aneh, unik, absurd, gila, geli, ngelantur",Sad
7965,isa bayar cicilan motor). #bucin,Sad
7966,lalu niatnya demi anak maka mesti lah..,Sad
7967,sama video lagunya exo yaa gue gak tau gak gue salah ga sinih bener gue ga bener ga sih sama sekali gue ingetin gue gue harus suka eksoganteng2an jadi gue pake cara sederhana yaitu gue mulai deh suka exo dan gue ikutin lompatannya dan akhirnya gue nyobain eksodari kalo lihat ini gue udah suka mereka sejak tahun 2019 tapi gue pasif kan jdi cuma tau gue,Sad
7968,"Neutral (Biasa, normal, santai, pesan, kabar, berita, pertanyaan)",Sad
7969,"yi, sepi, kelam, duka, kemalangan, derita, melankolis, kalah, penolakan, ditolak, simpati, kasihan, abai, kesendirian, dipermalukan.) + happy (Senang, bahagia, puas, membara, tawa, semangat, gembira, ceria, riang, cerah, enak, makmur, terberkati, euforia, bangga, optimis.)",Sad
7970,ah lebih suka daripada gue sendiri.,Sad
7971,"yi, sepi, kelam, duka, kemalangan, derita, melankolis, kalah, penolakan, ditolak, simpati, kasihan, abai, kesendirian, dipermalukan.) / happy (senang, bahagia, puas, membara, tawa, semangat, gembira, ceria, riang, cerah, enak, makmur, terberkati, euforia, bangga, optimis.)",Sad
7972,"Emosi: surprise (Kaget, terkejut, tak percaya, terperanjat, heran, menggemparkan, mengejutkan, terkesima, terpukau, terharu, terpesona, syok, kagetnya, terkejutnya, tak percayanya, herannya, mengejutkan, terkesimanya, terpukau, terharunya, terpesonanya)",Sad
7973,", pasti berbeda dengan orang yang menikah karena sudah punya anak.",Sad
7974,ah lebih suka daripada kau sendiri 😅,Sad
7975,ang hidungnya pake sepatu. sumpah kalau ini hanyalah pengalaman. tak akan kembali lagi,Sad
7976,h bilang ga nyaman dgn perlakuan seperti itu. trus gitu di tolak pula. udh minta maaf tapi dia blm mau ngerti. gue sendiri udh mau berubah. gue juga mau mencoba kerasnya untuk mengerti.,Sad
7977,ah tau jadi gak usah mikirin deh #janganpantenginrumahkepempek,Sad
7978,"malem. w ga nyangka, diusir.",Sad
7979,", yaa kaya gitu, udah lupa kalo di awal tahun sekolah sih ada pengumuman dari guru2 tentang acara2 yang bakal dilaksanakan dan acaknya itu salah satunya, tp cuma siapa tau gue nggak ikut ya?",Sad
7980,wa kalau aku pilih kan kan gitu ya,Sad
7981,"Emosi: Sadness (sedih, kecewa, duka, patah hati, marah, tersingkirkan, putus asa, lemah semangat, putus sekolah, dikecewakan, sakit hati, merana, tertindas, tidak dilibatkan, depresi, tidak disenangi, diselisihi, dibuang, terlempar, kehilangan, kurangnya kerelaan, kurangnya dukungan, keputusasaan, penyesalan, kesepian, keterasingan, kekosongan,",Sad
7982,"di ig, klo gak salah gw pikiran gw ga tau apa yang harus gw lakukan sekarang",Sad
7983,"ah kelewat suka, so what?",Sad
7984,. harusnya jgn ada lagi apa2 hal seperti ini.,Sad
7985,u dia bisa ngebantu. kan paling enaknya cerita langsung ke pasangan. soalnya kita harusnya ga boleh ngira-ngira apa ada hubungan yang lebih dalam daripada kita.,Sad
7986,"akhir, apa lagi kita udah tua. :(",Sad
7987,ir apa itu arti nyambung?,Sad
7988,"Emosi: disgust (Kecurangan, kekecewaan, penyesalan, kemarahan, ketidakpuasan, tidak senang, merasa tersesat, salah arah, ketidakcocokan, malu, malu-malu, malu takut, takut malu, malu hati, malu sendiri, malu kalah, marah sendiri, penyesalan diri, malu karena kalah, tidak cocok, kurang enak, menyesal, terganggu, terlalu banyak, tidak enak, sakit",Sad
7989,u temennya mau ikutan bantuin,Sad
7990,"(kecewa, sedih, tangis, sesal, kusut, murung, muram, lesuh, sunyi, sepi, kelam, duka, kemalangan, derita, melankolis, kalah, penolakan, ditolak, simpati, kasihan, abai, kesendirian, dipermalukan.)",Sad
7991,"at aku masa lalu saat kehilangan yang terkasih (mencintaimu), selalu terpaku pada hal-hal buruk yg sudah lewat waktu. saya ingin memperbaiki diri, mengubah mindset, membuat masa depan lebih baik dibanding masa lalu. tolong untukmu semua yang membaca ini, jaga pikiranmu sendiri jangan mudah terpengaruh oleh segala macam informasi di internet.",Sad
7992,u itu akan ada padanan solusi baginya. jadi ya intinya lebih baik bicara langsung deh,Sad
7993,asa lebih baik sekolah saja,Sad
7994,": Sadness (Kesedihan, penyesalan, duka, prihatin, sengsara, penyakit jiwa, kekecewaan, penderitaan, luka hati, masalah, ketidakbahagiaan, keluhan, masalah hidup, konflik, depresi, trauma, sindrom post-traumatic stress disorder.)",Sad
7995,ita yg nyerah dgn hidupnya.,Sad
7996,. jgn pnding lgi sama hal2 yg menyedihkan. jgn pnding lgi pada lemah dan putus asa. kita harus bangkit lagi.. karna masa depan itu milik kita..,Sad
7997,syuting di thailand. ohm pawat sangat bagus sebagai actor. dia punya aura yang menyenangkan ketika bermain dan aku merasakan emosinya padahal hanya sekadar nonton film. sementara pria lainnya juga baik-baik. tapi aku lebih tertarik sama ohm pawat. wkwkwk,Sad
7998,"Emosi: sorrow (Sedih, hati tak senang, merana, bersedih, berdukacita, berduka, bersedih hati, tak berselera, susah, sulit, beban, sengsara, kesedihan, kesepian, kesunyian, ketidaksenangan, ketidakpuasan, kekecewaan, keterpaksaan, kesakitan, kedukaan, kehilangan, kerinduan, penderitaan, patah hati, putus asa, terluka,",Sad
7999,"iapin sambungannya pun lupa. apalagi kalau harus maju di depan orang, yaaaah, ngga bisa.",Sad
8000,"Emosi: Sad (kecewa, sedih, tangis, sesal, kusut, murung, muram, lesuh, sunyi, sepi, kelam, duka, kemalangan, derita, melankolis, kalah, penolakan, ditolak, simpati, kasihan, abai, kesendirian, dipermalukan.)",Sad
8001,"wa, sedih, tangis, sesal, kusut, murung, muram, lesuh, sunyi, sepi, kelam, duka, kemalangan, derita, melankolis, kalah, penolakan, ditolak, simpati, kasihan, abai, kesendirian, dipermalukan.) happy (Sedih, bahagia, puas, membara, tawa, semangat, gembira, ceria, riang, cerah, enak, makmur, terberkati, euforia, bangga,",Sad
8002,"dia jualin di fb,aku dah lama ga bales,itu yang bikin aku nyadar ternyata aku udah lupa banget,hari ini juga lagi begini,jadi kalau lihat status temen kalo bales itu ya udah pasti aku kan,tapi aku gak sempet bales ya udah 3hari aku belum ngecek statusnya,jadi aku mau minta maaf klo temen-temenku ya gak dimakasin balasan,karna aku gak ingat,nah jadi aku mulai berswadaya buat ngel",Sad
8003,manusia yg hanya berkedudukan sebagai ayam pejantan.,Sad
8004,"ada artinya, bukan karena fotonya tp karena komennya yang paling banyak berasa omong kosong dan menyakitkan",Sad
8005,", ya udh kok mulai gitu juga, mendingan ngakuin diri sendiri aja.",Sad
8006,"kebahagiaan. ga pake akal sih. begitu mulus klo lagi bertemu, lalu kenapa harus berpisah. apakah itu gara-gara kita sendiri? apakah karena ada hal-hal yang gue kurang kuasai? apakah karena aku terlalu butuh mereka?",Sad
8007,"Emosi: Neutral (Biasa, normal, santai, pesan, kabar, berita, pertanyaan)",Sad
8008,at sama sang penggoda itu.. tp gw ga mau menyerah dgn dia..,Sad
8009,"ur gw mikir, kalo gw punya 5 tahun waktu lagi, gw bakal main lagi wkwkwk",Sad
8010,to myself yaa. kan siapa yang ingin dikira lemah??,Sad
8011,"akhirin semua, so be positive. #segi5",Sad
8012,"nangis. klo kau ikut nangis, ikut sedih. klo ga, ga bakalan ikut sedih. tapi ga masalah. kalo kau ikut senyum, aku juga ikutan senyum. ga masalah apa-apa kan? #irvansyah",Sad
8013,"nya paling ketika lagi ada orang2 di sblmnya yang udh mulai punya pekerjaan, kaya gini yah, gimana caranya biar kita ga merasa ketinggalan?",Sad
8014,laki2. apa yg harus saya ucapkan?,Sad
8015,": happy (Gembira, senang, bahagia, puas, membara, tawa, semangat, ceria, riang, cerah, enak, makmur, terberkati, euforia, bangga, optimis.)",Sad
8016,"irnya apa adanya udah salim ke mama, tp ternyata bukan salimnya dgn kata2 salam biasa, tapi lebih dari itu yaitu salimnya dengan ciuman.. *wow* ga ada habisnya tau deh..hehe",Sad
8017,"gitu kok, pake cara2 apa pun gue harus nyerah buat cintain gue. soalny, kalau gue jadi baik sm lo, lo akan menyakitiku, karena gue tau lo ga tau cinta, ga tau kangen, ga tau sayang, semua yang gue miliki, gue ingin bagi lo, lo harus merusak smua itu, jadi, gue harus menjaga lo, supaya lo tetep tidak tau, supaya gue bisa mencintain lo lebih dekat lagi.",Sad
8018,"i yg ver korea. cuma pas di awal aku ga suka dr dia yg kayaknya terlalu pemarah, tp ternyata dia cuma sedih yaaa 😂😂😂",Sad
8019,. padahal jadiin sm dia hanya untuk melupakan sm lo.,Sad
8020,"u mereka ngerti, biasanya aja nyuruh benerin diri sendiri.",Sad
8021,"iapin jadi hilang, lgsong pakek pinter2 aja.",Sad
8022,"at mama sy yg selalu bilang kepada gw hati hati ya anak, banyak sekali manusia yg meracuni hatimu",Sad
8023,": regret (Penyesalan, penyesalan hidup, kekecewaan, merana, menyesali diri sendiri, merasa rugi, membanding-bandingkan, kesepian, kerinduan, merasa tak punya apa-apa, tidak disenangi, ditolak, disingkirkan.)",Sad
8024,wa karna orang lain pilih,Sad
8025,rumah 3 hari nggak tau kalo gw harus mandi.,Sad
8026,"lagi ngadain aksinya, kalo teroris itu ya terus dong aksi2nya biar lebih maksimal..",Sad
8027,"asa kalau aku anak yang lemah, aku anak yang ngga punya apa-apa, tak ada yang bisa dibelikan untuknya.",Sad
8028,asa bahwa aku tak akan pernah cukup.,Sad
8029,trus gue pke exo jadi temen karna aku pengen banget punya temen yang suka exo tapi ternyata gk cocok sama gw wkwkwk pasti gini2 juga terjadi pada temen temen kita yang sekarang ini juga suka exo jgn merasa sedih kalau kamu ga ada temen yang suka exo karena pastinya kamu juga ndak semua orang akan terpesona sama exo begitu seperti saya yang udah 5 tahun ga ada temen suka exo pastikan kamu tetep menjalin hubungan baik,Sad
8030,"Emosi: shock (Kaget, terkejut, lupa, terlelap, terpukau, patah hati, guncang, merinding, resesi, mengkhayalkan, bermimpi, bermusuh, bercermin, terkesima, ketidakSadaran, hilang ingatan, hipnotis, terlena, pusing, gagal, gagal basah, putus asa, putus harapan, marah, kesal, kecewa, sakit hati, sakit badan, terpuruk",Sad
8031,", mungkin karena belum ada tujuan hidup yang jelas",Sad
8032,. apa karena aku gak baik?,Sad
8033,adi smpainya ini berasal dari pengusaha2 kuliner di bali yg udh banyak yg tutup usaha krn krismon yang ini. Tapi aku gak akan bilang untuk balik lagi ke bali sebab tempat yg saya tinggal itu di tengah kampung ada 9 rumah dan 1 dapur umum buat kita semua yg tinggal di situ.,Sad
8034,depan rumah w kebetulan nyari air. eh iya w dapet air minumnya gratis. hehehehe,Sad
8035,"cuma mau nyambungin chatingan di twitter, ga ada apa2 loh.",Sad
8036,iapin hilang sendiri jd klo nyampaiin udh stress. kayak di bawah air.,Sad
8037,"ada yg ngerti gw sedih nya karena nyari info tentang bw yg nyaris ga ada informasi soalnya dia sudah banyak menghilang dr komunitasnya, klo kita bilang jahat mungkin ya itu jahatnya, tp kalo kita ngomong jujur itu pasti jujurnyaaa",Sad
8038,": Sadness (kecewa, sedih, tangis, sesal, kusut, murung, muram, lesuh, sunyi, sepi, kelam, duka, kemalangan, derita, melankolis, kalah, penolakan, ditolak, simpati, kasihan, abai, kesendirian, dipermalukan)",Sad
8039,asa rugi karena aku harus mengejar karier untuk mencari uang untuk keluarga.,Sad
8040,"u mereka mau maafin kita, mereka justru mau bilang benerin diri sendiri. jadi pilihlah untuk berbicara dengan orang-orang yang lebih bisa mengerti tentang hubunganmu.",Sad
8041,kebahagiaannya? gue kan ga punya temen lagi. gue harus meninggalkan semua yang paling gue sayangi.,Sad
8042,diae buat curhat soale ngeselin,Sad
8043,": Fear (takut, khawatir, ragu, cemas, ngeri)",Sad
8044,": Sadness, disappointment (kesedihan, kekecewaan)",Sad
8045,wa di balik itu semua dia selalu ada di samping ku bersamaku sampai aku mati kan,Sad
8046,video2 exo padahal gue dah pinter ngintipin komennya tp setelah kena exo aja berasa bgt gue jadiin mereka idol smpai gue jadi naksir gara2 mereka juga berasa bgt gue jdi idol gitu apa gue smua orang gue jadi idol semua hehe gue ga yakin jika gue ga naksir mereka aja ga ada salah gk,Sad
8047,"orang itu kangen sama aku trus tau ada balasan yang udah dia terima,jadi sekarang gak usah lagi bales,belom ketemu langsung deket kok ya :v",Sad
8048,udah dapet pengalaman hidup yg banyak 😊😊,Sad
8049,in mind and move on.,Sad
8050,": Sadness (Putus, sedih, kecewa, marah, galau, pilu, lemah, menyesal, bersyukur, tersanjung, terkesan, membahagiakan, menawan hati, berterima kasih, beruntung, disukai, dipuji, digoda, menakutkan, mengancam, menyeramkan, seram, genting, ketakutan, takut, kekhawatiran, was-was, takut-takut, ketakutan, takut, kebingungan, bing",Sad
8051,"al, kusut, murung, muram, lesuh, sunyi, sepi, kelam, duka, kemalangan, derita, melankolis, kalah, penolakan, ditolak, simpati, kasihan, abai, kesendirian, dipermalukan.) + surprise (Kaget, tak terduga, heran, terkejut, kebingungan, aneh, unik, lucu, menggelikan, mengundang rasa ingin tahu, menyenangkan, penghargaan, sukses, hebat, luar",Sad
8052,gk pernah tau nyari cintanya apa?,Sad
8053,"iapin ga bs dibaca, lupa, jadi nervosss",Sad
8054,inya lg. karena itu akan sia sia. jd selalu tau jgn bgtu.,Sad
8055,to myself. bukan sampai menangis saking sedihnya. dia nangis karena dia mengharuskan dirinya harus menang. dia punya target tertentu.,Sad
8056,. saat aku harus menghadapi masalah² yg di hadapi diri sendiri.,Sad
8057,": sorrow (sedih, putus cinta, kesedihan, patah hati, kehilangan)",Sad
8058,", tp itu hanya sekali dlm hidup gue.",Sad
8059,irin itu pas awalnya udah pake surat izin pulang kerumah.. jadilah saya balik ke rumah :D,Sad
8060,"Sadness (Duka, lelah, depresi, penderitaan, kesedihan, menyesali, marah, putus asa, frustrasi, sedih, merana, sial, marah, kekesalan, susah, nyesel, duka, putus harapan, resesi, patah hati, malas, terlambat, takut, gentar, kecewa, tidak kuat, tidak berdaya, ketakutan, frustasi, luka, sakit, pahit, kehilangan, susah payah",Sad
8061,. itu yang bikin nangis. padahal udah 6 tahun sekolah jadiin ibu lagi kok terus mikir kayak gini.,Sad
8062,adi ga ada lagi yg mengurus bali ini.,Sad
8063,"lessness, ternyata gw hanya melakukan apa yang dilakukan orang lain juga, apakah semua orang di dunia ini juga carelessness?",Sad
8064,to myself and move on. buat apa harus nangis di depan umum?,Sad
8065,udah ngecewain diri gua sendiri.,Sad
8066,", kayaknya udh mulai ngeluarin mood aku..",Sad
8067,kebahagiaan yang selama ini sudah membuat gue tenang?,Sad
8068,. soalnya kan belum tentu mesti punya keturunan.,Sad
8069,adi banyak tuh t4 yg di cari tau' yg baik dan ramah krn uangnya udh habis,Sad
8070,"ngejreng juga, jadi kan terorisme itu walaupun di sebutkan sebagai ancaman internasional kita tinggal tunggu munculnya, masak orang indonesia harus bingung mau ke mana saat ada terorisme, lha wong udah ketemu korban covid, apalagi kalau korban covid-19 itu meninggal, itu kan harus dimaklumkan, kalo dulu orang meninggal karena terorisme, orang akan bersedih, tapi kalo karena virus corona sudah biasa, nah itulah ancaman virus cor",Sad
8071,udah ga berharap apa apa lagi.,Sad
8072,": Love (Cinta, kasih sayang, rasa suka, atau rasa peduli)",Sad
8073,u dia mau mau tau ato punya cara untuk berdamai.,Sad
8074,", klau bs jgn lupa dgn apa yg sudah dilakukan pemain, trs lg bgian lain2.",Sad
8075,"ihkan memang, karena kita harus membuat orang tua kita percaya dengan kita.",Sad
8076,"Emosi: Sadness (Sedih, duka, susah, penderitaan, kesakitan, kesepian, sendiri, kematian, hilang, putus, terbuang, luka, trauma, penyakit, kesusahan, kerinduan, sakit hati, depresi, stress, terpaksa, dilema, tragedi.)",Sad
8077,": hate (Kebencian, kejahatan, pembunuhan, pengkhianatan, penyerangan, penyiksaan, pencurian, vandalisme, pemerkosaan, perampokan, perzinaan, pemerasan, korupsi, ketidakadilan, penganiayaan, pelecehan, pemerintahan otoriter, eksekusi, intimidasi, diskriminasi, perdagangan manusia, pembohongan, kekerasan, perampasan, kekejaman, pengacara, pengadilan, h",Sad
8078,nangis. padahal aq udah nontonnya 2 kali.,Sad
8079,"udh nyampe sini, nyampe sana, ngomong apa aja gitu. eh ternyata kalian ga suka. mendingan gua lebih baik pindah aja.",Sad
8080,", bener2 sakit hati, apa ya yang harus gw lakukan ?!",Sad
8081,rumah aja ngeracun orang lain sampe puyeng pula.,Sad
8082,inya krn dia akan rugi.,Sad
8083,"ane sendiri ya,sampai aku curhat sama orangtuaku karena ngeyell ngeyell di dalem hati,ngrasa kayak orang yang tersakiti.",Sad
8084,adi trus turis' nya pun enggan datang ke bali lg. ehmmmm mba2-2 yg suka lepas kendali mnding aja yg paling ngirit biaya untuk bali.,Sad
8085,"wa sama orang2 yang aku anggap deket apa karena aku sendiri yang selalu salah? tapi kadang rasanya aku kan udah di anggap orang pasti ada yg lebih baik dariku itu kan lumrah ya? tapi kenapa kalo aku liat mereka punya yang lebih aku merasa sakit hati aku malah makin cemburu terus aku marah karna dia lebih baik dari aku? padahal dia juga manusia biasa dan manusia itu kan beda2 kok aku sendiri yang salah? entahlah, semua itu lah yang membuat aku jadi orang yang tak",Sad
8086,free aku juga ingin menjadi seperti itu,Sad
8087,adi banyak masalah lagi di bali,Sad
8088,di smpnya kita jd turis' mesti bersyukur kalau bisa liburan ke bali.,Sad
8089,"sorry (Maaf, permohonan maaf, minta maaf, keputus asaan, pengampunan, penerimaan, toleransi, syafaat, penyesalan, ketulusan, kerendahan hati, permintaan ampun, pernyataan bantuan, permohonan maaf)",Sad
8090,"ut sekali jadi orang tua, karena saya pikir orang tua itu sudah harus mandiri.. Sekarang saya takut lagi mendapat anak yang seperti saya. Anak yang lebih suka mandiri daripada berduaan dengan ayahnya.",Sad
8091,rumah aja. ga tau lg apa ke depan,Sad
8092,di ya udh mulai berasa dengeran lagu 'aku akan hidup untukmu' hihihi,Sad
8093,"to urself yaaa.. yg penting jgn nyerang orang kalo udah kalah, karena apa yg terjadi itu kan utk kita semua.",Sad
8094,nyangka ternyata bukan plastik w pikiran salah ya.,Sad
8095,juga ikutan masukin virus ke dalam tubuh orang-orang. padahal banyak cara buat bertahan dirumah kok ya ngelihat itu kalo ada kesempatan untuk mencari uang.,Sad
8096,"free walaupun gw merasa begitu, aku juga mencoba untuk menahan diri agar aku tetap seperti ini..",Sad
8097,udah nyaman ngejalanin hari-hari di rumah sendiri. ada orang yang ngeluh karena gua ga aktif jadi gue ga sempet lagi posting apa aku jalan kemana. oh iya gua nyoba bikin account youtube juga,Sad
8098,"u bisa di maafin. so, di cerita sana sini ke temen, ya sudahlah kan.",Sad
8099,"Emosi: surprise (Kaget, heran, terkejut, senyum, tersenyum, tertawa, ketawa, kebingungan, luar biasa, pahit, sakit, tak acuh, enggan, dingin, dingin hati, sinis, kurang suka, tidak suka, kesusahan, terluka, hancur, sakit hati, meradang, marah, putus asa, depresi, resesi, lemah, susah, kesedihan, prihatin, dukacita, hampa",Sad
8100,"Emosi: shock (Kaget, heran, terkejut, kenyataan, patah hati, trauma, patah semangat, trauma, depresi, kambuhan, keputusasaan, kesedihan, sakit hati, sakit, sakitnya.)",Sad
8101,"wa, sedih, tangis, sesal, kusut, murung, muram, lesuh, sunyi, sepi, kelam, duka, kemalangan, derita, melankolis, kalah, penolakan, ditolak, simpati, kasihan, abai, kesendirian, dipermalukan.) / happy (Senang, bahagia, puas, membara, tawa, semangat, gembira, ceria, riang, cerah, enak, makmur, terberkati, euforia, bangga,",Sad
8102,get liat orang tuanya begitu.,Sad
8103,u bisa di pahami oleh mereka dan akhirnya kita harus capek buat menjelaskan dan juga sering di bilang ini kan masalah kamu sendiri ya ga usah di ceritain ke orang lain.,Sad
8104,": Sadness (Sedih, kecewa, patah hati, sakit hati, kesusahan, penderitaan, ketidakpuasan, kesepian, depresi, marah, takut, frustasi, trauma, shock, stress, kekhawatiran, kebingungan, masalah, penyakit mental)",Sad
8105,pernah ada yg sebahagia ini.. sangat sedih.. Sad,Sad
8106,ada lagi pilihan selain percaya sama bowy.,Sad
8107,"nangis aja. eh iya, kalo gitu, yaa pake topless aja.",Sad
8108,"erannya, kayak kacau badai, setiap orang punya masalah tersendiri, biar ga ikutan sedih, yuk lihat sisi positifnya ya",Sad
8109,"Emosi: surprise (Tertawa, heran, terkejut, kaget, pusing, lemes, teringat, ingat, kenangan, nostalgia, kangen, senyuman, terharu, tersentuh, ramah, bersyukur, terkenang, terkesima, teringat, terkenang, terlalu, terlampau, terlalu, terlampau, terlalu, terlampau, terlalu, terlampau, terlalu, terlampau, terlalu, terlampau, terl",Sad
8110,iapin pake bahaya loh :(((,Sad
8111,"ra di pesta lebaran gw baper bgt karena gw tau mereka ngeliat namra di pesta lebaran gw, aku baper bgt wkwk",Sad
8112,"sudah belajar banyak hal. ayo temen, selamat ulang tahunn ya...moga semakin baik tiap hari.",Sad
8113,"alah, penolakan, ditolak, simpati, kasihan, abai, kesendirian, dipermalukan.) Love (Cinta, kasih sayang, rasa suka, atau rasa peduli) Neutral (biasa, normal, santai, pesan, kabar, berita, pertanyaan) Joy (senang, bahagia, puas, membara, tawa, semangat, gembira, ceria, riang, cerah, enak, makmur, terberkati, euforia, bangga, optimis.)",Sad
8114,"irnya kok jadi makin kesel. udah apa aja, pas mulai masuk sekolah lagi, ada orang yang bilang masalah yang paling besar itu adalah kecil gimana gitu, iya gitu deh.. tp aku yakin hal itulah yang menyebabkan manusia menjadi lebih bijaksana..",Sad
8115,asa seperti beban buat mereka.,Sad
8116,ur ini gw kangen dengan era2 paling sempurna,Sad
8117,akhir2. ini buat ingat semua pengeluaran kita. so stay healthy guys.,Sad
8118,"Emosi: shock (Kaget, terkejut, terperanjat, tak sanggup menghadapi, terkejut, lemah, tak percaya, bingung, sulit untuk dijalani, terpukul, patah hati, putus asa, trauma, kebingungan, ketakutan, keterkejutan, heran.)",Sad
8119,ngompol pake air bersih. apakah itulah akibat polusi?,Sad
8120,inya. soalnya itu pake nafsu doang.,Sad
8121,"post exo pastinya ga bs aku ingkarin karna gue sdh tahu mereka sangat hebat sekali, saya sangat senang tpi sy ingin mengutarakan hal ini untuk mendapatkan pengertian dr teman2 saya yg lainnya bahwa setiap orang memiliki cara sendiri dalam mencintai seseorang dan saya memilih untuk menyenangkan hati teman2 saya karena saya tahu mereka baik hati padaku sehingga saya akan mengakhiri postingan ini dengan ucapan terima kasih kepada semua teman2 yang telah membaca dan saya harap teman2 saya dapat menj",Sad
8122,"ahan kadang kalo ga bs masuk ke duniamu aku akan menyusul lo, tapi untuk itu harus di sampaikan langsung oleh teman dekat lo, krn aku tidak bisa masuk ke duniamu, so please, maafin aku jika salah memahami situasi yang ada, ini hanya ungkapan hati yg ingin dibalas. Gue doain kita saling bertemu di tempat yang sama &amp; di tempat lainnya.",Sad
8123,"frustration (Tidak berhasil, patah hati, kecewa, frustrasi, putus asa, marah, kesal, tak senang, putus harapan, kekesalan, frustasi, kesalahan, gagal, salah.)",Sad
8124,"bhn ojek, sblmnya kita org jago. klo ini kan gilaan. klub disini cuma bs buat liga 3. nyaris ga ada yang tersisa untuk Liga 1. trus ada yg bilang, apa ini bener klub muda. gimana kalo orang tua? kalo begitu, ini mesti dihentikan.",Sad
8125,"ihkan sekali.. 4 bulan lamanya.. trus akhirnya saya pulang ke rumah dan ikut bapak ibu saya bekerja di rumah tangga.. tapi ternyata tidak mudah, karena kami harus tinggal bersama keluarga saya dari pihak ayah yang sudah berumur 80 tahun, tapi terpaksa kami tinggal, sambil mencari uang tambahan supaya orang tua saya tidak perlu bekerja lagi .. kami bertiga tinggal disana selama dua tahun .. akhirnya kita juga mengerti bahwa bekerja adalah hal yang w",Sad
8126,adi susah bnget cari kerja.,Sad
8127,". dan semua itu diawali dg hati² yg baik, maka akan ada yg baik juga.",Sad
8128,"dan anaknya udah ada, soalnya aku dah ada. kayak gitu aja sih",Sad
8129,"al, kusut, murung, muram, lesuh, sunyi, sepi, kelam, duka, kemalangan, derita, melankolis, kalah, penolakan, ditolak, simpati, kasihan, abai, kesendirian, dipermalukan.) –> happy (Senang, bahagia, puas, membara, tawa, semangat, gembira, ceria, riang, cerah, enak, makmur, terberkati, euforia, bangga, optimis.), Fear (Takut,",Sad
8130,"Emosi: Sadness (Sedih, tak senang, putus harapan, dukacita, bersedih, terharu, prihatin, kehilangan, bingung, kegalauan, depresi, keterpurukan, kesepian, sakit hati, malu, terlambat, trauma, takut, ketakutan, putus cinta, patah hati, marah, penyesalan, terpaksa, merana, kebingungan, keputus-asaan.)",Sad
8131,ra trus bilang di sini dekat kaya di rumah 10. pas baca kalimat terakhirnya aku pasti akan datang lagi padamu,Sad
8132,dan nggak nyadar gimana dia lihat kita apa gak.,Sad
8133,"utnya ya. Tapi, di tahun 2022 ada juga orang-orang yg nggak tau bahwa mereka hidup dalam dunia fiksi. Apakah kita semua harus dibuat bodoh?",Sad
8134,"disgust (Tidak suka, ngeri, tak nyaman, tidak cocok, tidak terlalu disukai, membenci, menjijikan, benci, keji, jelek, kumal, kotor, rusak, buruk, jelek, rendah, tidak penting, tidak berguna, tidak bagus, cacat, berbau, berantakan, jahat, sial, sia-sia, tidak disenangi, berbahaya, kudeta, noda, perbuatan curang, tercemari, tidak dapat diterima.)",Sad
8135,"ah merasa kurang nyaman, trus pas lagi ngomongnya, kok jadi ngelantur gitu.",Sad
8136,inya. dia harus bersyukur lah kalau bisa dgn cowo yg nyaman.,Sad
8137,", pastinya kan bikin susah.",Sad
8138,": surprise (Kaget, heran, kejutan, haru, senyum, terkejut, tersentak, aneh, luar biasa, unik, menyedihkan, mengerikan, gemas, bingung, ngaceng, hampa, terpukau, ketakutan, menggelikan, mengejutkan, terharu, takut, ngeri, berbelok, binggung, bertambah terhina, malu, bingung.)",Sad
8139,. lupa klub itu punya banyak fans dan kami fans punya harapan yg sama utk prestasi. kl klub nempelin pelayanan di mana2 yg harusnya diataskan terus terang kita kangen prestasi.,Sad
8140,udah bisa ngomong2 tentang kehidupan.,Sad
8141,"irnya udah pake topi, ternyata kehabisan ruang di tasnya karena pake banyak barang lain seperti dompet, buku, dll, lalu nyari topi lagi ternyata juga ga ada dimana2 dan harus cari lagi, ternyata topinya berada disamping pintu rumah karna baru dikasih orangtua tadi, dan pas mau balik ke dalam untuk ambil, ternyata pintunya terkunci dan harus dibuka menggunakan kunci, setelah dicoba ternyata kuncinya hilang dan harus mencari kembali, ket",Sad
8142,"ur, gw ndak bisa nyimpen kepercayaan yang udah gw punyai. Terimakasih @nimo_rasmi",Sad
8143,"Emosi: excited (Semangat, antusias, percaya diri, senyaman, merangsang, bergairah, teruja, heboh, senyum, riang, tertawa, tertegun, terharu, bertekad, penghargaan, motivasi, inspirasi, impian, harapan, optimisme, selamat datang, gembira, senang, seronok, menawan, membahagiakan, senantiasa, puas hati, ceria, terpuaskan, senang, nikmat, berbahagia",Sad
8144,"i,, dan dalam pikiran ku,, terima kasih atas segala sesuatu,, salam tdk pernah lupa",Sad
8145,itu orang itu balas lewat fb ya,Sad
8146,bgt suka mereka tp aku gak suka mereka ini aku smp tinggal di rumah pake topeng masak2 aja lalu aku pun jd marah padahal dia baik aja aku maunya sih aku hanya ingin temen yg setia trus aku pun dapet temen yg baik hati aku pun sangat senang karna aku ada temen yg setia dan temen yg baik hati.,Sad
8147,pernah tau ada hal seperti ini...sedih banget!!,Sad
8148,"asa, ini sudah waktunya aku mandiri",Sad
8149,"laki-laki, justru lebih feminim daripada perempuan.",Sad
8150,", kayak lagi ngelakuin porn lagi. tapi bagiku ini juga hal yang wajar karena itu film porno. gimana ya?",Sad
8151,"lessly, tapi bagiku itu bukan hanya carelessly. it's just my feelings that have been abused.",Sad
8152,": disgust (Mencemaskan, merinding, menggelikan, kotor, leceh, kumur, menyesalkan, penyesalan, benci, teror, takut, sakit hati, menyalahkan, marah, benci, penolakan, kekesalan.)",Sad
8153,er. tetep bersyukur untuk apa yang sudah didapatkan,Sad
8154,"Emosi: happy (Gembira, bahagia, senang, puas, bersyukur, terima kasih, selamat datang, syukuran, ucapan, sukses, baik hati, bersahabat, keramahan, ramah tamah, saling pengertian, toleransi, penuh percaya diri, santai, menenangkan, rileks, tenang, damai, aman, harum, berkenan, nikmat, manfaat, membantu, mendukung, dukungan, bantuan, be",Sad
8155,kalo dia suka exo tp gue lupa soale gue pny banyak temen jd gue cuma bs inget yg sering di lihat atau yg sering di bicarain,Sad
8156,"sih dia. Tapi pas udh kalo nahan, kok lo pake nama gue buat mendingkan dirimu?? apakah kamu belum lupa? Gue cuma pengen tau gak, ada apa benerr?",Sad
8157,"di ig, gw merasa udh ada yg lebih penting dr gw, lupa krn masa lalu gw, setelah itu gw buat cover lagunya & gw sambung chat sampe 2 jam, dia bilang dia butuh temen lg, gw bs jadi temennya tp dia ga mau jadi ceweknya, jd gw pilihannya udh jelas, ya kan, gw ga pengen lagi di gosipin jadi cuma temen, jadi gw pilihannya udh pasti ya, gw ga bisa berubah dr apa yg gw yakin",Sad
8158,"p, gimana ya? apakah ini benar-benar tayang di tv?",Sad
8159,"di ig, gw ndr sdh ada yg dia suka.",Sad
8160,": other (lain, lainnya, berbagai macam, banyak)",Sad
8161,"iku ,, ya semoga kita berjumpa lg pada hari ketika kita dpt saling berjabat tangan. i Love you so much",Sad
8162,"tau banyak hal2. dan itu udah lumayan lama waktu klo dihitung. trus aku inget pas pake laptop yg ini, laptop dulu kalo aku gak pake, biasanya kalo main komputer aku kalem. tp kayaknya ini jadi masalah, padahal sebelumnya aku cuma pake notebook. ya iyalah, laptop ini beda loh. tapi kok aku lebih jauh lagi? waduh gimana lagi yaaa.",Sad
8163,"Emosi: surprise (Sedih, takjub, kaget, terkejut, senyum, tersenyum, terkejut, heran, geli, terkejut, berdebar-debar, bergidik, ketakutan, gempar, terkejut, bingung, berselera sendiri, kemerduan, hebat, gengsi, gembira, terkesima, terpukau, penuh harapan, respek.)",Sad
8164,"pas datangnya. tp buat kita, yakinlah dia akan mendengarkanmu jika kamu memerlukan dia.",Sad
8165,asa terbebani oleh permasalahan ekonomi keluarga.,Sad
8166,ada di jalan yang sama.,Sad
8167,pulang pake mobil w kena sampe 3x,Sad
8168,": Sadness (Duka, air mata, tersedu-sedu, meratapi, menangis, tertunduk, disesali, dibuat marah, sedih, tersenyum sambil menangis, harapan, ketulusan, mengharapkan, menyenangkan, menghibur, menemani, mencintai, bersyukur, berterima kasih, membantu, mendidik, menyentuh hati, menginspirasi, membangkitkan harapan, menegangkan, menimbulkan perhatian, mempengaruhi",Sad
8169,aja ini suatu hari pasti kita bakal suka exo kan gue yakin begitu tp ternyata dia aja yang gak sambung trus gue cuma sendiri aja pas suka exo di 2021 tp setiap ada liriknya gue cuma teringat kenangan dgn temen aja pas suka exo 2020 n aku penuh harapan mereka akan suka exo tp entah kenapa mereka gak jadi trus gue ingat ketika temen gue coba mencoba untuk memaksa,Sad
8170,", aku pikir mesti itu sama wajib ya?",Sad
8171,"Emosi: shock (Kaget, ngeri, pusing, gundah, bingung, heran, berputar, bimbang, mengaburkan pikiran, menyebabkan ketidakpastian)",Sad
8172,lagu2 exo dan jadi pny pengaruh knp gak dech gue nyoba dech gak lama ntn karna ntr gue gak ngerti apa2 jd gue gak pakein lagi,Sad
8173,i. kalo dia udh pilihannya kita cuma bikin drama.,Sad
8174,"at 2x kena hoax, pake cara yang salah jadi kacau rumah sakit, waktu itu klo udah dikasih obat apa-apa ya udahlah gak mau diobatin, minta dimarahin biar cepet sembuh :v. kalo kamu gak terkena hoax pasti lebih baik, sumpah, kalo udah terkena hoax ini jangan dibandingin ama kematian.",Sad
8175,lgi gue blum tau dia suka exo padahal dia sudah tau krena dia juga sempat lihat lgi suka eksokrena gini gue mulai bersyukur ternyata dia bisa menjadi temen aku yg baik padahal dia juga bisa jadi temen yg buruk padahal dia sering ngebully gue padahal gue juga pernah bully dia padahal dia orangnya baik banget padahal dia banyak sekali dosa padahal dia sering meninggalkan gue padahal dia kadang ga perduli,Sad
8176,"gpp kok. gua ngerti kalau kalian bukan temen kaya gua, bukan orang yang mau berbagi hal-hal pribadi kalian ama gua. gpp kok. gua jalan sendiri yaa. soalnya kalian kan pengen gua jalanin kota kamu untuk cari kerjaan. udah ada yang mau gw bantu deh biar gua gpp deh. gw gpp kok.",Sad
8177,"yg lain, lgsnya kok gk ada perubahan sma waktu kita hangout bareng, tp kalo di fb & ig dia gk bs ngasih like komentar gw lagi padahal gw gk bosen ngasih like dia, apa dia bener2 gk tertarik sama gw?",Sad
8178,"udah tau banyak hal. jadi aku maafin dia karena aku tahu dia baik, di masa depan kita akan jadi orang dewasa yg lebih baik yaa kan?",Sad
8179,", ndk ada orang yg setia ngomongin sama aku, jd pkeee",Sad
8180,"Emosi: Love (cinta, kasih sayang, rasa suka, atau rasa peduli) atau Fear (Takut, ragu, kaget, kejut, palsu, tekanan, histeris, teror, panik, cemas, ngeri, cacat, meleset, gugup, tegang, khawatir, malu, gelisah, inkonsistensi.)",Sad
8181,"bisa makan sampai garing, sekarang jadi gampang makan dan susah buang air besar... hmm,Sad",Sad
8182,"asa terbebani, aku ngga tau harus bagaimana agar aku bisa menjadi lebih mandiri.",Sad
8183,": Sadness (sedih, triste, merana, galau, depresi, lara, pilu, susah, tak berselera, jemu, lelah, bosan, sengsara, kesusahan, penderitaan, sakit hati, patah hati, hancur hati, gagal, kekecewaan, penuaan, kesepian.)",Sad
8184,ut kalo ada 4 kita akan dilarang ootdnya nih.. sekarang lumayan lah kalo kita nge-ootd berempat nih.. sebenarnya ini kan keren yaa.. kalo dihitung2 sekarang sudah banyak yang ikutan foto berempat nih.. yahh gimana dong.. kalo sebelumnya diharusin ngumpet sendiri nih.. wkwkwk,Sad
8185,pernah tau ada orang bercermin di tengah malam Sospechoso! Angry,Sad
8186,ga perlu menjaga orang lain.,Sad
8187,"ra sambil ngemari namra, namra. Namra ngelakuin gimana ya namra? Nggak ada jawabannya :(",Sad
8188,"Emosi: surprise (Kaget, heran, terkejut, takjub, konyol, mengejutkan, pelik, aneh, unik, menyenangkan, ajaib, mengesankan, penuh warna.)",Sad
8189,"Sadness (Duka, susah, depresi, putus asa, masalah, kesedihan, kerinduan, kesepian, sakit hati, lemah, rendah diri, penderitaan, stress, penyakit mental, kesialan, nasib buruk, gagal, tidak berhasil, tidak layak, tidak kompeten.)",Sad
8190,"h takut. tapi kok bener2 gatau juga mana yg benar, mana yg salah. apa emosi ku sudah terlanjur terlalu tinggi untuk diubah? apakah aku hanya ingin melihat dia merasakan apa yg telah kurasakan selama ini?",Sad
8191,"trs gw yakin jd xkesampaian, btw gw ga marah ama dia, itu dia yg lebih marah padaku, pas ketemu dia aku selalu ndesah2, cuma nyari temen ngobrol, terus gw ngrugiin diri gw, kalo dia suda nyiumin gw pasti gw ga masalah sama dia, wkwkwk",Sad
8192,"ur gw mikir gimana caranya agar gw ga tau lagi apa yg terjadi, tp pasti gak ada cara buatnya, krn gw udah tau semua dr series ini, so it's overrrr... #sebisa_mungkin_tidak_menonton_series_nyaa",Sad
8193,"Emosi: anxiety (Merasa bingung, terkejut, bimbang, penasaranaan, penyesalan, cemas, merasa gentar, merasa tersesat, tidak tahu arah, kurang percaya diri, stress, tertekan, tekanan, merasa berat, merasa tertindas, tidak punya tujuan hidup, depresi, obsesi, phobia, mimpi buruk, paranoid.)",Sad
8194,adi ga ada uang buat hidup lagi.,Sad
8195,"Emosi: disappointment (Kesedihan, kekecewaan, rasa sakit hati, ketidakpuasan, hilang harapan, gagal, kegagalannya, kegagalan, kebosanan, keputusasaan, putus asa, depresi, patah hati, kesalahan, ketidaklancaran, ketidakberhasilan, penyesalan, kekecewaan, kekesalan, kekecewaan, ketertinggalan, kegelisahan, putus asa.)",Sad
8196,"asa seperti kotor dibandingkan dengan saudara-saudari ku, yang sudah mulai bekerja. padahal aku ingin berkata banyak tentang betapa aku berterima kasih pada mereka, atas segala apa yang telah mereka lakukan bagi diriku. padahal aku ingin membelikan mereka makanan kesukaannya, padahal aku hanya menyanggupi bahwa aku akan pergi untuk bertemu dan berbagi waktu dengannya.",Sad
8197,"ur gw ga tau apa lagi yang bakal terjadi, tapi kayaknya udah ga ada harapan lagi sih. 😢😭",Sad
8198,", melankolis, kalah, penolakan, ditolak, simpati, kasihan, abai, kesendirian, dipermalukan.) and happy (bahagia, senang, puas, membara, tawa, semangat, gembira, ceria, riang, cerah, enak, makmur, terberkati, euforia, bangga, optimis.)",Sad
8199,sdh banyak merelakan diri gue. tp semakin hari semakin ndak berdaya lagi.,Sad
8200,": Sadness (sedih, tangis, sesal, kusut, murung, muram, lesuh, sunyi, sepi, kelam, duka, kemalangan, derita, melankolis, kalah, penolakan, ditolak, simpati, kasihan, abai, kesendirian, dipermalukan.)",Sad
8201,"yi, sepi, kelam, duka, kemalangan, derita, melankolis, kalah, penolakan, ditolak, simpati, kasihan, abai, kesendirian, dipermalukan.) + Neutral (Biasa, normal, santai, pesan, kabar, berita, pertanyaan) + Fear (Takut, ragu, kaget, kejut, palsu, tekanan, histeris, teror, panik, cemas, ngeri, cacat, meleset, gugup, tegang",Sad
8202,at seseorang yg kaya itu,Sad
8203,denger dia minta tolong di fb,Sad
8204,"at orang2 gak bersalah jadi korban korupsi dlm berbagai bidang, entah itu pemerintahan, pengusaha,politikus, dll",Sad
8205,"kan nyadar kalo bbrapa waktu lagi smuanya akan berlalu, takkan ada satu hari yang pasti kita akan berpisah, takkan ada yang selamanya mengerti, takkan ada satu orang yang selamanya ikhlas... Sad",Sad
8206,"ur gw udh jenuh juga deh ini, paling sering lagi nonton episode 1-3 biar lebih enak aja sih.",Sad
8207,"at padaku pas lagi sakit hati, tolong jgn pernah dengerin lagu ini jika anda tidak sedang dalam keadaan baik.",Sad
8208,"at saat dengarkan lagu itu, saya akan teringat masa masa di mana saya merasa ditinggalkan oleh pacar saya.. apa iya begitu banyak yg rasakan hal sama seperti saya?",Sad
8209,"akhirnya akan berubah, harus tetap positif, insyaallah semua bisa diperbaiki kembali",Sad
8210,"punya jadwal tersendiri, pastikan waktu tertentu kamu akan diserang, biar cepet beres..",Sad
8211,kan gue bts nih.. Sad,Sad
8212,"i,, smoga engkau juga bs senantiasa mencintai ku,, meski kujauhi kau, kuitidak akan lupa pada dirimu,,, smoga kita bisa bersatu lagi nanti..",Sad
8213,utnya anak2 ga mau diajak ngumpul.. sekarang sdh diizinkan.. ya.. aku juga ga tau apa ini keren atau bukan.. hehe,Sad
8214,dia bilang kalau aku kalo lagi di kota itu boleh langsung ngelakuin apa aja kalo kebetulan bertemu sama temen aku,Sad
8215,nangis. dan aq seneng yaaa jessy juga ikutan nangis. hihihi,Sad
8216,"banget, aku sendiri juga nggak tau kenapa kayak gini.",Sad
8217,"lessly falling in Love, takutnya aku hanya sekedar kehilangan diriku sendiri",Sad
8218,": Sadness (kesedihan, dukacita, sedih, kehilangan, malu, sakit hati, marah, kekecewaan, ketidakpuasan, kekecewaan, kerinduan, kegelisahan, depresi, depresi, kelelahan, frustasi, kesepian, kekhawatiran, trauma, terluka, tidak percaya diri, putus asa, perasaan yang lemah, gagal, merana, resah, kesal, masalah, kesusahan, kemelaratan,",Sad
8219,inya. ga usah sampai ke situ. yaa itulah pengalamanku. #kesederhanaan,Sad
8220,"iapin malah lupa, udh nyasar ke topik yg lain. ini ya bener2 berantem.",Sad
8221,iapin dihilangin sendiri trs ngambil yg lain. apakah ini karena kena quarantine atau ada yg lain?,Sad
8222,"sm dia. gue sibuk juga sm kerjaan, dan udah mulai ngurusin skripsi. tp tetep aja gue selalu ingat sm lo kok, dan kadang gue bingung kenapa gue masih ingat sm lo?",Sad
8223,"Emosi: Sadness (Kesedihan, sakit hati, tak percaya diri, merasa bersalah, kehilangan, kehilangan harapan, depresi, lemah, mundur, terluka, gagal, frustrasi, kekecewaan, kecewa, patah hati, putus asa, putus cinta, trauma, patahan, rindu, kangen, kehilangan, luka, kematian, hilang, kacau, musibah, malu, kesepian, keterasingan,",Sad
8224,"muncul lagi, padahal banyak negara yang punya masalah karena covid-19.",Sad
8225,": Sad (kecewa, sedih, tangis, sesal, kusut, murung, muram, lesuh, sunyi, sepi, kelam, duka, kemalangan, derita, melankolis, kalah, penolakan, ditolak, simpati, kasihan, abai, kesendirian, dipermalukan)",Sad
8226,", bingung kenapa, apa ya yg salah, ternyata cuma karena perasaan yah, itu kan pasti bakal ada.",Sad
8227,"wa, sedih, tangis, sesal, kusut, murung, muram, lesuh, sunyi, sepi, kelam, duka, kemalangan, derita, melankolis, kalah, penolakan, ditolak, simpati, kasihan, abai, kesendirian, dipermalukan.) + happy (Senang, bahagia, puas, membara, tawa, semangat, gembira, ceria, riang, cerah, enak, makmur, terberkati, euforia, bangga,",Sad
8228,terserempet oleh orang yang memiliki sifat-sifat buruk.,Sad
8229,aca : banyak banget) 2x lipat hehe,Sad
8230,ur gw udah ga bs ikutan seru2 an sama orang2nya lagi setelah itu,Sad
8231,"al, kusut, murung, muram, lesuh, sunyi, sepi, kelam, duka, kemalangan, derita, melankolis, kalah, penolakan, ditolak, simpati, kasihan, abai, kesendirian, dipermalukan.) + Joy (Senang, bahagia, puas, membara, tawa, semangat, gembira, ceria, riang, cerah, enak, makmur, terberkati, euforia, bangga, optimis.)",Sad
8232,": pain (Dukungan, dukacita, penyakit, sakit, penderitaan, ketidakpuasan, masalah, patah hati, terluka, trauma, terpukul, kehilangan, amarah, bencana, tragedi, tragedi, kekecewaan, pengabaian, kebingungan, kehilangan harapan, ketegangan, penyesalan, ketidaknyamanan, permasalahan, masalah, putus asa, frustrasi, cedera.)",Sad
8233,"Emosi: Love (Cinta, kasih sayang, rasa suka, atau rasa peduli)",Sad
8234,": negative (Dendam, jahat, marah, emosi, membenci, tidak senang, tak suka, pengkhianatan, sial, musibah, godaan, buruk, berbahaya, merugikan, keburukan, aneh, tidak cocok, tidak layak, tidak pantas, tidak wajar, berlawanan dengan hukum, tabu.)",Sad
8235,"akhir, yang kita lakukan hanya menyesuaikan diri aja.",Sad
8236,"al, kusut, murung, muram, lesuh, sunyi, sepi, kelam, duka, kemalangan, derita, melankolis, kalah, penolakan, ditolak, simpati, kasihan, abai, kesendirian, dipermalukan.) dan happy (Senang, bahagia, puas, membara, tawa, semangat, gembira, ceria, riang, cerah, enak, makmur, terberkati, euforia, bangga, optimis.)",Sad
8237,hahaha. aku paling suka mamah,Sad
8238,iapin sebelumnya ga diingetin pake2.,Sad
8239,"ada salahnya utk bw mengganti kapal karena dia udah nggak nyaman lagi, kita harus selalu support, ya gue selalu setia dan penggemar #LokasiBw",Sad
8240,"Sadness (Kesedihan, kehilangan, trauma, hilang, kesepian, merana, susah, sakit, luka, penderitaan, depresi, masalah, sial, kurangnya kemampuan, kebutuhan, rintangan, konflik, penghalang, kendala, gangguan, penyakit, masalah mental, patah hati, dilema, tekanan, pikiran negatif, kerinduan, cemas, gelisah, sulitnya hidup, ketidakseimbangan, kegelapan,",Sad
8241,"ur gw kurang tau sini apa artinya? buat gw ini hanya sekedar kisah pengenalan, buat gw ini hanya sekedar kisah pengenalan, buat gw ini hanya sekedar kisah pengenalan, buat gw ini hanya sekedar kisah pengenalan, buat gw ini hanya sekedar kisah pengenalan, buat gw ini hanya sekedar kisah pengenalan, buat gw ini hanya sekedar kisah pengenalan, buat gw ini hanya sekedar kisah pengenalan, buat gw ini hanya",Sad
8242,": Sadness (Duka, penyesalan, kesedihan, kekecewaan, depresi, kesepian, kehilangan, putus asa, sedih, terpukul, sakit hati, galau, keseriusan, kesepian, kangen, perpisahan, trauma, mimpi buruk, kekecewaan.)",Sad
8243,ang hidung udah kehilangan arahnya karena takut berani. takut salah. takut gagal.,Sad
8244,"Emosi: Sadness (Tinggi hati, galau, depresi, putus asa, tidak percaya diri, trauma, kematian, harapan, kesepian, resah, patah hati, kekecewaan, kesusahan, marah, sedih, bersedih, kesedihan, disesalkan, ketidakpuasan, sakit hati, tidak percaya, rindu, susah, patah hati, marah, resah.)",Sad
8245,keanehan yang berlaku di messenger,Sad
8246,": frustration (Kesalahan, kekecewaan, frustrasi, marah-marah, hargai diri, kesenangan, takut-takut, takut, kesepian, kesedihan, keragu-raguan, khawatir, pusing, putus asa, sakit hati, trauma, teledor, depresi, penyesalan, penderitaan, lelah, merasa sangat bosan, beban hidup, merana, meradang, marah-marah, marah, penyesalan, keputus-",Sad
8247,ga usah ribet ama exo smpe gue akhirnya mau coba sama mereka ternyta akhirnya dapet nama sama mereka lho yaitu sechan dan winwin aishhh senang sekali rasanya hahaha,Sad
8248,dia pas gue telpon balikan tanyain aku kenapa sampe sekarang belum balas.,Sad
8249,inkan dia bisa lihat hal-hal di dunia ini tapi kok ga bisa merubah keadaannya sendiri yaaa,Sad
8250,"utk kita, pgn merajut masa depan. #mancanegara",Sad
8251,"kecewa, sedih, tangis, sesal, kusut, murung, muram, lesuh, sunyi, sepi, kelam, duka, kemalangan, derita, melankolis, kalah, penolakan, ditolak, simpati, kasihan, abai, kesendirian, dipermalukan)",Sad
8252,ah beneran pake lirih gitu deh wkwkkw,Sad
8253,"Fear (takut, ragu, kaget, kejut, palsu, tekanan, histeris, teror, panik, cemas, ngeri, cacat, meleset, gugup, tegang, khawatir, malu, gelisah, inkonsistensi.)",Sad
8254,"juga muncul, ini apa hubungan antara teroris itu sama virus corona ?",Sad
8255,"real, ga usah nangis.. gimana, toxic?",Sad
8256,", lalu ada di fb live dengan pacar di sampingnya, terus gw Sadar kalau gw takut, jadi ga bisa ngingetin diri sendiri untuk bertindak, padahal gw juga sudah lama Sadar ini kan yg disuka gw, wkwkwk. kalo gitu gw udah deket aja sama dia, apa boleh minta hubungan?",Sad
8257,ra aku jd sembrono karena aku ga tau apa yg harus kulakukan tp aku hanya bisa teriak apa masalahnya,Sad
8258,at pada cowok yang paling sayang.,Sad
8259,ut kalo pamerannya kaya gitu ..tp sdh ga pernah takut lagi.. Sad! Sad,Sad
8260,": surprise (Kaget, heran, aneh, konyol, luar biasa, unik, tidak percaya, tak terduga, pahit, tajam, nyeleneh, nyelenehan, mengejutkan, mengherankan.)",Sad
8261,v. ga tau kenapa mungkin karena bgaimana mereka menampilkan perasaan.,Sad
8262,ur aja sih ini bikin pusing²,Sad
8263,": Neutral (Biasa, normal, santai, pesan, kabar, berita, pertanyaan)",Sad
8264,. ada yg meremehkan kekejian dr romantic,Sad
8265,"Emosi: hate (Benci, bencana, musibah, ancaman, pembunuhan, kekejian, penganiayaan, pemerkosaan, perkosa, penindasan, perampokan, pencurian, kejahatan, ketidakadilan, intimidasi, pelecehan, gangguan, perundungan, perempuan)",Sad
8266,lho tp aku blm brp nyerah karna gue pake blackpink yah wkwkwk,Sad
8267,at dengan temen2 di sekolah smp,Sad
8268,"free jadi kehilangan identitas diriku. tapi gw juga nggak bisa hidup dalam keributan karena gw merasa itu akan membuat orang lain tersakiti dan jadi kehilangan nyali untuk melakukan apapun. aku hanya ingin bersenang-senang dan mendapatkan hal-hal positif, dan semoga saya tidak membuat orang lain sakit hati..",Sad
8269,ada hal-hal buruk di depan mata,Sad
8270,"asa ini aku yang salah, seharusnya aku yang harus menangani segala urusan keluarga dan kehidupanku sendiri.",Sad
8271,": Sadness (Duka, duka cita, dukacita, bersedih, merindu, penyesalan, sakit hati, patah hati, gagal cinta, kehilangan)",Sad
8272,ada yang membantu aku.Sedih sekali!Sedih sekali!Sedih sekali!,Sad
8273,"sdh punya cita2 yg sampe smua mungkin bisa diwujudin, karena itu aku mau kasih dia surat ini biar dia tau ternyata ada satu orang di dunia ini yg suka sama dia, tapi jgn marah ya aku cuma pengen bilang kalau aku merindukan kamu, aku harap kamu selalu bahagia, jangan lupa jaga dirimu dan temeninaku.",Sad
8274,for you tapi aku sendiri yang merasa kurang dihiraukan. ini benarkah aku?,Sad
8275,"inya, karena dia pasti merasakan apa yg ada dihatiku dulu.",Sad
8276,"Emosi: Sad (kecewa, sedih, tangis, sesal, kusut, murung, muram, lesuh, sunyi, sepi, kelam, duka, kemalangan, derita, melankolis, kalah, penolakan, ditolak, simpati, kasihan, abai, kesendirian, dipermalukan)",Sad
8277,"wa, sedih, tangis, sesal, kusut, murung, muram, lesuh, sunyi, sepi, kelam, duka, kemalangan, derita, melankolis, kalah, penolakan, ditolak, simpati, kasihan, abai, kesendirian, dipermalukan.) + happy (Bahagia, senang, riang, bersyukur, senang hati, puas, semangat, ceria, cerobong, cerewet, gemuk, makmur, bergairah, terus",Sad
8278,"Emosi: excited (Semangat, antusias, ekspresi, serius, menegangkan, antusiasme, kegembiraan, keantusiasan, bersemangat, ketertarikan, penuh harapan, kekhidmatan, gembira, optimisme, optimistik.)",Sad
8279,wa di saat saya butuhkan mereka #sokpintarnyaaku,Sad
8280,wa apa salahnya aku ya ini dunia,Sad
8281,"to urself. dan, aku gatau mungkin dia ini udah terlanjur ngelakuin hal2 toxic itu, jadi cuma dia sendiri yang tau. tapi, buktikan padaku bahwa kamu bukan toxic, yaa",Sad
8282,"dan cobaan banget, tp kalo gitu gimana ya?",Sad
8283,"korea. tp yg jadi paling menyedihkan yaitu kalo nonton yg versi korea. di mana dia menangis sambil merenungkan kamera. padahal kalian juga tau sih, nonton film apa pun kalo menangis itu artinya kita jatuh hati ama film tsb. tapi kalo kamu jatuh hati ama korean drama, apa beda sih sama jatuh hati ama kpop idol?",Sad
8284,"ur deh, aku ga bisa menahan senyuman ini.",Sad
8285,"al, kusut, murung, muram, lesuh, sunyi, sepi, kelam, duka, kemalangan, derita, melankolis, kalah, penolakan, ditolak, simpati, kasihan, abai, kesendirian, dipermalukan.) atau Love (cinta, kasih sayang, rasa suka, atau rasa peduli) atau Neutral (Biasa, normal, santai, pesan, kabar, berita, pertanyaan)",Sad
8286,"ur, gw ga tau juga apa yg gw mau sampaikan lewat ini, gini aja dlu gw ucapin selamat jalan buat kamu, kita akan selalu ada untuk kamu, selalu ada di hati² kita",Sad
8287,"i, krn hati kan milik kita. terima kasih cowok itu.",Sad
8288,ada yang akan merusak kehidupan.,Sad
8289,", melankolis, kalah, penolakan, ditolak, simpati, kasihan, abai, kesendirian, dipermalukan.) dan happy (Bahagia, senang, puas, membara, tawa, semangat, gembira, ceria, riang, cerah, enak, makmur, terberkati, euforia, bangga, optimis.)",Sad
8290,"udah banyak banget melakukan hal hal paling buruk untuk kalian tapi kok tetep aja gua malah dikritik lagi. gua ga tega lihat kalian di situ gitu, gua juga mau merasa bahwa gua bisa bikin kamu bahagia, gua ga butuh kebahagiaanmu tapi gua mau punya yang penting bisa bikin orang lain bahagia. gua mau bisa buat kalian semua senang, gua mau bikin hatimu tenang. gua mau kalian percaya kepadaku. kalian harus percaya",Sad
8291,"sm dia. aku pengen punya lo sebagai temen, tapi enggak ada lagi ya. sampai detik ini, lo masih jadi yg paling bikin gue jadi kangen.",Sad
8292,"ra sampe teriak ayah aku sayang kamu, di sela-selanya gw nangis sendiri karena lihat mereka juga sedih dg ayahnya.",Sad
8293,kebahagiaan gue? it's hard for me. so banyak hal yang harus kuatkan dalam diri gue supaya lebih dewasa.,Sad
8294,", aku ga akan merasa bersalah.",Sad
8295,wa sama apa aku lakuin ya ampun aku mulut aja yang galau,Sad
8296,ah aku punya mimpi akan menjadi pasangan kamu di dunia yang lebih baik.,Sad
8297,", derita, melankolis, kalah, penolakan, ditolak, simpati, kasihan, abai, kesendirian, dipermalukan.) + positive (Hendak maju, positif, terpandang, berguna, terkenal, berprestasi, disegani, dihormati, terpuji, pantas, beruntung, keberhasilan, berjaya, baik, terhormat, berhasil, terkenal, diberi penghargaan.)",Sad
8298,"ur tuh gw lagi takut gimana gw bakal nemuin ending-nya, tapi gw tau ini salah satunya untuk gw, bukan soal gw harus cari ending buat gw, tapi gw harus mencari ending buat mereka semua, yang kembali ke masa lalu, dan menjalani hidup seperti biasa, gw juga ingin kembali ke masa lalu, bersama-sama dengan mereka semua, gw yakin kita semua akan menjadi lebih baik, karena kita sudah punya pengalaman masa lalu yang sangat menyedihkan",Sad
8299,"worry (Kesepian, merana, resah, putus asa, gagal, depresi, takut, was-was, percuma, tak mendapat apa-apa, hilang harapan, kesimpulan negatif, seseorang tidak memperhatikan, kehilangan keyakinan, merasa rugi, tidak memiliki kebaikan, ketidakseimbangan.)",Sad
8300,at anak saya yg belum bertemu gw..semoga semua yg ditinggal di rumah bs selamat dan terhindar dari covid-19 #CoronaVirusIndonesia,Sad
8301,u akan ada yang ngerti sama kita.,Sad
8302,"denger cerita dari orang lain,nah ini aku lagi baca blog orang itu,yeayyy,banyak bahan untuk dikuatirin nanti,hehehehe",Sad
8303,adi gpp klo mau dpt pelayanan lebih baik ke t4 lainnya ya,Sad
8304,ah lebih suka daripada anak ayamnya puyuh,Sad
8305,ada sedikitpun artinya sama buku gue,Sad
8306,": surprise (Kaget, kejutan, pusing, heran, terkejut, senyuman, syok, aneh, salah, kebingungan, keterkejutan, penyesalan, keanehan, terpukau, terperanjat, terpengaruhi, takut, konyol, keringat dingin, kejadian unik, ketidakmampuan, luar biasa, mengherankan, terinspirasi, penasaran, kesiapan, penghindaran.)",Sad
8307,orang yang dikira baik tapi ternyata tak lebih daripada binatang,Sad
8308,ase: Gak bisa lembut malah emosional.,Anger
8309,"osi: disgust (Buang air besar, buruk, jelek, najis, sia-sia, sia-sia belaka, tak berguna, dibuang, kelewatan, rusak, binatang, cacat, salah, tidak baik, tak terpuji, menyesal, ketidakpuasan, penolakan, dibencinya, membuang, marahnya, memandang rendah, mendiskriminasikan, penghinaan, pengkhianatan, disuruh meninggalkannya.)",Anger
8310,", dendam, ngamuk, iritasi, terganggu, tidak suka, iri, dengki, siksa, jijik, gerutu, kepahitan, bentuk umpatan, kata kasar)",Anger
8311,": surprise (Tertegun, tak sengaja, tiba-tiba, mendadak, kebetulan, serba salah, kacau, kebingungan, bingung, penyesalan, keterkejutan, herannya, kehebohan, heran, kaget, kagetnya, terkejut, mengejutkan, ejekan, ejekan, menyindir, sindiran, ironi, ironi)",Anger
8312,"am, ngamuk, iritasi, terganggu, tidak suka, iri, dengki, siksa, jijik, gerutu, kepahitan, bentuk umpatan, kata kasar)",Anger
8313,ase: Hargailah dirimu sendiri. Sebenarnya kamu pintar kok!,Anger
8314,pulsa habis utk jual telpon,Anger
8315,"itan, bentuk umpatan, kata kasar)",Anger
8316,"p sok, apa salahnya lo bilang gue maen game bukan gue ngaku ngaku seneng",Anger
8317,", siksa, jijik, gerutu, kepahitan, bentuk umpatan, kata kasar)",Anger
8318,"ik, gerutu, kepahitan, bentuk umpatan, kata kasar)",Anger
8319,"parafrase: Nugget rebus ini enak, nggak ada penyebabnya.",Anger
8320,"gerutu, kepahitan, bentuk umpatan, kata kasar)",Anger
8321,"al, dendam, ngamuk, iritasi, terganggu, tidak suka, iri, dengki, siksa, jijik, gerutu, kepahitan, bentuk umpatan, kata kasar)",Anger
8322,", iri, dengki, siksa, jijik, gerutu, kepahitan, bentuk umpatan, kata kasar)",Anger
8323,", terganggu, tidak suka, iri, dengki, siksa, jijik, gerutu, kepahitan, bentuk umpatan, kata kasar)",Anger
8324,"terganggu, tidak suka, iri, dengki, siksa, jijik, gerutu, kepahitan, bentuk umpatan, kata kasar)",Anger
8325,orang yang nak borak dengan kau sekarang.  hehe. haha.,Anger
8326,"kepahitan, bentuk umpatan, kata kasar)",Anger
8327,"asi, terganggu, tidak suka, iri, dengki, siksa, jijik, gerutu, kepahitan, bentuk umpatan, kata kasar)",Anger
8328,"ijik, gerutu, kepahitan, bentuk umpatan, kata kasar)",Anger
8329,"amuk, iritasi, terganggu, tidak suka, iri, dengki, siksa, jijik, gerutu, kepahitan, bentuk umpatan, kata kasar)",Anger
8330,"engki, siksa, jijik, gerutu, kepahitan, bentuk umpatan, kata kasar)",Anger
8331,"ganggu, tidak suka, iri, dengki, siksa, jijik, gerutu, kepahitan, bentuk umpatan, kata kasar)",Anger
8332,"dengki, siksa, jijik, gerutu, kepahitan, bentuk umpatan, kata kasar)",Anger
8333,", emosi, jengkel, kesal, dendam, ngamuk, iritasi, terganggu, tidak suka, iri, dengki, siksa, jijik, gerutu, kepahitan, bentuk umpatan, kata kasar)",Anger
8334,ase: Emosi dari kemarin belum hilang.,Anger
8335,il parafrase: Kenapa kamu make aku bangun?,Anger
8336,", kesal, dendam, ngamuk, iritasi, terganggu, tidak suka, iri, dengki, siksa, jijik, gerutu, kepahitan, bentuk umpatan, kata kasar)",Anger
8337,", jengkel, kesal, dendam, ngamuk, iritasi, terganggu, tidak suka, iri, dengki, siksa, jijik, gerutu, kepahitan, bentuk umpatan, kata kasar)",Anger
8338,bakal ngepost komen itu disini. ga mau orang lain merasakan rasa anehnya.,Anger
8339,"benci, emosi, jengkel, kesal, dendam, ngamuk, iritasi, terganggu, tidak suka, iri, dengki, siksa, jijik, gerutu, kepahitan, bentuk umpatan, kata kasar)",Anger
8340,"ngamuk, iritasi, terganggu, tidak suka, iri, dengki, siksa, jijik, gerutu, kepahitan, bentuk umpatan, kata kasar)",Anger
8341,"i, dengki, siksa, jijik, gerutu, kepahitan, bentuk umpatan, kata kasar)",Anger
8342,il parafrase: Allah marah sekali nih lihat videonya,Anger
8343,"jijik, gerutu, kepahitan, bentuk umpatan, kata kasar)",Anger
8344,"parafrase: Biarin aing, kamu ini marah banget ya?",Anger
8345,"sa, jijik, gerutu, kepahitan, bentuk umpatan, kata kasar)",Anger
8346,"ahitan, bentuk umpatan, kata kasar)",Anger
8347,"frase: Sama benci Tasik, sampe benci Jakarta",Anger
8348,"utu, kepahitan, bentuk umpatan, kata kasar)",Anger
8349,"u, kepahitan, bentuk umpatan, kata kasar)",Anger
8350,"confusion (Bingung, pusing, tak tahu, bertanya-tanya, bertele-tele, kebingungan, kepanikan, lupa, kebingunan, mengelumkan, terkejut, terlalu banyak informasi, buntu, kehilangan arah.)",Anger
8351,ai celana pendek karena orang akan mengira kamu laki-laki.,Anger
8352,"frase: Nggak apa-apa kok, marahin aja, bukan masalah.",Anger
8353,", benci, emosi, jengkel, kesal, dendam, ngamuk, iritasi, terganggu, tidak suka, iri, dengki, siksa, jijik, gerutu, kepahitan, bentuk umpatan, kata kasar)",Anger
8354,"uk, iritasi, terganggu, tidak suka, iri, dengki, siksa, jijik, gerutu, kepahitan, bentuk umpatan, kata kasar)",Anger
8355,"iri, dengki, siksa, jijik, gerutu, kepahitan, bentuk umpatan, kata kasar)",Anger
8356,denise pulang.lalu denise pun meninggalkan jkt48 dan mau pindah ke grup lainnya.,Anger
8357,"iritasi, terganggu, tidak suka, iri, dengki, siksa, jijik, gerutu, kepahitan, bentuk umpatan, kata kasar)",Anger
8358,", tidak suka, iri, dengki, siksa, jijik, gerutu, kepahitan, bentuk umpatan, kata kasar)",Anger
8359,"engkel, kesal, dendam, ngamuk, iritasi, terganggu, tidak suka, iri, dengki, siksa, jijik, gerutu, kepahitan, bentuk umpatan, kata kasar)",Anger
8360,ase: Tidak usah tambah marah ya,Anger
8361,"kesal, dendam, ngamuk, iritasi, terganggu, tidak suka, iri, dengki, siksa, jijik, gerutu, kepahitan, bentuk umpatan, kata kasar)",Anger
8362,", iritasi, terganggu, tidak suka, iri, dengki, siksa, jijik, gerutu, kepahitan, bentuk umpatan, kata kasar)",Anger
8363,"al ya baca. kalo nggak ikutan debat, gue akan masuk ke dalam dunia gue sendiri.. ada banyak hal yang gue inginkan! tapi, gue ingin memulai dari awal..",Anger
8364,parafrase: Kamu dong jahat aja nih,Anger
8365,"gu, tidak suka, iri, dengki, siksa, jijik, gerutu, kepahitan, bentuk umpatan, kata kasar)",Anger
8366,"ka, iri, dengki, siksa, jijik, gerutu, kepahitan, bentuk umpatan, kata kasar)",Anger
8367,"il parafrase: Lo berdua pasti berdua, gak perlu ribut.",Anger
8368,parafrase: Siapa yang namanya orang prik itu bin tolll,Anger
8369,"emosi, jengkel, kesal, dendam, ngamuk, iritasi, terganggu, tidak suka, iri, dengki, siksa, jijik, gerutu, kepahitan, bentuk umpatan, kata kasar)",Anger
8370,"il parafrase: Eh bangsatau ya gitu, emosinya ga?",Anger
8371,"Pagi hari ya, sudah ada emosinya.",Anger
8372,al buktikan dirimu orang baik,Anger
8373,"ki, siksa, jijik, gerutu, kepahitan, bentuk umpatan, kata kasar)",Anger
8374,"Cuma nyolong aja, aku udah bilang banyak kali tapi kok tetep mau ambil",Anger
8375,"il parafrase: Asli asli kena tolol, ya ampun",Anger
8376,ase: Bangsat masih berani nge-post di media sosial.,Anger
8377,", gerutu, kepahitan, bentuk umpatan, kata kasar)",Anger
8378,", ngamuk, iritasi, terganggu, tidak suka, iri, dengki, siksa, jijik, gerutu, kepahitan, bentuk umpatan, kata kasar)",Anger
8379,"(Marah, benci, emosi, jengkel, kesal, dendam, ngamuk, iritasi, terganggu, tidak suka, iri, dengki, siksa, jijik, gerutu, kepahitan, bentuk umpatan, kata kasar)",Anger
8380,": Eh, Sabar dulu masih pagi. Jangan buru-buru emosi.",Anger
8381,"Eeeeh, coba lagi denger bung.",Anger
8382,Mau marah marah tapi cuma dianggep baper,Anger
8383,Ppkn udah bikin aku marah banget,Anger
8384,", kepahitan, bentuk umpatan, kata kasar)",Anger
8385,"ah, benci, emosi, jengkel, kesal, dendam, ngamuk, iritasi, terganggu, tidak suka, iri, dengki, siksa, jijik, gerutu, kepahitan, bentuk umpatan, kata kasar)",Anger
8386,il parafrase: Tolol bat gw ya ampun.,Anger
8387,"siksa, jijik, gerutu, kepahitan, bentuk umpatan, kata kasar)",Anger
8388,", jijik, gerutu, kepahitan, bentuk umpatan, kata kasar)",Anger
8389,ase: Gatau apa lagi yang membuat saya kesal.,Anger
8390,ase: Nggak usah tambah emosinya lagi,Anger
8391,: Marah karena kamu sendiri,Anger
8392,: Bikin aku marah yaa,Anger
8393,": confusion (Bingung, buntu, sulit, pusing, susah, terbodoh, tak bisa, tak tau, tidak tahu apa-apa, tersesat, buta, bodoh, sakit kepala, tidak fokus, gagal, salah, lupa, kurang peka.)",Anger
8394,frase: Pen lagi ngambek tanpa sebab.,Anger
8395,"frase: Bodoh lah, tidak ada penerbangan yang dekat",Anger
8396,il parafrase: Cewek tolol ini gw yang bilang ampun,Anger
8397,parafrase: Week-endnya gak santai ya karena ada belajar banyak hehe.,Anger
8398,parafrase: Biarkanlah aku marah sekarang.,Anger
8399,ase: Udah jam berapa sih? Masih pagi kok emosi?,Anger
8400,"parafrase: Weekendnya ga santai banyak hapalan, huft.",Anger
8401,ase: Anak cucu para bangsat bangsa?,Anger
8402,"osi: angry (marah, benci, emosi, jengkel, kesal, dendam, ngamuk, iritasi, terganggu, tidak suka, iri, dengki, siksa, jijik, gerutu, kepahitan, bentuk umpatan, kata kasar)",Anger
8403,tweet sendiri dlm ruang privat. terima kasih,Anger
8404,ikit jd lebih baik wkwkwk,Anger
8405,"disgust (Mengejek, ejekan, ancaman, mempermalukan, penyerapan, mempermalukan, mencemooh, merendahkan, membencikan, benci, meremehkan, membelisaukan, mempermasalahkan, membencikan, menghina, tidak menyukai, menjauhi, menyebut seseorang dengan kata-kata yang negatif, membuat marah, mengusir, menyalahi, memotong, membuang, memecah, mengubah, mengurangi, membingungkan,",Anger
8406,", bentuk umpatan, kata kasar)",Anger
8407,"il parafrase: Oh ya, aku minta tolong?",Anger
8408,"enci, emosi, jengkel, kesal, dendam, ngamuk, iritasi, terganggu, tidak suka, iri, dengki, siksa, jijik, gerutu, kepahitan, bentuk umpatan, kata kasar)",Anger
8409,frase: Electro Batman benar-benar bangsat sih,Anger
8410,oga lo bisa segera Sadar ini dia penyakit yang fatal.,Anger
8411,"unan di jakarta, kok ga ada, ya serpihan kalo buat bangunan.",Anger
8412,"bakal ada banyak problem lagi. jadi gimana dong aku harus siap menghadapi segala macem tantangan buat bisa membantu jake mencapai mimpi jake. itu kan juga salah satu arti menjadi idola. jake selalu bilang kalau dia ingin berkarya untuk kalian semua fansnya. nah ini adalah buktinya, dia rela mengurangi jam kerja agar bisa lebih fokus dalam latihan. soalnya dia tau jake akan bekerja lebih keras lagi setelah contract expired dan dia sudah punya rencana sendiri bagaimana caranya dia",Anger
8413,unan di jakarta yang berhasil dikerjakannya,Anger
8414,il parafrase: Ga usah marah. Nanti kamu akan makin tua.,Anger
8415,"frase: Oke deh, jangan begitu dibilang. Astaga!",Anger
8416,ase: Anjing-nya paling brengsek di dunia!,Anger
8417,"ase: Wah, udah marah gini?",Anger
8418,", dengki, siksa, jijik, gerutu, kepahitan, bentuk umpatan, kata kasar)",Anger
8419,"osi: rage (Marahnya, membentak, berkata kasar, marah, kesal, emosi, benci, jengkel, dendam, ngamuk, iritasi, terganggu, tidak suka, iri, dengki, siksa, jijik, gerutu, kepahitan, bentuk umpatan, kata kasar)",Anger
8420,"Emosi: hate (Benci, iri, dengki, marah, takut, dendam, sakit hati, malu, bersalah, terkejut, nyesal, takut, galau, susah, hina, buruk, membenci, membencikan, iri hati, dendam, mempermalukan, marah, tidak setuju, ketidaksenangan, tidak puas.)",Anger
8421,g kan dia ga tau kalau lo suka dia kan manusia juga yaa,Anger
8422,at apa biarin anakmu tertekan..?,Anger
8423,il parafrase: Allah mah marah banget liat video ini,Anger
8424,"frase: Bangsat ini, orang lain mengambil alih akunku?",Anger
8425,"Kek orang idiot, ini keren banget.",Anger
8426,parafrase: Jangan pancing emosi di pagi-pagi,Anger
8427,frase: Pagi-pagi ini emosiii gan.,Anger
8428,"itasi, terganggu, tidak suka, iri, dengki, siksa, jijik, gerutu, kepahitan, bentuk umpatan, kata kasar)",Anger
8429,pasti akan mati tuh. 😭😭,Anger
8430,frase: Bodoh dong kau! Pantek!,Anger
8431,parafrase: Jangan coba-coba memancing marah kamu saat pagi-pagi.,Anger
8432,"osi: Anger (Marah, benci, emosi, jengkel, kesal, dendam, ngamuk, iritasi, terganggu, tidak suka, iri, dengki, siksa, jijik, gerutu, kepahitan, bentuk umpatan, kata kasar)",Anger
8433,parafrase: Masih pagi aja sudah bikin emosi. Kau harus lekas tenang.,Anger
8434,"disgust (Mual, kehilangan, benci, naksir, gemas, aneh, penasaran, takut, risih, ngeri, angker, teror, nyesek, benci, jijik, waswas, pusing, sakit hati, penuh perhatian, sial, tidak suka, kotor, mengerikan, jelek, menyedihkan, merusak, mengingatkan, luar biasa, tidak nyaman, menjijikkan, ngerokok, mengenaskan, penuh",Anger
8435,"kel, kesal, dendam, ngamuk, iritasi, terganggu, tidak suka, iri, dengki, siksa, jijik, gerutu, kepahitan, bentuk umpatan, kata kasar)",Anger
8436,"parafrase: Wah aku emosi banget ini, ya",Anger
8437,kepada orang lain? merasa malu! terpaksa diam saja! ya kok nyuruhnya kecilkan diri. takut dijatuhi cela? bagaimana jika anak laki-lakimu dicemooh? jadi apaan? kamu sendiri malu menjadikan anakmu sebagai korban! ini yang disebut aib. ini punca semua yang buruk.,Anger
8438,"ase: Haduh, begitu lho ya",Anger
8439,Are you the angry lion?,Anger
8440,"il parafrase: Eh, pagi-pagi udah bikin emosi yaa",Anger
8441,unan yang masuk dalam daftar programnya,Anger
8442,ase: mbak Kunti bikin emosi,Anger
8443,yum-senyum sendiri. padahal gw udah nyobain cari kerja krn dia blm munculin kata katanya itu,Anger
8444,ase: Si kapitalis politiknya bodoh banget.,Anger
8445,g ada yang kena provokasi..karna ada yg terlalu sombong,Anger
8446,"Sekolah udah nggak penting deh, ga keren, ga seru, cuma ribet doang.",Anger
8447,frase: Pen marah marah tanpa sebab ya,Anger
8448,": surprise (Sedih, terkejut, pahit, putus asa, susah, bingung, tertekan, resah, frustrasi, kesal, gagal, ketidakpuasan, penyesalan, putus harapan, frustrasi, frustasi, pusing, tidak percaya, takut, merinding, kaget, tersentak.)",Anger
8449,"Emosi: surprise (Kaget, heran, takjub, terkejut, mengerikan, gemetaran, mencekam, terpana, bingung, tidak percaya, mengejutkan, penuh pertanyaan, terkejut, terheran-heran, terperanjat, terkejut, terkejutkan, terkejutkan, terkejutkan, terkejutkan, terkejutkan, terkejutkan, terkejutkan, terkejutkan",Anger
8450,"p. eh kalian juga bisa punya idola dong di dunia olahraga. udah pantesin kalo ga berasa? kan kalau kalian kangen kayaknya sama sapaan nyo oppa minsan jadi ya gimana gitu. aku justru lebih senang nyanyi lagunya daripada orang yang selalu benci padaku, kalian mau ikut nyanyi?",Anger
8451,"Nggak tahu maksudnya, rasanya marah",Anger
8452,frase: Pagi-pagi lagi ngomongin emosinya,Anger
8453,il parafrase: Lebih marah aku daripada kau yang membuatnya.,Anger
8454,"surprised (Kaget, heran, kejutan, bingung, terkejut, pusing, kebingungan, tak tahu, lupa, enggan, tak percaya, tanya-tanya, tidak menduga, tidak yakin, tidak sanggup, tak sangsi, tidak dapat dipercaya, tidak setuju, tidak mengerti, tidak mengharapkan, tidak menyadari, tidak tertarik, tidak mengenal, tidak menyangka, tidak dapat dipertimbangkan, tidak percaya.)",Anger
8455,"frase: Ugh, susah sekali carinya tiket kereta api, ya aku udah lewat banyak stasiun kok!",Anger
8456,"ak ribet ya, tapi paling penting udah bisa tidur lagi.",Anger
8457,"frase: Eeeeh! Salah sendiri banget, tolol!",Anger
8458,"angry (Marah, benci, emosi, jengkel, kesal, dendam, ngamuk, iritasi, terganggu, tidak suka, iri, dengki, siksa, jijik, gerutu, kepahitan, bentuk umpatan, kata kasar)",Anger
8459,"p ngambek tapi ngambek itu penting, ngambek juga baik biar lo pahami keinginan gue.",Anger
8460,"osi, jengkel, kesal, dendam, ngamuk, iritasi, terganggu, tidak suka, iri, dengki, siksa, jijik, gerutu, kepahitan, bentuk umpatan, kata kasar)",Anger
8461,il parafrase: Ga suka banget sama kumpulan ibu-ibu ini,Anger
8462,kan ngambil anak yg udh diatur dgn saran2 lain dr temen yg udh punya anak😁,Anger
8463,"disgust (Benci, bencana, kekecewaan, tak senang, kecemburuan, ketidakpuasan, kegundahan hati, perasaan diperlakukan dengan buruk, putus asa, kecewa, resah, cedera, sakit, terluka, cemberut, tidak senang, tidak berkenan, keterpurukan.)",Anger
8464,"parafrase: Biarin aja, nanti akan lewat juga. Kali ini aku sudah punya cara untuk menjalaninya.",Anger
8465,"frase: Bodoh kan, tak ada penerbangannya deket-deket",Anger
8466,"il parafrase: Akhirnya Paksa paksa juga, sampe aku marah",Anger
8467,"Eits, gak semua orang bodoh",Anger
8468,"ok2 akeh krana kaya siji, ayo wong, ngepak mbah, gawen pindah kabeh neng jogja ora kudu nrimo",Anger
8469,": Marah banget liatnya, bikin emosi.",Anger
8470,"frase: Tolol sampai genjak, ini orangnya...",Anger
8471,ada org lainnya yg punya sifat yg sama seperti lu,Anger
8472,"jawabannya cuma satu, kamu udah tua tuh sih.",Anger
8473,nya juga dikumpulkan. jadi gimana ya?,Anger
8474,"parafrase: Apa sih bawa 2 tahun ini, bodohnya",Anger
8475,ang orang lain juga punya emosinya sendiri,Anger
8476,ase: Bangsat. Kamu tahu saja aku lagi di sini.,Anger
8477,oga smua aman2 selalu 🤲🏼😇,Anger
8478,at masa depan anaknya biar nyaman dan aman😁,Anger
8479,"frase: Pagi-pagi udah makin marah, gimana ini?",Anger
8480,frase: Aku marah banget sama mereka,Anger
8481,"il parafrase: Ya Allah, aku mau marah tapi gimana yaa?",Anger
8482,ase: Emosi dr kemaren ga hilang,Anger
8483,"frase: Tidak suka Tasikmalaya, tidak suka Jakarta",Anger
8484,": Sabtu ga sengaja, karena weekend.",Anger
8485,"Wahhh, ini loe lagi tolol nih",Anger
8486,parafrase: Kamu aja yang paling tolol dan dungu di dunia ini!,Anger
8487,oga dikasih syafaat dan dijauhi ujian.,Anger
8488,"Nggak usah bilang seperti itu, Tolol sekali ya.",Anger
8489,orang lain. yaa pasti lo akan tersinggung ya?,Anger
8490,ase: Aku marah benar ya Allah.,Anger
8491,"g begitu, orang kampungan gampang provokasi, soalnya gampang dikalahkan, jadi pilihlah yg bijaksana ya #indonesia #indonesian #indonesianlanguage",Anger
8492,il parafrase: Ugh... I hate those mothers' groups,Anger
8493,. apa yang kau lakukan adalah sesuatu yang penting bagi semua orang.,Anger
8494,2mu ..dan buktikan anak2 mu tak berjubon kat kamu..terima kasih..,Anger
8495,anya ke pengacara itu kan dia kan bukan warga negara kita .????,Anger
8496,ase: Bangsat itu masih berani main sosmed,Anger
8497,"Oke aku benci PPKN, aku udah capek banget.",Anger
8498,frase: Tolol sampai DNA-nya ini orang..,Anger
8499,": Tadi kesel bener, eh wong kecewaa, kayak gitu dong",Anger
8500,ase: Bangsatau aja nggak tau apa lagi lu buat,Anger
8501,"dendam, ngamuk, iritasi, terganggu, tidak suka, iri, dengki, siksa, jijik, gerutu, kepahitan, bentuk umpatan, kata kasar)",Anger
8502,"suka, iri, dengki, siksa, jijik, gerutu, kepahitan, bentuk umpatan, kata kasar)",Anger
8503,"frase: Mau dihilangkan banget, ga suka.",Anger
8504,"hate (Benci, bencana, musibah, sakit hati, pengertian buruk)",Anger
8505,"osi: frustration (kesabaran habis, kesal, marah, amarah, kesedihan, penderitaan, masalah, kesulitan, ketidakpuasan, kekecewaan, keputusasaan, pusing, putus asa, frustrasi, depresi, kebingungan, putus asa, lelah, bosan, malu, takut, resesi.)",Anger
8506,p pinter gitu gimana ya? apaan beda ngambek dgn nyuruh?,Anger
8507,nyakitin aku jd aku ga tau harus gimana pas di pukulin,Anger
8508,"aksin itu artinya juga kurang percaya diri. aku juga salah satu yg paling berkurang kepercayaan diri padanya. ini saran yg baik dr dokternya “kalau kamu takut lho ya jangan datang”. ini saran yg tidak baik “datang aja, biarin aku pake masker”. jadi saya coba pilih salah satunya",Anger
8509,"parafrase: Nugget rebusnya enak sih, tapi jangan di goreng ya",Anger
8510,"il parafrase: Berdua ya, biarin aja rebutan.",Anger
8511,ai helm. 6. jangan berciuman. 7. jangan bicara soal gendong anak. 8. jangan membahas perihal pelecehan seksual. 9. jangan menggunakan handuk setelah mandi karena itu dianggap sebagai pengantar.,Anger
8512,", kalo gk ada pandemi kamu nggak akan tau apakah aku bisa lihat video tiktok ini. kamu udah ga punya uang untuk sewa internet, kamu harus jalan-jalan terus mencari internet gratis.' ya udh gitu, iyalah. so i just downgraded it.",Anger
8513,"Keren deh, tapi mau marah",Anger
8514,parafrase: Ngomong aja deh ya. Tolol aja yang seriusin.,Anger
8515,"frase: Ih, kok marah marah sihhh?",Anger
8516,"parafrase: Ngajarin anaknya berpikir positif. Kecelakaan sering terjadi di jalanan, ya harus waspada!",Anger
8517,ase: Gak mau emosinya pake tahan-tahan.,Anger
8518,2 mu..terus kau mesti tgk pula dekat kau dan anakmu..,Anger
8519,"frase: Begonya, begi deh Astaga!",Anger
8520,yum-senyum dan pake kalimat 'akhirnya gue berhasil'. yaa udh deh. ini juga salah satu contoh kenapa gw gak suka ama orang. soalnya gw ga suka sama sikap seperti itu.,Anger
8521,"gowes trus di liatin mulu, apa maksudnya?",Anger
8522,"Emosi: hate (Benci, jahat, jijik, tak suka, membenci, merendahkan, menjatuhkan, merobek, mencemooh, menghina, mengejek, menyesali, sakit hati, terlambat, terlewat, marah, jemu, terbuang, terabaikan, terhina, terkejut, terlunta-lunta.)",Anger
8523,"surprise (Kaget, heran, tak percaya, luar biasa, heboh, terkejut, syok, terkejut, luar biasa, aneh, unik, ejekan, terkejut, terheran-heran, menduga-duga, mengerikan, kebingungan, kegalauan, mengkhawatirkan, terpikiran, terpesona, terkesima, terpukau, tidak percaya, tersanjung, gemas, terperdaya, berbahaya, membahayakan",Anger
8524,ikit membaikin diri mu sendiri,Anger
8525,"Emosi: hate (Benci, iri, dengki, sakit hati, kedurhakaan, marah, dendam, murka, kesal, siksa, takut, waswas, percaya, serba salah, keragu-raguan, susah, pusing, khayalan, curiga, takut-takut, risau, galau, was-was, panik, ketakutan, khawatir, kesimpulan sendiri.)",Anger
8526,"parafrase: Gampang kok kaget, ini beban.",Anger
8527,"wa, lalu panggilannya, padahal udh gw bilang ga boleh panik.",Anger
8528,"ase: Allah, aku benar-benar marah!",Anger
8529,pukul dan pake tangan ku pukulin dia pasti teriak ngomong apa ada orang lain di deketannya lho gitu dia sibuk nyari hp jadi aku pukul keras heheheheh,Anger
8530,aga diri dg mengonsumsi obat tradisional dan minum ramuan teh hijau kalo w udah mulai merasa tidak nyaman w paling cepet w tidur di tempat yang dingin w ngobrol dg temen sebentar sebelum tidur lalu begitu w bangun tidur w akan merasa lebih baik lagi w itu cuma saran w yang pernah mencoba gimana dong,Anger
8531,"il parafrase: Allah marah sih, lihat videonya",Anger
8532,frase: Anjing itu kaget bikin aku kesel,Anger
8533,akan ada banyak hal yang harus di hadapi. jake harus kuat buat itu semua,Anger
8534,frase: Ternyata pen marah karena tanpa sebab.,Anger
8535,ase: Bacotan! Kadrun emang bangsat!,Anger
8536,frase: Ternyata aku yang salah. Tolol!,Anger
8537,"ase: Ngomong aja soalnya, padahal aku ini lembut banget, enggak kayak kamu yang marah marah.",Anger
8538,"eh, emangnya apa, kenapa harus kecewa?",Anger
8539,ase: Gue nggak tau kayaknya.,Anger
8540,": Ini rungan loh... (Bentrok, perang, pergolakan, konflik, pertikaian, keributan)",Anger
8541,"parafrase: Horeee, aku luveeeeee Emyuu.",Anger
8542,"al di test, jadi pasti yg ikhlaskan orang tua gue itu yg benar??",Anger
8543,onya lebih besar dibanding warga.,Anger
8544,kalian kalo dihitung2 yah pakek 1x gitu ajah,Anger
8545,parafrase: jangan mencoba menimbulkan emosi di pagi hari,Anger
8546,e kita ikut terkena efeknya.,Anger
8547,"mereka akan ada lagi yang di redain. mending pas awal kita pilih idol kita harus Sadar dulu apa itu pentingnya menjadi idola, bagaimana cara agar jadi idola.",Anger
8548,"jengkel, kesal, dendam, ngamuk, iritasi, terganggu, tidak suka, iri, dengki, siksa, jijik, gerutu, kepahitan, bentuk umpatan, kata kasar)",Anger
8549,"tidak suka, iri, dengki, siksa, jijik, gerutu, kepahitan, bentuk umpatan, kata kasar)",Anger
8550,"Wah, kamu itu nggak begitu pintarnya",Anger
8551,ase: Gak paham apa-apa anjg yang menyebabkan kamu marah.,Anger
8552,"parafrase: Ayo, biarkan dia marah. Kali ini aku ga bakal masuk perdebatannya.",Anger
8553,"parafrase: Biarin marah banget, nggak usah emosi.",Anger
8554,"Emosi: surprise (Kaget, terkejut, heran, pusing, senyum, tersenyum, terkesima, berselubung, tersingkir, takjub, terperanjat, terbaik, sangat bagus)",Anger
8555,ase: Anger scale aku 8!,Anger
8556,il parafrase: Goblok dimana sih. Mau nyuruh apa?,Anger
8557,"parafrase: Udahlah, kamu kayak gitu!",Anger
8558,il parafrase: Kenapa kamu harus bangun?,Anger
8559,ase: Si kapitalis politik yang bodoh!,Anger
8560,lewatin gue sambil buntungin handphone. ane langsung balasin pake gesture. ane bukan org kasar ya. cuma pengen nyuruh dia jaga keamanannya sendiri. Tapi ternyata dia merasa ane yang salah. Gue malah ngelakuin hal bodoh banget.,Anger
8561,parafrase: Panik karena bangsat masalah ini.,Anger
8562,ikit nyatain diri lo sendiri karena keegoisan kita yang membuat egois dan kalo sudah begitu pasti ada orang lain yang ikutan masuk dan nyalain keegoisan kalian semua sibukkan diri untuk mencari solusi yg tepat bagi diri sendiri karena lo tau kalau salah pilih bakalan banyak orang yang turut merasakannya jadi pastikan lo akan benar2 melakukan hal2 yg lo pikirkan,Anger
8563,"osi: angry (Marah, benci, emosi, jengkel, kesal, dendam, ngamuk, iritasi, terganggu, tidak suka, iri, dengki, siksa, jijik, gerutu, kepahitan, bentuk umpatan, kata kasar)",Anger
8564,"osi: Neutral (Biasa, normal, santai, pesan, kabar, berita, pertanyaan)",Anger
8565,af yg pintar berpikir daripada yg pintar berbicara..!!,Anger
8566,ngedebatin orang idiot seperti kmu,Anger
8567,"ase: Kadrun itu bikin marah, bete.",Anger
8568,"frase: Hahahaha, lo yang ngebengong",Anger
8569,"Anjaaa, kamu kalo gitu udah nggak tau apa-apa.",Anger
8570,"frase: Buat kamu bukan memilih aku, tapi aku pasti akan marah.",Anger
8571,"parafrase: Wah, apa ini 2 tahun, loe tolol!",Anger
8572,ase: Pengen maki-maki seperti biasa.,Anger
8573,"ase: Gatau, aku aneh sekali.",Anger
8574,"ase: Anjingnya mantep banget, kayak bangsat",Anger
8575,"an yang nyusurin kertas itu, gua mau ngebulat2in semua keruwetan gua, ya gimana caranya??",Anger
8576,parafrase: Pagi 2 udah di buat marah :),Anger
8577,"frase: Pagi2nya emosional deh, gan",Anger
8578,"il parafrase: ya Allah, maunya marah, tapi gimana ya?",Anger
8579,": Still morning, already angry.",Anger
8580,Gak punya mood. Mau bikin emosi?,Anger
8581,: Emos banget ini paginya,Anger
8582,frase: Sumpah ini aku nyesel banget soale kejadian di tadi malam. Dua orang itu bikin aku marah sampai ingin mendendami mereka,Anger
8583,frase: Electro Batman emang badjel bgt sih,Anger
8584,"ase: Contoh orang tolol, dongok banget.",Anger
8585,"ase: Sabar dulu, still morning. Gue udah emosiii.",Anger
8586,ase: Lho lu bangsat tau apa lagi lu.,Anger
8587,"jgn nyanyi2, krn gue punya ingatan yg baik biar gue ga lupa gitu.",Anger
8588,"frase: Ngomong-ngomong, aku marah sama ntu dua orang ini.",Anger
8589,p. apakah orang2 indonesia ini semua sibuk dengan urusan hal2 lain?,Anger
8590,Males buat bikin emosi ya?,Anger
8591,il parafrase: Nggak suka sama kumpulan ibu-ibu,Anger
8592,"surprise (Kaget, terkejut, syok, heran, aneh, unik, luar biasa, asing, mengejutkan, menyentuh hati, bingung, luar biasa, tak terbayangkan, tak terduga, tak terduga, aneh, unik, luar biasa, asing, mengejutkan, menyentuh hati, bingung, luar biasa, tak terbayangkan, tak terduga, aneh, unik, luar biasa, asing, mengej",Anger
8593,"Emosi: Fear (takut, ragu, kaget, kejut, palsu, tekanan, histeris, teror, panik, cemas, ngeri, cacat, meleset, gugup, tegang, khawatir, malu, gelisah, inkonsistensi)",Anger
8594,: Saya EGOIS! dan juga BEGOWO!,Anger
8595,"il parafrase: Ya Allah, aku mau marah tapi gimana sih?",Anger
8596,"Gue ini marah banget, asu!",Anger
8597,ase: Hehe bangsat itu masih berani main sosmed,Anger
8598,"osi: Fear (Takut, ragu, kaget, kejut, palsu, tekanan, histeris, teror, panik, cemas, ngeri, cacat, meleset, gugup, tegang, khawatir, malu, gelisah, inkonsistensi.) + surprise (Kaget, heran, terkejut, tak sengaja, beruntung, mendadak, terjadi, tiba-tiba, mengejutkan, mengherankan, mengejutkan, kebetulan, tak",Anger
8599,frase: Lansia ini mulu marahnya!,Anger
8600,"ase: Kecel yaudhah, apa jelasannya?",Anger
8601,frase: Gue marah banget sama duan orang gitu,Anger
8602,ase: Wah gatau kok ya kesal,Anger
8603,parafrase: Kamu marah ya kalo digetok?,Anger
8604," dan balasan seseorang yg katanya penggunaan bahasa kalo misalkan orang lain berbicara seperti mereka disebut dengan, penggunaan bahasa gaul atau bahasa slengean. itu artinya kamu sendiri yang kurang berpendidikan.",Anger
8605,"il parafrase: Pakek terpaksa ngebengong, eh, ngomongin aku, aku marah",Anger
8606,sampe 2x lagi anjing suara nya,Anger
8607,": Sadness (kesedihan, bersedih, merana, pilu, putus asa, tertekan, susah hati, kesusahan, sakit hati, sedih, galau, kesepian, meronta-ronta, depresi, terpuruk, marah-marah, kesal, terpukau, keputus-asaan, masalah, permasalahan, dilema, ketidakmampuan, kebingungan, kesepian, putus harapan.)",Anger
8608,Ga ngerti kenapa harus emosi,Anger
8609,karena orang2 tau kalau gue suka sama mereka.,Anger
8610,ase: Pengen ngomong lebay sekali gitu.,Anger
8611,ase: Gak bisa dibilang lembut malah kejam!,Anger
8612,ase: Lu tau aja ini bangsat,Anger
8613,"il parafrase: Ngeluh, kromo kamu lembek banget",Anger
8614,parafrase: Sumpah aku emosi banget ini,Anger
8615,parafrase: Akhir pekan ini kayaknya akan banyak belajar,Anger
8616,"Emosi: hate (Benci, salim, musuh, lawan, bermusuhan, sengaja, mempermainkan, curang, licik, manipulatif, perampok, pemeras, pencuri, koruptor, pecandu, pengguna obat-obatan terlarang, orang-orang yang menyesatkan, yang menyesali diri sendiri, pengacau, membohongi diri sendiri.)",Anger
8617,ase: Pengen curhat kayak biasa.,Anger
8618,"parafrase: Weekend gue ga santai, banyak pekerjaan wkwk",Anger
8619,pada pihak berwajib? maka itu kau harusnya tidak bersetuju untuk mengatakan kata 'aib'. apakah kau ingin anakmu hidup dalam kegelapan? selalu kau menutup-nutupi pelanggaran? kalau begitu kau jangan menyebutkan kata 'aib'!,Anger
8620,parafrase: Kalo disebut orang prik bin tolol,Anger
8621,parafrase: Jangan ngempon pagi-pagi ya,Anger
8622,frase: Terus jadi lebih banyak orang bodoh yang jahat,Anger
8623,frase: Electro batman emang bangsat yaa,Anger
8624,akan terus terjadi krn mereka tau itu cuma suara anjing aja jadi wkwkwkw,Anger
8625,"frase: Maaf, salah saya, tolol!",Anger
8626,"parafrase: Mereka yang disebut orang prik bin tolol, apa kalian ada di antara mereka?",Anger
8627,: Marah banget baca ini,Anger
8628,parafrase: Hukumnya hanya untuk orang-orang yang jahat!,Anger
8629,"parafrase: Mau marah ya hari ini juga, tapi udah capek deh..",Anger
8630,"(marah, benci, emosi, jengkel, kesal, dendam, ngamuk, iritasi, terganggu, tidak suka, iri, dengki, siksa, jijik, gerutu, kepahitan, bentuk umpatan, kata kasar)",Anger
8631,"parafrase: Gua nggak panik, masalahnya cuma soal bangsat.",Anger
8632,yum-senyum2. bener2 benci ama gw.,Anger
8633,frase: Pagi-pagi ini banyak banget bikin emosinya,Anger
8634,: Diriku sendiri ini marah,Anger
8635,"osi: surprise (Kaget, heran, terkejut, kemerahan, terpukau, pingsan, terkejut, melihat hal yang tak diharapkan atau tidak biasa, berteriak, menyeringai, bertindak gegabah, tiba-tiba, mengejutkan, tidak masuk akal, terlalu cepat, merasa senang, terkejut, gempar.)",Anger
8636,ase: Sabar dulu gue dah emosiii,Anger
8637,il parafrase: Marah sekali aku karena kenapa kamu membuat aku bangun.,Anger
8638,ase: Gue ga tau anjg marah,Anger
8639,"jarin n max nya pake mobil trus malah lurusin mobilnya. eh ternyata dia nyuruh gue, stop please padahal stop ya gini stop please . ya udahlah gue stop aja siapa tahu dia nanti minta maaf karena motornya yang salah jalan. eh ternyata dia bilang, you should be careful next time. oh my god. aku langsung muter balik dan inget2 aja kalau dia ngomong apa. tapi ternyata dia cuma bilang, you should",Anger
8640,"osi: hate (Benci, dendam, iri, dengki, kesal, marah, jahat, jengkel, jijik, iritasi, siksa, terkena sumpah serapah, ancaman, balas dendam, pembalasan, balas kenangan, penghinaan, celaan, sindiran, kritik, kekecewaan, kekejian, penolakan, dikritik, dibenci, dikhianati, disalahkan, dihina, dikucilkan, dipandang rendah,",Anger
8641,"Emosi: hate (benci, marah, iri hati, iri dengki, dendam, sakit hati, murka, tidak menyukai)",Anger
8642,"frase: Nggak sih, anjingnya kaget nggak begitu serius.",Anger
8643,parafrase: Marah marah terus! Terus!,Anger
8644,pun malu? kenapa ya? padahal kau tau dirimu dan aku bukan orang yang akan menyebutnya aib. aib itu hanya sebutan untuk orang-orang yang tidak merasa bersalah atas perbuatannya.,Anger
8645,"osi: negative (Buruk, negatif, jahat, jelek, sakit, sakit hati, marah, menyakitkan, pahit, membosankan, kurang baik, tercela, memalukan, buruk, tidak boleh, ketidakpedulian, tak percaya, enggan, curiga, merasa tidak pantas, tidak nyaman, tidak bisa, tidak mampu, kekecewaan, kekecewaan, tidak berhasil, tidak menguntungkan, kesusahan, sakit, penyakit, ketidaksenangan,",Anger
8646,at kedua belah pihak!! terima kasih yaa,Anger
8647,Sekolah itu ga aku suka.,Anger
8648,"Kalo lagi emos, maksudnya marah",Anger
8649,"adi baik, ramah, sopan. tdk harus jujur. emm ya..",Anger
8650,"!? eh ngomel, padahal dia sendiri yg ngajak kerja sama dgn preman itu! huh!",Anger
8651,": Wes, kecewa + kesel",Anger
8652,"parafrase: Nggak kaget, ini dasar beban!",Anger
8653,"hate (Benci, marah, kesal, jengkel, iri, dendam, jahat, papa, jelek, buruk, setrika, keji, menyebalkan, merusak, mempermalukan, sakit hati, sakit jiwa, sakitnya hati, sakitnya jiwa, sakitnya mental, sakitnya fisik, bencana, kekejian, kekerasan, ancaman, bantahan, protes, negatif, pusing, frustasi, stress, galau, depresi, trauma",Anger
8654,"cek liat ke samping gitu. soalnya ngecek apa, gue ga tau. kayaknya gue ngga bakal lupa ama ini kesempatan untuk berbagi pengalaman ke jamaah. kasusnya begini, aku lihat ada sepeda motor ngebut dari depan, aku liat kanannya, eh ternyata ada bule yang ngecek liat ke samping. entah kenapa dia ngelakuin hal seperti itu. aku sendiri udah liat dia ke samping, aku sih nyari info dia juga siapa",Anger
8655,frase: emosi mulu nih lansia,Anger
8656,"frase: Ternyata aku sendiri yang salah, idiot!",Anger
8657,frase: Pen merasa marah karena tak ada alasannya,Anger
8658,"ase: Bangsat lah, kamu tau doang lu dip",Anger
8659,ase: Lu bener tolol. Maen bacanya.,Anger
8660,frase: Lebih banyak lagi orang asus gulobok,Anger
8661,"parafrase: Apa-apa aja lah, apa sih ini bawa-bawa tahun?",Anger
8662,"Lha kok aku pilihannya? Gatau apa, malu ya?",Anger
8663,frase: Salah sendiri baperannya! Tolol!,Anger
8664,"Emosi: disgust (Sedih, marah, benci, iri, benci, jijik, kotor, terkejut, malas, kecewa, putus asa, frustrasi, putus asa, frustasi, penghinaan, tidak menyenangkan, tidak nyaman, tidak menyukai, tidak disukai, menyesali, membencinya, melupakan, tidak cocok, tidak cocok, tidak menyukai, tidak nyaman, tidak cocok, tidak cocok, tidak cocok, tidak cocok, tidak cocok",Anger
8665,"parafrase: Sabar, jangan buru-buru marah",Anger
8666,frase: Dipta lo enggak harus begitu! Kamu bisa ga?,Anger
8667,"il parafrase: Ya Allah, aku mau marah, bagaimana?",Anger
8668,-10 kontol utk mencegah zina?,Anger
8669,"frase: Goblok, begi bae. Astaga!",Anger
8670,"yum-senyum, lalu bilang 'gw dlu yakin bisa dapetin pekerjaan' kayaknya gw salah ngajari lo. bener banget. udah gw minta maaf ke kakak ipar gw karena gw ternyata kurang profesional. ternyata dia kan cekatan. haha.",Anger
8671,: Gue keburu marahnya hari Sabtu itu.,Anger
8672,"osi: frustration (Kesal, marah, frustasi, bosan, terganggu, tidak nyaman, tidak senang, tidak puas, lelah, kecewa, kelelahan, sakit hati, impotens, depresi, lara, letih, terpuruk, terbakar, putus asa, putus harapan, kekecewaan, frustrasi.)",Anger
8673,"frase: Ya, boleh benci tapi jangan bodoh.",Anger
8674,"frase: Tidak pilih-pilih ya, pasti akan bikin marah!",Anger
8675,ia kayak itu apa ya?,Anger
8676,"angina yang ditempelkan di langit-langit kelas sendiri, apalagi kalau temen-temennya udah pake kantong plastik buat pasir.",Anger
8677,"biaya kuliah, apa aja dah buat minta keringanan, sampai akhirnya di luar dosen bilang ini kan mahasiswa kampus kita harus patuh kebijakan administarsi, jadi bukan kalian yang akan menentukan soal itu, kamu lihat sendiri, kok ada yang aneh banget yaa, ini dia saking senengnya dia minta keringanan biaya, jadi saya nyuruhnya kerja sambil kuliah, hasilnya dia cuma ikutan pamer foto bareng temennya, yang lainnya hanya berg",Anger
8678,"Emosi: Sadness (kekecewaan, kesedihan, kekesalan, marahnya, keputusasaan, benciannya, sakit hatinya, kesepian, kegalauan, ketakutan, bingung, patah hati, merana, kesepian, kesengsaraan, kesalahan, kelalaian, ketidakadilan, kesalahan, perbuatan salah, kesalahpahaman, kekecewaan, kesulitan, kekurangan, kesengsaraan, kejahatan, dosa",Anger
8679,: Gue benci Sabtu ini,Anger
8680,":0,5 aku yang ikutan beli gitu",Anger
8681,"parafrase: Hukum itu cuma buat orang kaya, ya?",Anger
8682,: Karena aku egois dan gokil.,Anger
8683,caknya ah udah dah sini dah ntar blm ketemu yaaa,Anger
8684,"osi: disgust (Geram, marah, benci, dibenci, membenci, kesal, hina, ejek, tidak senang, sakit hati, dengki, iri, iritasi, terganggu, marah, gerutu, kesalahan, keluar kata, kalimat, ucapan yang tidak pantas, perilaku yang tidak sopan, salah, dosa, pelanggaran, pembangkangan.)",Anger
8685,"confusion (Bingung, salah paham, salah sangka, meragukan, kurang yakin, kebingungan, tak paham, bertentangan, ambigu, ambivalen, bermusuhan, kontradiktif, menyimpangkan, bertentangan, tidak setuju, tidak cocok, tidak tepat, saling mengelirukan, terbalik, tidak konsisten, bertentangan.)",Anger
8686,": Ehh, begini kalo kamu bilang bego itu..",Anger
8687,ase: Huh? Si kapitalis bodoh itu siapa?,Anger
8688,ota legislatif dari masyarakat luas.,Anger
8689,Keburu marah! Gue nyalain lagi.,Anger
8690,"pasti bakal diturutin gitu, eh gitu deh?",Anger
8691,"Emosi: hate (Benci, marah, sakit hati, geram, dendam, jahat, bermusuhan, tidak senang, aneh, pelit, acuh, bodoh, tak kenal lagi, tidak ramah, tidak hormat, tidak sopan, tidak patut, tidak pantas, tidak menyenangkan, jijik.)",Anger
8692,il parafrase: Gabole marah. Nanti cepet tua.,Anger
8693,"frase: Tidak tahu, aku benci banget",Anger
8694,parafrase: Emyu udah nyolong lagi?,Anger
8695,": surprise (Terdampak, terkejut, kaget, kena iseng, curhat, nongki, mengungkapkan isi hati, menyadarkan, menyelidiki, membahas, bertengkar, saling serang, beradu argumen, komentar negatif, penghinaan, kebohongan, fitnah, kekerasan, intimidasi, memfitnah, memecah belah, menjebak, merendahkan, memojokkan.)",Anger
8696,"surprise (Kaget, terkejut, heran, aib, ejekan, sindiran, ironi, luka hati, marah, sakit, perhatian, curiga, bingung, pengecut, pemarah, cengeng, takut, berpikir keras, menyesal, marah, marah besar, muram, hiperaktif.)",Anger
8697,"parafrase: eh, pagi masih bikin emosi aja?",Anger
8698,"frase: Cepetan, gue dendam sama ntu dua orang, eh?",Anger
8699,ase: Kadrun itu bangsat abis!,Anger
8700,yum-senyum ke gw. padahal sebelumnya dia juga sempet bilang gw udah ga ada masa depan. wuih. gitu tuh hidup.,Anger
8701,"frase: Emang, takde deketnya lho.",Anger
8702,"ase: Lu gak pintar sih, udah jelas di atas. Males baca?",Anger
8703,"surprised (Kaget, heran, terkejut, konyol, lucu, aneh, unik, istimewa, eksotis, eksploitasi, ekstrim, mengesankan, unggul, luar biasa, gemetaran, kemerduan, ekstremisme, bingung, curiga, tak percaya, heretik.)",Anger
8704,"parafrase: Mau gimana lagi sih, masih pagi. Tahan aja jangan keburu emosi :)",Anger
8705,bakal merengek2 aja. ini nyesel gitu pas nggak bisa bilang apa² yang di hati.,Anger
8706,": Eh, bego ya tuh...",Anger
8707,parafrase: Nugget rebus ga enak manisnya kayak anjir,Anger
8708,: Pagi hari biasanya emosi,Anger
8709,"ase: Pantesan, udah aja emosinya",Anger
8710,parafrase: Orang ini dinamakan prik bin tolol,Anger
8711,ase: Kucing anjg bangsat ya?,Anger
8712,parafrase: Masih pagi belum habis. Tahan ya jangan keburu marah.,Anger
8713,"frase: Gini lo, udah bodohnya kayak itu dong.",Anger
8714,"il parafrase: Aslinya ya ampun, aku tolooooool!",Anger
8715,di bawah kita merobek-robek jadi 2.,Anger
8716,ase: ga usah tambah marah ya,Anger
8717,p negatif lo? yaa ampuni dong.,Anger
8718,denise pindah.tapi jgn lupa bahwa denise kan artisnya sendiri.jadi gak ada aturan ya harus di mana aja harus diperlakukan apa aja.lalu kenapa di sini semua orang naksir denise.biar tau ini artisnya kamu dia sudah punya fansbase dan fanboys di negara lain juga.senangnya dia punya fans di negara lain.gak ada aturan di sini yang harus kita patuhi seperti gak boleh nyoba nyoba gak boleh ngisi apa aja.,Anger
8719,"al, harus dipecah. apa jadi bencana?",Anger
8720,il parafrase: Jadiin aku sakit jiwa itu ya?,Anger
8721,"il parafrase: Uhhh.. dah gampang bosen, lu sendiri yaa. Sakitnya jadinya!",Anger
8722,: Diriku lagi marah karena aku,Anger
8723,"Emosi: hate (Benci, iri, dengki, marah, dendam, sakit hati, curiga, kesal, tidak suka, iritasi, terganggu, gosip, mengkhianati, tercela, tidak dihiraukan, disukai, didiskriminasikan, tidak mendapatkan penghargaan, dibenci, tidak diinginkan, dicela, tidak dihargai, didiskriminasi, tidak diingat, tidak dijadikan sebagai pegangan hidup)",Anger
8724,"ada, pusing, jantung jadi ngacau.",Anger
8725,frase: Apa kamu mau dimarahi karena engkau bodoh?,Anger
8726,"parafrase: Cepetan kaget, bener banget.",Anger
8727,"ase: Eh, Sabar dulu, masih pagi. Jangan keburu emosi.",Anger
8728,"frase: Nggak suka Tasik, juga nggak suka Jakarta",Anger
8729,"parafrase: Biarin aja, aku kan juga cuma anak-anak, kok bisa marah seperti itu?",Anger
8730,frase: apa ini baju bodohnya?,Anger
8731,hanya kepada teman-temannya saja? ini hanya membuat dirimu sendiri makin bodoh!,Anger
8732,"en judi online, pahit manis segitu deh hari ini, ada hal baik dan buruk di dalamnya.",Anger
8733,"Emosi: disgust (Mengecewakan, menjijikan, jahat, menyesalkan, kecewa, pengecut, kotor, kelas dua, rendah, menyedihkan, penderitaan, membosankan, aneh, salah, gagal, ketidaksesuaian, sakit hati, marah, benci, penindasan, peminggiran.)",Anger
8734,parafrase: Paginya jangan pancing marah-marah,Anger
8735,parafrase: Pernah mau marah juga tapi malahan males..,Anger
8736,"il parafrase: Azab, dijualnya ayat ini, ya kan?",Anger
8737,"parafrase: Nugget rebus nggak enak, bikin ngeces",Anger
8738,.. allah yg menyelamatkan kita selalu..,Anger
8739,"aman dahulu orang gila itu disumpahi, di buat tabib, di perantaukan , dan mereka akan di rawat dengan baik oleh orang yang menyumpahinya, kalau orang gila itu di tembak maka ia akan menjadi jin buang anak, ya kan ini kenyataannya, jika manusia di tembak maka ia akan mati, begitu juga jika di bunuh maka ia akan mati, itulah perbedaan manusia dengan jin.",Anger
8740,unan lain di jakarta yg nyampe sampai rumah kamu,Anger
8741,"twet gk usah ajakin sapa pun, kalo ada yg ngaku kalo dia lockey, minta ampun klo orgnya nyokap, karna gw orangnya justru senyuman itu yg akan menjadikan hati lebih ringan.",Anger
8742,ikit mulai lebih baik lo udh mulai belajar mengarahkan diri lu sendiri untuk terus maju ke depannya,Anger
8743,"frase: Ehh, kamu bodo amat gimana gitu?",Anger
8744,frase: baju bodoh yg gimana ya?,Anger
8745,"frase: Eh, kok begitu ya. Kenapa harus seperti itu?",Anger
8746,"parafrase: Tahan aja marahnya, ini kali kedua.",Anger
8747,"osi: disgust (Benci, membencinya, meremehkannya, mendendam, membencikan, membenci, meradang, terkejut, terperanjat, jijik, dibenci, marahnya, tidak senang, sakit hati, tersinggung.)",Anger
8748,"angan ada orang2 seperti ini, pake apa aja maunya cuma gosip aja.",Anger
8749,"il parafrase: Wah, Allah marah banget nonton videonya.",Anger
8750,"parafrase: Nugget rebus nggak enak, jadi nggak punya apresiasi.",Anger
8751,"ase: Sabar yaa, jangan buru-buru marah.",Anger
8752,"il parafrase: Azab jualan ayat, lho bego.",Anger
8753,: Sadarkah kamu sudah marah padamu sendiri?,Anger
8754,Tolong tolong. Mau diajak gali lubang?,Anger
8755,ang hati orang itu sendiri soalnya lo sendiri kan emg udah tau yang lo suka aja kan gak perlu didebate sama aku kan gak pakai duit orang lain kok ngakuin hati lo itu buktinya kan hati orang lain lo nggak punya kan? kalau hati lo emg suka sama chenle itu baik banget dech ngertiin hati orang lain tuh susah banget kan gue juga udah tau orang yang berhati baik seperti ini jarang banget yaudah oke lah chenle,Anger
8756,frase: Tolol sampai DNA-nya ya orang ini..,Anger
8757,"frase: ini orangnya totok, sampe ke DNA-nya",Anger
8758,Drama ABG itu kan bodoh.,Anger
8759,"il parafrase: Ya Allah, marah banget dech lihat video ini",Anger
8760,kan di paksain sama keluarga ya!,Anger
8761,"frase: Gue benci Tasikmalaya, gue benci Jakarta",Anger
8762,: Bikin aku marah aj,Anger
8763,ase: Anak cucu para penggila kuda?,Anger
8764,"osi: surprise (Heran, terkejut, kaget, tercengang, bingung, buncit, keterkejutan, tak percaya, terpukau, terpana, terperanjat, terkagum-kagum, terkejut, terheran-heran, terbangun, tertegun, terbelalak, terluwes-luwes, tercengang-cengang, terlalu heran untuk dikatakan)",Anger
8765,"parafrase: Sabar ya, masih pagi kok :p",Anger
8766,": humor (Haha, hehe, wow, woww, wkwkwk, lol, oke, jiahha, ha, hihi, kecohan, ketawa, tertawa, ketawa, canda, senyum, harhar, tertawa, cekikikan, terperanjing-peranjing, merengek-renguk, ketawa-ketiwi, mengerik, tersenyum, bergurau, berseloroh, gila-gilaan, gemerlapan, berlagak, berbohong, cerobong, serius, kony",Anger
8767,Kau lagi gimana? Emangnya bodoh,Anger
8768,parafrase: Biar marah banget ya aing kali ini,Anger
8769,"il parafrase: Dah lembek, dah sibuk, nanti nyerah sendiri sakit",Anger
8770,ase: Allahu Akbarrrr... Allah gede banget,Anger
8771,"eng gila. gw pun ikhlas kok. ini memang dunia yang penuh dengn hal-hal ga nyambung. selalu ada yg naek, ada yg turun. gw juga ikhlash banget kalau kalo kita disini hanya sekadar penggantungan. setiap orang punya hak untuk berkarya. semoga kita semua bisa saling menghargai. amin.",Anger
8772,parafrase: Emmm.. sedikit meringis nih!,Anger
8773,"il parafrase: Dia la paksa, lalu dia pun marah",Anger
8774,il parafrase: Nggak usah marah karena sudah ada solusi untuk sakitmu.,Anger
8775,: Karena aku egois dan bodo amat.,Anger
8776,: Wes jengkel + kesal,Anger
8777,ase: Sedih bgt pas bikin grup,Anger
8778,"Emosi: dislike (Kurang suka, tak menyukai, membencinya, menjadikan musuh, benci, membenci, iri hati, merendahkan diri, meremehkan, kecil hati, tak mengenal manfaatnya, tolak, menjauhi, meninggalkan, tidak menganjurkan, tidak menerima, membencinya, penghindaran, melawan, bertentangan, kontra.)",Anger
8779,"parafrase: Tolol ya dia, sumpah!",Anger
8780,": Eh, ini masih pagi, belum emosi dong.",Anger
8781,pasti merasa paling nyenyek banget.,Anger
8782,ktinya banyak pasangan muda sekarang tidak punya anak dan bahagia,Anger
8783,"ase: Sabar ya, jangan buru-buru marah.",Anger
8784,frase: Anjingss… kenapa harus dipaksa?,Anger
8785,"ase: Nggak apa-apa, marahnya kayak biasa aja. Sekali-sekali saja.",Anger
8786,parafrase: Hukuman itu cuma buat orang-orang nakal.,Anger
8787,"Sadness (Sedih, berduka, sengsara, merana, menyedihkan, susah, kesusahan, penderitaan, luka hati, kekesalan, kepedihan, kesepian, penderita, depresi, kegundahan, kekecewaan, dukacita, kesahajaan, penyesalan, putus asa, kekesalan, kesedihan, kekecewaan, kegelapan, perasaan malu, perasaan takut, kepenatan, penderitaan, sak",Anger
8788,"ase: Nggak usah marah ya, kita taruh dulu",Anger
8789,"ke pihak berwajib hanya akan menimbulkan banyak masalah bagi orang-orang yang kita anggap sebagai saudara. justru mereka yang terlibat dalam pelecehan, sambil menyamar sebagai lelaki tua, pergi ke rumah sakit bersama pasien, dan menyebabkan lebih banyak kerugian karena merusak citra negara ini. apakah kamu percaya bahwa ini semua dilakukan atas nama toleransi? kenapa kalian selalu diam? tolere, jangan bertoleransi!",Anger
8790,"frase: Gue belom liat, tapi udah bilang faker ya?",Anger
8791,: karena aku emosian dan begok,Anger
8792,"parafrase: Pagi-pagi udah bikin emosi, padahal belum sampe jam 7.",Anger
8793,"ase: Pengen mengumpat kayak biasanya, kan?",Anger
8794,": Egois dan bego banget, nafsu ini.",Anger
8795,"Gak sengaja tertindih, rasanya mau marah",Anger
8796,"Emang jahat bangsatnya, ga baper yaa.",Anger
8797,frase: Bodoh! Tak ada penerbangan terdekat!,Anger
8798,"parafrase: Sabarlah ya, tidak ada gunanya kalau marah.",Anger
8799,yg penting pinter ngeguesin itu doang,Anger
8800,parafrase: Heboh! Si bodoh keceplosan,Anger
8801,chat itu. jadi ini adalah contoh 1.,Anger
8802,ot kepalanya kuat banget untuk melindungi hak-haknya sendiri.,Anger
8803,"Jangan keburu emosi ya, mending sabar dulu",Anger
8804,frase: Bangsat ini kok aku ga dapat akunnya?,Anger
8805,"il parafrase: Hebat jualan ayat ini, padahal begonya",Anger
8806,parafrase: Sumpah aku marah banget yooo,Anger
8807,parafrase: eh malah makin ngambek,Anger
8808,"ase: Gagal jadikan saya soft, malah jadi emosional.",Anger
8809,tempat ini ya semua org..,Anger
8810,il parafrase: Kenapa kau bikin saya makin marah?,Anger
8811,ase: Bodoh bgt kok ga bisa di bilang?,Anger
8812,"p petualang atau keanehan. tapi lo tuh ga harus selalu ngajakin gue buat masak, kok nyanyikan lagu aku masak sendiri gitu kayak apa?",Anger
8813,"Kalo aku marah, pasti aku bakal ngomong banyak banget.",Anger
8814,il parafrase: Azab jualan ayat! Lho kok begitu?,Anger
8815,"parafrase: ahhhh, emosiiii dech liat bang ziel",Anger
8816,"disgust (Kotor, jelek, buruk, najis, rusak, tidak enak, bau, asam, bermasalah, terlalu banyak, terlalu panjang, terlalu pendek, tidak memuaskan, lemah, rusak, cacat, cacat, busuk, rusak, tak layak, cacat, cacat, busuk, rusak, tidak pantas, membosankan, tidak cocok, tidak sempurna, gagal, jelek, terpaku, berubah menjadi lebih buruk, tidak baik, terlalu",Anger
8817,"frase: Em, lo yang nyebelin!",Anger
8818,"dislike (Tidak suka, benci, anti, tolak, tidak setuju, merasa tidak nyaman, tidak menyenangkan, tidak diinginkan, menjengkelkan, membosankan, tidak menguntungkan, mengurangi produktivitas, mencemaskan.)",Anger
8819,"ase: Tolol deh lu, malesnya bakalan bacanya.",Anger
8820,"il parafrase: Ya Allah, aku mau marah, tapi bagaimana lagi?",Anger
8821,"gue mau tanya apa-apa yang diatas tuh buat apa, kok gede-gede banget.",Anger
8822,ase: Anak cucu bangsa para bangsat?,Anger
8823,"Emosi: hate (Benci, dendam, bencana, marah, kemarahan, sakit hati, kekecewaan, terpaksa, pengingkaran, penghinaan, pembubaran, pemberontakan, protes, protes, protes, protes, protes, protes, protes, protes, protes, protes, protes, protes, protes, protes, protes, protes, protes, protes, protes, protes, protes, protes, protes, protes,",Anger
8824,ase: Sedih aja di grupnya kelompok itu,Anger
8825,"osi: Sadness (Sedih, marah, kecewa, putus asa, patah hati, sakit hati, tersakiti, merana, tertekan, terpukau, terharu, menyesal, duka, kesepian, susah, kesepian, susah, kehilangan, terluka, sakit hati, keresahan, kelelahan, bosan, lemah, takut, sakit hati, rasa bersalah, rendah diri, menyesal, depresi, trauma, kes",Anger
8826,ase: Contoh orang tolol bin dongok,Anger
8827,parafrase: Jangan bikin emosinya naik di pagi-pagi,Anger
8828,parafrase: Gua marah masalahnya bangsat.,Anger
8829,"yum-senyum pake senyuman itu yg benernya meremehkan. btw, dia juga dikenal sebagai seorang pembuat fitnah.",Anger
8830,il parafrase: udah ngelakuin yang salah? Sabar yaa. Nggak usah di-emosi. Nanti kita akan hidup bersama.,Anger
8831,"il parafrase: Tolol bat, ini gw loe?",Anger
8832,frase: Habis ini lo yg nyebelin bego,Anger
8833,parafrase: Tolol aja sih yang pake seriusan gitu,Anger
8834,frase: Baju bodoh itu gimana?,Anger
8835,frase: Anjing itu membuat aku jengkel dan kesal.,Anger
8836,"ase: Gue dah marah, ini aja ngagetin",Anger
8837,"parafrase: Tapi maunya marah, eh, males dech, biarin aja",Anger
8838,: Tadi benar-benar bodo amat!,Anger
8839,"parafrase: Kamu, aja tuh yg tolol banget!",Anger
8840,. aku bilang kalau itu salahnya temen2 itu.,Anger
8841,: Tiati beten! Ini gara-gara kamu!,Anger
8842,"aman dah ada yg nyari jin buang anak, klo sekarang udah pasti ada yg cari jin buang anak lagi ?",Anger
8843,il parafrase: Pagi-pagi udah bikin emosi yaa,Anger
8844,"Ke-nya gue marah, kebawa emosi",Anger
8845,"il parafrase: Cari pasangan lain, jangan beradu.",Anger
8846,Duh... udah kebanyekan ini sih.,Anger
8847,jgn buat nyuri hati org 😂🤣😹💔😭 #menfessdiwhatsapp,Anger
8848,ase: Soft-nya gak ada jadinya emosional.,Anger
8849,ai celana pendek saat membangunkan kucing. itu adalah peringatan.,Anger
8850,"ase: Tidak mau marah, ya kan?",Anger
8851,"parafrase: Emang sih pengen marah, tapi lagi males deh",Anger
8852,frase: Yang baju bodoh itu gimana?,Anger
8853,eh sabar dulu masih pagi. jangan keburu marah,Anger
8854,"al itu orang yg merasa dirinya gagal. gue ngga suka kehilangan, tp ketika kalian punya mimpi di hari terakhirmu, aku akan memberikanmu mimpi.",Anger
8855,"yum-senyum, kayaknya dia senang karena gw udah gk bekerja disana lagi.",Anger
8856,Sekolah itu cuma bikin bingung.,Anger
8857,parafrase: Saking emosinya aku keriput!,Anger
8858,ase: Gajadi soft malah marah.,Anger
8859,: Pagi pagi sering marah,Anger
8860,ase: Anak cucu para bajingan?,Anger
8861,frase: Gini hari lagi bikin marah ya?,Anger
8862,"Emosi: hate (Benci, hati, dendam, amarah, terganggu, terluka, sakit hati, iri, dengki, kekecewaan, penolakan, tidak setuju, resah, terancam, merasa dirugikan, kehilangan, kelepasan, tidak disenangi, tidak populer, tidak disukai.)",Anger
8863,"Emosi: disgust (Lembut, lembab, kotor, menyebalkan, menggelikan, tidak bersih, membosankan, penuh noda, tercemar, najis, bau, bercampur dengan air mancur, jelek, buruk, menjijikkan, mengerikan, tak terduga, sial, sakit hati.)",Anger
8864,ase: Pengen mengumpat kayak biasa.,Anger
8865,frase: Pakaian bodoh itu gimana sih?,Anger
8866,", tapi pahit mulut nggak mau jalanin.",Anger
8867,"parafrase: Kamuuu aja yang tolol, dong!",Anger
8868,parafrase: Cuma orang priyayi yang bodoh ini,Anger
8869,frase: Baju bodoh itu gimana sih?,Anger
8870,": Emosi bangett, ngelihat dia itu",Anger
8871,ase: lagi marah karena grup chat,Anger
8872,"p, piala dunia, olimpiade, dll.",Anger
8873,"dulu biar gue bisa pindahan, kalo gue harus tinggal di rumah ibu-ibu, pasti gue jadi tua dan gue juga gak bakal bisa pacaran lagi (maaf) soalnya gue merasa sangat yakin kalau kamu akan suka sama gue :)",Anger
8874,#ERROR!,Anger
8875,parafrase: Maafkan saya jika hari ini saya sedikit emosional karena masih sore,Anger
8876,apa-apa tentang islam. yaudah. #feminism,Anger
8877,"harusnya ustadz bilal menjelaskan tentang perkara zakat fitrah ini. karena wajib dibayar itu maksudnya setelah idul fitri bukan pada saat lebaran. yaudah biarkan itu mereka yang mengerti akan lebih memahami. dan no 6 mungkin beralasan, tp gue ga tau harusnya gimana cara menentukan waktu sholat subuh itu, soalnya aku sering lupa. padahal aku udah ngurusin aplikasi alarm di hp. apa iya waktu sholat subuh itu beda ti",Anger
8878,"osi: surprise (Tertawa, keheranan, terkejut, keasyikan, terperanjat, kaget, terpaku, gempar, kaget, terkejut, terpana, terkilir, terkejut, terkesima, terpukau, terpesona, terperanjat, terkejut, terkejut, terpaku, terhenti, terdiam, terkapai-kaian.)",Anger
8879,": Ga suka Sabtu ini, ga ada apa-apa",Anger
8880,"ai pakaian bagus, karena kau tidak akan pulang lagi.",Anger
8881,"ase: Waduh, begitu banget dah.",Anger
8882,"emu orang yang sering bilang paling pinternya, ternyata pikiran kayak anjing. kalo gitu tinggal aja minta tolong.",Anger
8883,"frase: Ga suka banget, marah!",Anger
8884,ase: Mbak Kunti bikin marah,Anger
8885,parafrase: Mau marah tapi malasin,Anger
8886,il parafrase: Mau bencinya aku sama kumpulan ibu-ibu yang kayak gitu,Anger
8887,"il parafrase: Azab jualan ayat, huh bego?",Anger
8888,Bagus tapi aku pengen marah,Anger
8889,": Kacau bro. Lagi marah, lagi kecewa.",Anger
8890,"jar pake nmax. soalnya gue kan merasa aman nggak bakal ada mobil masukin arusnya, tp ternyata iya loh. bener-bener keren bro. jangan nyamperin orang yang lagi fokus ngecek kondisi jalanan. kalo mo kejar pastikan aman. ini salah satunya resiko gue. klo gue harus pakai helm, lebih baik si bangsat justru pake helm.",Anger
8891,perlu nyuruh orang lain cari tau.,Anger
8892,: Wes sedih. Kecewa banget,Anger
8893,ase: Emosiku dari kemarin masih belum hilang.,Anger
8894,ai pakaian merah di hari libur. 6. jangan pergi ke toko buku sendiri-sendiri. 7. jangan pergi ke bandara untuk menghadiri konser musim dingin.,Anger
8895,"jar dari belakang juga. gue terkejut karena dia langsung pake lampu sampingnya ketika udah dekat ama saya. eh ternyata dia udah ngebut banget, jadi ketemu kayaknya pasti gue bakalan kena. eh gue pas mau masuk di gang sekolah ternyata gue ga perlu ngedumel2 lagi karena dia udah stop.",Anger
8896,"frase: Dipta, kamu jangan bego bisa?",Anger
8897,pasti akan balas dan membalas kalo kaya itu.,Anger
8898,. paling penting dengar daripada kau.,Anger
8899,ikit lupa lo org yahh kan klo kita sibuk sekali dgn apa yg kita lakukan itu pasti akan menimbulkan kesedihan karena kita jarang kalo ngga ngga ada yg tahu keadaan kita sendiri apalagi lo jadi idol jadinya kita harus pandai menerima semua kekurangan kita supaya tak ada lagi penderitaan,Anger
8900,parafrase: Biarin aing marah banget ini.,Anger
8901,"Emosi: Anger (Marah, benci, emosi, jengkel, kesal, dendam, ngamuk, iritasi, terganggu, tidak suka, iri, dengki, siksa, jijik, gerutu, kepahitan, bentuk umpatan, kata kasar)",Anger
8902,parafrase: Masih pagi ini buat emosinya aja.,Anger
8903,parafrase: Tolol dong! Kamu jelek! Bin dingin!,Anger
8904,"Duh, udah deh aku kecewa",Anger
8905,il parafrase: Pagi-pagi udah bikin emosi ya,Anger
8906,"frase: Hati-hati dengan Tasik, Jakarta juga benci",Anger
8907,": Lu tuh tolol, anjing, lho!",Anger
8908,": angry (Marah, benci, emosi, jengkel, kesal, dendam, ngamuk, iritasi, terganggu, tidak suka, iri, dengki, siksa, jijik, gerutu, kepahitan, bentuk umpatan, kata kasar)",Anger
8909,Itu begini lah lengkongnya. Bego.,Anger
8910,ase: Mbak Kunti bikin emosiii,Anger
8911,il parafrase: Mau jadi marah pagi-pagi ya?,Anger
8912,"Bagus, tapi aku mau marah",Anger
8913,"parafrase: Masih pagi dong, jangan buru-buru marah",Anger
8914,ai baju biru atau hijau tua saat main sepak bola. 6. jangan berharap akan bertemu lagi. 7. jangan membaca komentar di twitter. 8. jangan marah padaku.,Anger
8915,"Emosi: surprise (kejutan, terkejut, kaget, heran, menggeletakkan, tidak percaya, mengherankan, terkejut, membingungkan, mengejutkan, meremehkan, kaget, terkejut, melucu, terharu, menyedihkan, terlalu terkena, terlalu beruntung, terlalu mengejutkan, terlalu tak terduga, terlalu mengejutkan, terlalu membingungkan, terlalu heran",Anger
8916,il parafrase: Ya Allah aku mau marah tapi gimana ya?,Anger
8917,ase: Lu gak bisa mikir baik-baik. Gue dah maleeeennn...,Anger
8918,"parafrase: Biarin aing kalau ngerepotin lagi, jangan marah deh.",Anger
8919,"ngamuk, iritasi, terganggu, tidak suka, iri, dengki, siksa, jijik, gerutu, kepahitan, bentuk umpatan, kata kasar), Sadness (kecewa, sedih, tangis, sesal, kusut, murung, muram, lesuh, sunyi, sepi, kelam, duka, kemalangan, derita, melankolis, kalah, penolakan, ditolak, simpati, kasihan, abai, kesendirian, dipermalukan)",Anger
8920,parafrase: Weekend ga enak banyak hapalan huft,Anger
8921,ase: Gak keras banget kok. Malah emosi.,Anger
8922,"parafrase: Arghhhh, jadi marah lihat bang Ziel",Anger
8923,"ase: Pengen kumandangkan kata-kata seperti biasa, ya ampuni aku",Anger
8924,"ase: Mba, kamu membuat emosiku naik",Anger
8925,"ase: Maaf deh buat kalian yang pake waktu luangnya nonton, aku belum sedia dijawab.",Anger
8926,"ase: Aduh, marah sekali deh Allah.",Anger
8927,"frase: Gerombolan ngawur, bin tolol..",Anger
8928,frase: Anjing gitu kaget. Kok bisa begitu?,Anger
8929,: Wes marah dan kecewa,Anger
8930,ase: Pengen mengumpat seperti biasanya.,Anger
8931,"frase: Gatau, aku benci banget",Anger
8932,": Lu yg tololll, anjirrrr",Anger
8933,"o, krn inggih isih ora nrimo yane iki. apik2 karo kabeh karepmo nih saking ndelok ning masalah2 sekarang ko, padha gak nyedot lengan mburi. mluputi kono mburi soko kulon. katon sok di ngenehi srengenge.",Anger
8934,"Kebohongan, kecurangan, pemerasan, pencurian, penipuan, penelepon yang ga di respon",Anger
8935,"parafrase: Gua yang panic-panic, masalahnya bangsat.",Anger
8936,frase: Haha kok keburu marah sih?,Anger
8937,"il parafrase: Kamu lebih marah aku, kenapa kamu mau bangun?",Anger
8938,"frase: Salah sendiri, baperan tolol!",Anger
8939,"ase: Sabar ya, jangan emosi.",Anger
8940,ase: Si kapitalis politik yang nggak bisa ngomong,Anger
8941,parafrase: Nugget rebus ini jauuuuh lebih enak daripada anjir.,Anger
8942,"parafrase: Dinamakan orang itu prik, ternyata toh tolloll!",Anger
8943,"frase: gatau, aku benci banget",Anger
8944,frase: Dipta kamu jangan begini! Apakah kamu tak punya hati?,Anger
8945,"ase: Oh, aku marah banget!",Anger
8946,"u, tekanan, histeris, teror, panik, cemas, ngeri, cacat, meleset, gugup, tegang, khawatir, malu, gelisah, inkonsistensi.)",Fear
8947,"kanan, histeris, teror, panik, cemas, ngeri, cacat, meleset, gugup, tegang, khawatir, malu, gelisah, inkonsistensi.)",Fear
8948,"an, histeris, teror, panik, cemas, ngeri, cacat, meleset, gugup, tegang, khawatir, malu, gelisah, inkonsistensi.)",Fear
8949,"lo gk dibiasain, gua bakalan mati si.",Fear
8950,", meleset, gugup, tegang, khawatir, malu, gelisah, inkonsistensi.)",Fear
8951,"ngeri, cacat, meleset, gugup, tegang, khawatir, malu, gelisah, inkonsistensi.)",Fear
8952,"(Takut, ragu, kaget, kejut, palsu, tekanan, histeris, teror, panik, cemas, ngeri, cacat, meleset, gugup, tegang, khawatir, malu, gelisah, inkonsistensi.)",Fear
8953,", khawatir, malu, gelisah, inkonsistensi.)",Fear
8954,", cemas, ngeri, cacat, meleset, gugup, tegang, khawatir, malu, gelisah, inkonsistensi.)",Fear
8955,"gugup, tegang, khawatir, malu, gelisah, inkonsistensi.)",Fear
8956,"ut, palsu, tekanan, histeris, teror, panik, cemas, ngeri, cacat, meleset, gugup, tegang, khawatir, malu, gelisah, inkonsistensi.)",Fear
8957,"u, kaget, kejut, palsu, tekanan, histeris, teror, panik, cemas, ngeri, cacat, meleset, gugup, tegang, khawatir, malu, gelisah, inkonsistensi.)",Fear
8958,"ut, ragu, kaget, kejut, palsu, tekanan, histeris, teror, panik, cemas, ngeri, cacat, meleset, gugup, tegang, khawatir, malu, gelisah, inkonsistensi.)",Fear
8959,"parafrase: Tolong panik lagi ya, ada yang ngasih tau",Fear
8960,"leset, gugup, tegang, khawatir, malu, gelisah, inkonsistensi.)",Fear
8961,"ase: Takut, takut ga bisa makan, ya?",Fear
8962,"teror, panik, cemas, ngeri, cacat, meleset, gugup, tegang, khawatir, malu, gelisah, inkonsistensi.)",Fear
8963,"at, meleset, gugup, tegang, khawatir, malu, gelisah, inkonsistensi.)",Fear
8964,": Semoga ok, semoga aman-aman saja",Fear
8965,"il parafrase: Pengen blink selfie hari ini, tapi masih malu.",Fear
8966,"geri, cacat, meleset, gugup, tegang, khawatir, malu, gelisah, inkonsistensi.)",Fear
8967,: Jadi malu ya aku,Fear
8968,"ase: Kaget, ternyata kamu mini!",Fear
8969,"emas, ngeri, cacat, meleset, gugup, tegang, khawatir, malu, gelisah, inkonsistensi.)",Fear
8970,"kaget, kejut, palsu, tekanan, histeris, teror, panik, cemas, ngeri, cacat, meleset, gugup, tegang, khawatir, malu, gelisah, inkonsistensi.)",Fear
8971,"il parafrase: Iyaaa, saya juga kaget, ternyata kamu jelek sekali, tolong ya, ini sudah dikasih komentar",Fear
8972,"il parafrase: Eits, ternyata itu belum apa-apa loh, nggak ada yang baru lagi.",Fear
8973,"et, gugup, tegang, khawatir, malu, gelisah, inkonsistensi.)",Fear
8974,il parafrase: Ayo kita gantikan kecewa sama ekspektasi itu dengan harapan.,Fear
8975,"ugup, tegang, khawatir, malu, gelisah, inkonsistensi.)",Fear
8976,parafrase: Takut untuk dating lagi nih.,Fear
8977,parafrase: Takut lebih kuat dari ngantuk?,Fear
8978,"i, cacat, meleset, gugup, tegang, khawatir, malu, gelisah, inkonsistensi.)",Fear
8979,"ik, cemas, ngeri, cacat, meleset, gugup, tegang, khawatir, malu, gelisah, inkonsistensi.)",Fear
8980,"or, panik, cemas, ngeri, cacat, meleset, gugup, tegang, khawatir, malu, gelisah, inkonsistensi.)",Fear
8981,"panik, cemas, ngeri, cacat, meleset, gugup, tegang, khawatir, malu, gelisah, inkonsistensi.)",Fear
8982,"long lah maafkan kami pak, ini untuk kesehatan anak sya pak.",Fear
8983,": Oh iya, kayaknya ini beda loh..",Fear
8984,"eh nih, berasa ada yang aneh?",Fear
8985,"ase: Ga kuat makan, aku takut",Fear
8986,a2 di semua toko online,Fear
8987,", panik, cemas, ngeri, cacat, meleset, gugup, tegang, khawatir, malu, gelisah, inkonsistensi.)",Fear
8988,", cacat, meleset, gugup, tegang, khawatir, malu, gelisah, inkonsistensi.)",Fear
8989,"Mau mulai bikin skripsinya, aku masih agak takut.",Fear
8990,frase: takutnya kalau puasannya ga sah,Fear
8991,"parafrase: Wah! Serem sekali ya, di rumah sendiri.",Fear
8992,il parafrase: Tiba-tiba aku kaget banget.,Fear
8993,"il parafrase: Gila, aku still kebangetan masih TB2 di Jepang",Fear
8994,"palsu, tekanan, histeris, teror, panik, cemas, ngeri, cacat, meleset, gugup, tegang, khawatir, malu, gelisah, inkonsistensi.)",Fear
8995,"histeris, teror, panik, cemas, ngeri, cacat, meleset, gugup, tegang, khawatir, malu, gelisah, inkonsistensi.)",Fear
8996,frase: Kalau benar semua ini ntar aku ketakutan.,Fear
8997,"frase: Takut ya, udah nyobain gitu",Fear
8998,frase: Ngeri banget sama Mens Team,Fear
8999,"frase: Takut ngakuin bingungnya, kan?",Fear
9000,frase: Serius? Nggak ngaku lagi.,Fear
9001,", gugup, tegang, khawatir, malu, gelisah, inkonsistensi.)",Fear
9002,", kejut, palsu, tekanan, histeris, teror, panik, cemas, ngeri, cacat, meleset, gugup, tegang, khawatir, malu, gelisah, inkonsistensi.)",Fear
9003,Skripsiku ini kayaknya bakal jadi masalah deh,Fear
9004,"Emosi: tiredness (Letih, lelah, capek, malas, keringat, dahaga, lapar, haus, takut, sedih, sakit, pusing, marah, gemetaran, ketidakpuasan, kebosanan, kelelahan, keletihan, kehabisan tenaga, lelah, penat, pegel, pingsan, pusing, kurang nyaman, kepayahan.)",Fear
9005,frase: Alamak! Nggak bisa tahan kalau ini terjadi.,Fear
9006,"parafrase: Tidak takut, tidak meragu, tidak gugup",Fear
9007,"ase: Takut banget kalau emosinya galak, apa lagi di front line",Fear
9008,": Mama, kamu mau apa?",Fear
9009,", palsu, tekanan, histeris, teror, panik, cemas, ngeri, cacat, meleset, gugup, tegang, khawatir, malu, gelisah, inkonsistensi.)",Fear
9010,": Jadi maluu, masih bingung juga.",Fear
9011,"frase: Bangun dari tidur, aku kaget",Fear
9012,frase: Hahaha kakak udah malu sih :(,Fear
9013,"ase: Nggak mau makan. Tapi ada pilihan lain, kan?",Fear
9014,"il parafrase: Udah aktifasi, tapi masih agak takut ga valid.",Fear
9015,", tegang, khawatir, malu, gelisah, inkonsistensi.)",Fear
9016,"kejut, palsu, tekanan, histeris, teror, panik, cemas, ngeri, cacat, meleset, gugup, tegang, khawatir, malu, gelisah, inkonsistensi.)",Fear
9017,frase: Takut banget buka WhatsApp.,Fear
9018,frase: Takut banget kalau kamu dijual.,Fear
9019,"frase: Bangun pagi, langsung kaget...",Fear
9020,"meleset, gugup, tegang, khawatir, malu, gelisah, inkonsistensi.)",Fear
9021,frase: Tapi aku masih agak cemas.,Fear
9022,"tegang, khawatir, malu, gelisah, inkonsistensi.)",Fear
9023,": Hahaha, hanya kaget saja ya, kawan.",Fear
9024,parafrase: Takut Tuhan kalau aku,Fear
9025,"cemas, ngeri, cacat, meleset, gugup, tegang, khawatir, malu, gelisah, inkonsistensi.)",Fear
9026,"ewe dan memutar/menggeser-gesernya...aku pun termasuk korban...kejadiannya hanya beberapa kali, smpai akhirnya si cowok ini mengerti bahwa kita cewe2 tidak senang jika ada orang yang mengganggu dada2 kita seperti itu. Dan aku pun merasa nyaman sejak itu. Tapi sampai sekarang, aku selalu ingat bagaimana dia memegang dan menggeser-geser dada2 kami...dan aku selalu waspada jika ada cowok yang berusaha menjajagi dada2 cewe.",Fear
9027,il parafrase: Sbenarnya saya agak panik juga sih,Fear
9028,"humor (Hahaha, hehe, haha, harhar, hihi, hoho, hahaha, hehehehehe, hiiiii, hik, iyalah, lho, loh, owh, opps, wkwkwk, hehehehe, lol, ohayo, pantes aja, yaaampun, yaampun, yaadiah, yup, walaupun, walau pun, walau punya, walopun, walopunya, walopunya, walau punya, walupun, walupunyaaa, w",Fear
9029,"cacat, meleset, gugup, tegang, khawatir, malu, gelisah, inkonsistensi.)",Fear
9030,parafrase: Takut Tuhan kalo aku,Fear
9031,", histeris, teror, panik, cemas, ngeri, cacat, meleset, gugup, tegang, khawatir, malu, gelisah, inkonsistensi.)",Fear
9032,"up, tegang, khawatir, malu, gelisah, inkonsistensi.)",Fear
9033,"frase: Nggak boleh di sini lah, malu nyesel deh",Fear
9034,il parafrase: Men's team grup B ngeriiiii,Fear
9035,"surprise (Aneh, heran, keheranan, terkejut, terpukau, terperanjat, takjub, ketidakSadaran, tersingkirkan, kebingungan, kekhawatiran, syok, serba salah, kerewelan, dilema, keresahan, kegalauan, tertindas.)",Fear
9036,"il parafrase: Ngomong-ngomong, kaget juga gw ternyata kurus lho, tolong ya",Fear
9037,"frase: Malam ini nih, takut",Fear
9038,"ang, khawatir, malu, gelisah, inkonsistensi.)",Fear
9039,"frase: Nggak mau dimasukkan, yaa?",Fear
9040,frase: Malem malem loe takut?,Fear
9041,"isteris, teror, panik, cemas, ngeri, cacat, meleset, gugup, tegang, khawatir, malu, gelisah, inkonsistensi.)",Fear
9042,"frase: Terasa ngeri banget, bosss",Fear
9043,frase: Takutnya di sore hari bakal apa?,Fear
9044,"frase: Ah, sedikit ngeri. Tapi tetep ngenes.",Fear
9045,: Awas! Semua biar mati!,Fear
9046,il parafrase: Gw panik juga sih.,Fear
9047,: Nggak usah takut ya Moms,Fear
9048,"leset, gugup, tegang, khawatir, malu, gelisah, inkonsistensi.) / Sad (Kecewa, sedih, tangis, sesal, kusut, murung, muram, lesuh, sunyi, sepi, kelam, duka, kemalangan, derita, melankolis, kalah, penolakan, ditolak, simpati, kasihan, abai, kesendirian, dipermalukan.)",Fear
9049,Oh my god! Takut banget!,Fear
9050,"parafrase: Malu pas pacaran lagi, soalnya ketemu orang baru lagi pasti jadi ribet",Fear
9051,gepet. hihi #nurutabuatpacar #priaidaman #pacarku,Fear
9052,parafrase: Hari ini gk ngerti,Fear
9053,parafrase: Takut lebih lama apa ngantuk?,Fear
9054,ase: Nggak percaya kok mbah :o,Fear
9055,": Emong, ngga apa-apa deh :)",Fear
9056,"Emosi: lust (Ceroboh, gegabah, gila, pengkhianatan, melahirkan, menikahi, keterbatasan, cintanya, rasa jahat, licik, menyesali, kerinduan, inginnya, kencan, temani, hubungan, romantis, persahabatan, pesta, bersantai, liburan, libur, kebebasan, percaya diri, kepercayaan, percuma, sia-sia, berlebihan, kebiasaan, rutinitas, pekerjaan,",Fear
9057,il parafrase: Kalo lagi ke udara terbang gitu aku kadang merinding ya. Wkwk,Fear
9058,"Emosi: excitement (Antusias, gembira, senang, bersemangat, antusiasme, bergairah, gempar, seru, kagum, haru, luar biasa, hebat, luar biasa, gemerlap, indah, gemilang, keren, menakjubkan, megah, anggun, masyhur, marak, ramai, ramai sekali, sibuk, istimewa, terkenal, mendebarkan, membuat ketagihan, menyegarkan, mendebarkan, mer",Fear
9059,"il parafrase: Gw terbayang, langsung panik",Fear
9060,Wah ngeri ini kayaknya apa?,Fear
9061,: Ngeluarin cairan dari tubuh,Fear
9062,"parafrase: Nggak yakin buat pacaran lagi, mending pake solo.",Fear
9063,"Tapi iyalah, aku sedikit takut.",Fear
9064,"il parafrase: Pengen selca blink deh, tapi masih agak malu.",Fear
9065,il parafrase: Pengen pamer blink face tapi masih malu.,Fear
9066,": Nggak nyaman ya, Moms",Fear
9067,frase: Bingunggg banget ya… Gue kepanikan… (Ngeri),Fear
9068,"frase: Bangun tidur siang, kaget",Fear
9069,frase: Tapi aku takut akan awkar,Fear
9070,il parafrase: Takut aku demam dan batuk,Fear
9071,frase: That ngaku takut ngebungkus,Fear
9072,"frase: Ngeri bangettt, bete bangettt!",Fear
9073,"jadi harus jeli2, kebersihan cmnya biasa aja.",Fear
9074,parafrase: Takut lebih baik daripada ngantuk?,Fear
9075,Mau nonton film horor itu?,Fear
9076,frase: Kalau benar-benar kamu takut,Fear
9077,"Emosi: surprise (Kaget, takjub, heran, terkejut, tak percaya, tidak terduga, tidak sengaja, terpincut, terharu, terlalu baik untuk benar, terlebih dari apa yang diharapkan, menyenangkan, menghibur, mengejutkan, tiba-tiba, aneh, luar biasa, unik, tidak lazim, tidak normal, mendadak, mengandung unsur ketidakpastian, mengesankan, perihatinan, merinding, menakjub",Fear
9078,"ase: Sering kena marah-marah, gara-gara takut ya",Fear
9079,il parafrase: Ku maluuu banget,Fear
9080,"parafrase: Sekarang, nggak mau pacaran lagi.",Fear
9081,"aku ini anak baik kan, tapi klo kita lihat banyak sekali anak yang jagoan karena mereka punya banyak temen cewek, tapi dia sering memperlakukan temennya cewek dengan hal yang kurang pantas seperti pelacuran, mempermalukan temennya cewek, dan hal lainnya yang sangat tabu lagi salah.",Fear
9082,": Nggak mau jadi barbar, aneh banget sih",Fear
9083,": Fear (takut, ragu, kaget, kejut, palsu, tekanan, histeris, teror, panik, cemas, ngeri, cacat, meleset, gugup, tegang, khawatir, malu, gelisah, inkonsistensi.)",Fear
9084,"is, teror, panik, cemas, ngeri, cacat, meleset, gugup, tegang, khawatir, malu, gelisah, inkonsistensi.)",Fear
9085,: Malu udah dapet trimss,Fear
9086,"parafrase: Wow, kaget ternyata ada renyok!",Fear
9087,"parafrase: Toh, panik lagi ya?",Fear
9088,": Mau bilang, takut ditolak :/",Fear
9089,frase: Bingung nggak tau harus ngapaan.,Fear
9090,"frase: Nggak enak juga sih kalau kita takut malem. Kalau males tidur, biasanya badan langsung merinding.",Fear
9091,"parafrase: Keknya kebetulan, baru Sadar.",Fear
9092,"frase: Kebingungan, takut, panik banget, ini ngeri",Fear
9093,il parafrase: Wkwk nggak percaya banget ini?,Fear
9094,parafrase: Kaga boleh kaya gitu dong!,Fear
9095,"il parafrase: Tiba-tiba, aku kaget banget",Fear
9096,"il parafrase: Maknyuss, makin ngeri aja ini.",Fear
9097,"frase: Hiks, takut jualannya ga laku",Fear
9098,"frase: Nggak kuat malem, ya ampun.",Fear
9099,: Hmm... Mau ngaku nggak mau...,Fear
9100,"frase: Oh ya, nggak, aku takut!",Fear
9101,"parafrase: Ngerti kan siapa sich yang bakal nyalahin kita kalau pacaran, ya.",Fear
9102,"frase: Nggak nyangka, ternyata canda itu bikin ngelantur juga.",Fear
9103,frase: Bangun aja langsung kaget..,Fear
9104,parafrase: Aku lebih suka capek daripada takut.,Fear
9105,"frase: Enggak tau, tapi aku takut.",Fear
9106,"parafrase: Oh panic mode lagi, jangan sampai masuk",Fear
9107,"frase: Aduh agak takut deh, tapi gapapa.",Fear
9108,il parafrase: Ku takut ini bakalan flu,Fear
9109,ase: Ngelantur itu ada temen yang bilang Kaget! dan benar-benar kaget!,Fear
9110,", inkonsistensi.) Sad (Kecewa, sedih, tangis, sesal, kusut, murung, muram, lesuh, sunyi, sepi, kelam, duka, kemalangan, derita, melankolis, kalah, penolakan, ditolak, simpati, kasihan, abai, kesendirian, dipermalukan.)",Fear
9111,"frase: Kalo ga puas ya ga sah, udah apa-apa lagi.",Fear
9112,"surprise (Tertabala, heran, terkejut, paling, luar biasa, tak terduga, menyenangkan, memperhatikan, curiga, kenyamanan, kedekatan, terpaku, kagum, luar biasa, syok, senyum, gempar, geger, gubrak, terkesima, terpesona, terpana, bingung, ketidaksengajaan, kebetulan, kejutan, pernikahan, kesempatan, keuntungan, kenangan, penggunaan baru",Fear
9113,: Takutnya apa sih moms?,Fear
9114,"parafrase: Guan anj, gua kaget.",Fear
9115,"ase: Eh nggak usah takut, kok aku akan bantu.",Fear
9116,frase: Saya ngeri kalau disalah-lock!,Fear
9117,"frase: Ngelagunya ga, aku ngeri ke lock",Fear
9118,"il parafrase: Gila ngeri nyuak mang, kan?",Fear
9119,"frase: Agak takut, tapi ya kan gitu juga.",Fear
9120,Tambah pusing banget tuh. Takut gajelasan,Fear
9121,"frase: Nggak enak, grupnya bgt",Fear
9122,frase: Tapi aku masih agak takut bikin bingung,Fear
9123,il parafrase: Meskipun hatiku sedikit takut,Fear
9124,"lo gua dikejar2 utk urusannya, tp kan dia jg butuh wktu si.",Fear
9125,": Weh, takutnya nggak cukup kuota, ya?",Fear
9126,"ase: Bener deh, agak ngerinya.",Fear
9127,"parafrase: Kan, bangun pagi kaget",Fear
9128,"ase: Egoisnya nggak enak itu, apalagi kalau takut.",Fear
9129,parafrase: Anjing lucu beneran. Kebetulan ada anjing di dekat saya.,Fear
9130,"ase: Saya agak takut, jadi saya harus hati-hati ya",Fear
9131,"ase: Wah loch kayaknya paling takut, udah ngomong takut gitu aja.",Fear
9132,long lah di ingatkan pak.,Fear
9133,: aku malu banget nih,Fear
9134,frase: Serius? Khawatir salah informasi.,Fear
9135,: Takut sekali sama sembi.,Fear
9136,: Semoga baik-baik saja ya,Fear
9137,"frase: Eeee, nggak ada lock deh, ini gue ngeri, nih.",Fear
9138,"parafrase: jangan marah ya, aku cuma bohong.",Fear
9139,": worry (khawatir, cemas, stres, bebanan, pening, galau, depresi, sedih, hampa, ngeri, ngeselin, ngantuk, peninggalan lama, mabuk, kelelahan, bosan, marah, murka, dendam, terancam, gentar, khawatir, kawatir, khobir, kekhawatiran, kepanikan, ketegangan, ketakutan, kegelisahan, keragu-raguan, kedukaan, ke",Fear
9140,frase: Nggak mau dikirain Ayang udah meninggalkanmu...,Fear
9141,: Ehem… Tahu apa ini?,Fear
9142,"ase: Takut kekecewaan, ya kan?",Fear
9143,ase: Saya khawatir kalau kamu kecewa.,Fear
9144,frase: Waaah ternyata kena topik,Fear
9145,k bs karena pake phone number. trus bingung juga gimana cara nyari nomer handphone di HRD.,Fear
9146,frase: Takut ya tapi gapapa.,Fear
9147,"ase: Wkwkkw, aku kaga tau apa itu kolbuk. Tapi aku pasti akan membuatnya, biar kamu dapat berbagi pengalaman tentang hal-hal baru yang seru",Fear
9148,frase: Enggatau apa itu? Tapi aku takut.,Fear
9149,"frase: Ehem, aku agak malu juga…",Fear
9150,parafrase: Apakah lebih baik takut atau ngantuk?,Fear
9151,"frase: Bangun pagi-pagi, langsung kepengen tidur lagi",Fear
9152,"ase: Nggak enak, takutnya ga bisa makan.",Fear
9153,frase: aku masih takut akan awkar,Fear
9154,Kok rasanya ada yang ngeri,Fear
9155,"il parafrase: Wkwk, ngeri banget ya?",Fear
9156,il parafrase: Kembali lagi di Jepang ini membuat aku kaget sekali.,Fear
9157,longlah pak!! sya hanya ingin anak saya sehat tanpa ada masalah yang terjadi.,Fear
9158,"parafrase: Ternyata ada orang yang takut, ngeri, dan senyum saat sendiri.",Fear
9159,: Takut dijadiin orang-orang yang makan kambing,Fear
9160,"ase: Mau makan, tapi masih agak ragu.",Fear
9161,"Ngeluarin kalimat dua-duanya, malu and males.",Fear
9162,frase: Nggak percaya loh. Ngeri banget.,Fear
9163,: all of the above (semua),Fear
9164,parafrase: Takut disomasi sama klien,Fear
9165,"frase: Ngeri sekali, bener-bener ngeri",Fear
9166,": afraid (takut, ragu, kaget, kejut, palsu, tekanan, histeris, teror, panik, cemas, ngeri, cacat, meleset, gugup, tegang, khawatir, malu, gelisah, inkonsistensi.)",Fear
9167,: Ga malu apa tuh?,Fear
9168,"ase: Ngeri nih, tapi aku yakin akan baik-baik saja.",Fear
9169,parafrase: Hidup di dalam gua sendirian itu serem banget!,Fear
9170,"Tidak apa-apa, aku baik-baik saja, aku senang",Fear
9171,"Emosi: surprise (Kaget, terkejut, heran, terpanik, takut, luar biasa, gila, amaze, shock, konyol, wow, serba salah, syok, tak sangka)",Fear
9172,"parafrase: Hmm, agak ngeri juga Women-nya.",Fear
9173,alo gue g pp si udh masuk dapur tuh bakalan ada yg rugi.,Fear
9174,"frase: Oh iya, aku agak takut ya.",Fear
9175,ase: Malah gak tahu apa-apa.,Fear
9176,"parafrase: Agak ngeri, ya, pake women",Fear
9177,k bs. gitu deh ternyata di dunia kerja. apa jangan pake bts sebagai motivator?,Fear
9178,": Mama ngomong kok gini, apa yang kamu takut?",Fear
9179,"il parafrase: Kebayangnya ada yang baru lagi, eh ternyata cuma itu aja.",Fear
9180,"ase: Grub B, ngeri banget",Fear
9181,": Mama, kok kamu takut?",Fear
9182,parafrase: Takut somasi sama kliennnya,Fear
9183,frase: Takutnya bgt buka wa.,Fear
9184,"il parafrase: Eksotrik, aku kaget banget, jaman sekarang jamet banget.",Fear
9185,il parafrase: Itu kan panik sih,Fear
9186,"Cuma aku gini doang, hehehe.",Fear
9187,"parafrase: Tolong, melanda panik lagi.",Fear
9188,"il parafrase: Kaga banget, gw cantik-cantik! 😍😘",Fear
9189,i deh ini cara memancing opini.,Fear
9190,"parafrase: Oooh, ini bagus banget!",Fear
9191,"inkonsistensi.) + Joy (Senang, bahagia, puas, membara, tawa, semangat, gembira, ceria, riang, cerah, enak, makmur, terberkati, euforia, bangga, optimis.)",Fear
9192,parafrase: Pano gua kaget ya?,Fear
9193,"ewe, lalu mereka pun akan ngomong 'dengan nada jenaka', Kamu lihat, kamu udah punya payudara ya. Setiap kali dia gangguin aku selalu ada satu hal yang sama yakni dia menggodaku. Dia bilang kalau aku punya payudara. Itu sering dilakukan dia terus. Tapi aku tidak pernah mengatakannya pada orang tua saya, karena takut dibilang anak nakal. Hingga saatnya dia minta maaf padaku. Ia bilang bahwa apa yang dia lakukan itu adalah salah dia send",Fear
9194,Nggak ada apa-apa kok. Cuma takut kesushi.,Fear
9195,"Terus ikutan, aku juga takut kok :)",Fear
9196,": Wah, nggak tahan kaget!",Fear
9197,frase: Ngeliat tim menstruasi itu ngeri banget.,Fear
9198,"jut, palsu, tekanan, histeris, teror, panik, cemas, ngeri, cacat, meleset, gugup, tegang, khawatir, malu, gelisah, inkonsistensi.)",Fear
9199,"aget, kejut, palsu, tekanan, histeris, teror, panik, cemas, ngeri, cacat, meleset, gugup, tegang, khawatir, malu, gelisah, inkonsistensi.)",Fear
9200,"Malu nih, ya ini malu",Fear
9201,ase: Ini bikin kamu kaget.,Fear
9202,ase: Marahnya udah juga kan,Fear
9203,"frase: Mak, aku agak takut di foto",Fear
9204,"ewek2, aku punya pengalaman sama si cowok itu, dia juga megang dada aku, setelah itu aku selalu trauma kalo lihat ada cowok megang dada cewek, tapi ini beda, si cowok itu memegang dada aku tanpa ada yang saksi mata, jadi aku tidak perlu trauma untuk masalah itu..",Fear
9205,", ragu, kaget, kejut, palsu, tekanan, histeris, teror, panik, cemas, ngeri, cacat, meleset, gugup, tegang, khawatir, malu, gelisah, inkonsistensi.)",Fear
9206,"parafrase: Maaf ya aku salah, maaf kan?",Fear
9207,frase: Takut kalau aku bikin pujasannya ga jelas,Fear
9208,Oh aku sedang takutnya di sushi,Fear
9209,"ase: Btw, aku takut kekecewaan bakalan dateng",Fear
9210,ase: Gue takut banget loch!,Fear
9211,parafrase: Duuh gue ke S.,Fear
9212,frase: Bingung karena takut atau panik?,Fear
9213,"ase: Ngeri banget tuh, ga ada kata2nya!",Fear
9214,"Emosi: tiredness (Kemalasan, lelah, letih, penat, sibuk, stres, pegel, capek, merasa sangat sering, menguras energi, kelelahan, keletihan, kehabisan nafas, berdebar, kurangnya waktu untuk beristirahat, tak ada istirahat, kelelahan mental/psikologis, hilangnya semangat)",Fear
9215,frase: Ngga mau puasan gue salah.,Fear
9216,frase: Gue agak takut tapi gapapa.,Fear
9217,: Harga yang tinggi bikin cemas,Fear
9218,frase: Beneran lo? Takut salah informasinya.,Fear
9219,"frase: Enggatau, tapi aku takut.",Fear
9220,aga ada masalah yg ga bs diselesaikan kan?,Fear
9221,": Oh iya, aku lupa pas lihat kamu. Sebelumnya, aku sedikit takut ya..",Fear
9222,"il parafrase: Maaf, aku agak kaget, tolong ya?",Fear
9223,"disbelief (Tidak percaya, heran, bingung, bertanya, mengeluh, takut, sedih, marah, kesal, bingung, meragukan, berselisih, tak setuju, bertentangan, tidak sepakat, skeptisisme.)",Fear
9224,Tapi ini aku yang takut,Fear
9225,"il parafrase: Pengen blink, tapi malu",Fear
9226,"parafrase: Sumpah, kaget ternyata ada renjun.",Fear
9227,frase: Nggak nyaman nih kalau malam,Fear
9228,"Gue gak kuat, gue merinding...",Fear
9229,long lah ringan kan beban sya pak,Fear
9230,"il parafrase: Kok om, kan?",Fear
9231,"ewe nnti dia akan berkata aku cowo lalu cowok2 itu bakalan minta nomer HPnya, setelah mereka mengambil nomernya, cowok2 itu bakalan sms sampe jam 12 malam dan cowok2 itu juga banyak yang mengajak mereka untuk meeting ke rumah cowok2 tersebut.. kalo cewe nggak mau sama cowok2 itu, maka cowok2 itu akan nenteng ceweknya dan membuatnya sangat sedih.. lalu cowok2 itu juga bakalan sering datang ke sekolah untuk mencari cew",Fear
9232,"il parafrase: Oh my god aku jelek banget nih, tolong ya",Fear
9233,frase: Takutnya puasannya ga asli.,Fear
9234,il parafrase: Kepala-kepala ngeluarin kata-jargon “jamet”.,Fear
9235,: Nggak pengen lihat harganya,Fear
9236,il parafrase: Tiba-tiba aku keburu kaget,Fear
9237,parafrase: Tolong jangan marah ya. Aku takut kamu marah,Fear
9238,il parafrase: Ngeri nih grup B lho,Fear
9239,"frase: Ngeri banget, ada Grub B!",Fear
9240,parafrase: Women ini agak ngeri kan?,Fear
9241,"frase: Anjer, ngeri deh boss!",Fear
9242,"banyak pemandangan di luar, jd kurang nyaman. klo dekat pusat kota itu lebih praktis klo perlu ke mall, minimarket dll. tetep gak bs dijelaskan kok.",Fear
9243,i. mantan presiden kita dijadikan iklan produk.,Fear
9244,frase: Foto yang udah dibuat bakalan bikin takut gitu mak,Fear
9245,"frase: Wah alamak, ngeri ya",Fear
9246,": Nggak kerasa, nggak Sadar, nggak nyadar, nggak menyadari, nggak ingat, nggak tahu, nggak kenal, nggak diingat, nggak mengenali, nggak mengerti, nggak merasakan, nggak merespon, nggak menghayati, nggak mengeluh, nggak menghadapi, nggak membaca, nggak menjumpai, nggak mengenal, nggak memiliki, nggak menduga",Fear
9247,: Aku gak paham harga.,Fear
9248,"ase: Kalo aku ketawa, aku juga takut",Fear
9249,"frase: Ngga apa-apa kok, aku agak takut, tapi ngga apa-apa kok.",Fear
9250,il parafrase: Tiba-tiba banget aku kaget,Fear
9251,frase: Ntar dikemudian hari jadi barang dagangan,Fear
9252,"parafrase: Panik lagi melanda, tolong!",Fear
9253,": Wah, ngeri nih kayaknya limit",Fear
9254,"il parafrase: Kaget banget ini dia, lihat deh!",Fear
9255,"il parafrase: Gue ga dapat bayangannya, langsung panik",Fear
9256,"frase: Oh my god!, ngeri banget!",Fear
9257,"parafrase: Oh, kaget, baru Sadar",Fear
9258,": Gue jugak takut, siapa tau ada kepanikan di dalam hati kita",Fear
9259,"frase: Nggak berani buka wa, bawaan gua itu emang ga kerasa2an kalau di buka2 di sini :D",Fear
9260,: Takut sama sembilan ya,Fear
9261,"il parafrase: Kaget! Gw jelek banget ya, tolong ya!",Fear
9262,"parafrase: Hari ini gue agak takut, belum nyaman",Fear
9263,"parafrase: Nggak ada apa-apa, saya tenang",Fear
9264,frase: Takutnya buka WA ya?,Fear
9265,"frase: Jangan di sini ya, kamu malu kan?",Fear
9266,"shock (Terkejut, kaget, kenyamanan diri)",Fear
9267,parafrase: Anjrit kaget ada renggin,Fear
9268,il parafrase: Ngeri kali gaga wkwk,Fear
9269,"confusion (Kabur, bingung, salah arah, keragu-raguan, tidak tahu, perdebatan, konflik, ketidakpastian, ambigu, bertentangan, kebingungan, silang pendapat, kontradiktif.)",Fear
9270,"know, aku malu. apapun kamu jawabannya, it's okay, aku juga udah tau",Fear
9271,frase: Ayang tinggal dulu ya,Fear
9272,: Takut lihat harga itu.,Fear
9273,": Nggak papa apa deh, engga malu.",Fear
9274,: Harga lagi naik. Gue khawatir makin mahal.,Fear
9275,"Emosi: anxiety (Cemas, takut, waswas, gugup, khawatir, tidak percaya diri, malu, sakit hati, tersingkirkan, stres, depresi, cemas, marah, frustasi, sedih, stress, ketegangan, masalah)",Fear
9276,"parafrase: Awas, gue sedikit lagi nyerah",Fear
9277,frase: Team mensnya ngeri banget,Fear
9278,frase: Tapi takut anjinya diitungkan.,Fear
9279,parafrase: Kok ngeri banget ya?,Fear
9280,frase: Gue kaget ke lock,Fear
9281,"il parafrase: Rasanya kayak takut, batuk dan demam",Fear
9282,il parafrase: Gue demam dan batuk,Fear
9283,"Takut jadi limit, ya kan?",Fear
9284,frase: Ehe buset banget ngeri,Fear
9285,ase: Kaget ke log out sendiri,Fear
9286,"parafrase: Nggak, kok takut aneh",Fear
9287,m not the best friend for you.,Fear
9288,"parafrase: Gua sedih banget, maaf aku takut ke sana.",Fear
9289,": Saya sangat takut, Mama",Fear
9290,"frase: Nggak kuat dech, kalo ada timan ya udah langsing semua.",Fear
9291,il parafrase: Lagi-lagi terkejut karena TB2 ada di Jepang,Fear
9292,ase: Emang agak khawatir ya,Fear
9293,: Nggak percaya kalau editannya ini,Fear
9294,: Rasanya takut nih lihat harga,Fear
9295,"il parafrase: Om kok, *ngeri*",Fear
9296,"frase: Hiks... Mak, aku malu.",Fear
9297,"il parafrase: Kaget dech, sampe-sampai aku pikir ada yang baru lagi.",Fear
9298,ase: Ternyata kamu sudah log out sendiri!,Fear
9299,"frase: Gue agak takut tapi gapapa, kok.",Fear
9300,"il parafrase: Kebetulan, aku pikir ada yang baru lagi.",Fear
9301,il parafrase: Saya takut kecewa karena tinggi ekspektasi,Fear
9302,"parafrase: Tidakk ya, ngga bisa, enggak mungkin.",Fear
9303,"tekanan, histeris, teror, panik, cemas, ngeri, cacat, meleset, gugup, tegang, khawatir, malu, gelisah, inkonsistensi.)",Fear
9304,"parafrase: Bangun tidurnya, ternyata aku malah gak Sadar kalo aku udah nyicipin es krim.",Fear
9305,": Weh, takut kehabisan batere.",Fear
9306,"Emosi: tired (Kemalasan, lelah, letih, bosan, mabuk, pegel, malas, beban, kelelahan, letih, lemes, tak bernyali, lemah, tertekan, tak bertenaga, kurang nyaman, ketidaknyamanan, kedinginan, tak kuat, tak sanggup, tidak rela, susah, lupa, lompat-lompat, remuk, rusuh, masalah, sakit, meronta, tidak berdaya, tidak bersemangat, tidak",Fear
9307,"frase: Bangunin gitu, kaget deh...",Fear
9308,": Haha, cuma kaget kok",Fear
9309,lo gak pgn maen ga bs tidur.,Fear
9310,frase: Kebayang gimana rasanya kagetnya,Fear
9311,"frase: Ehem, gue gak bisa ngomong kayak gitu, apakah ini ngacau?",Fear
9312,"il parafrase: Gw lihat diriku sendiri, ternyata kurang bagus yaa. Tidak biasa di sini, silahkan.",Fear
9313,", kaget, kejut, palsu, tekanan, histeris, teror, panik, cemas, ngeri, cacat, meleset, gugup, tegang, khawatir, malu, gelisah, inkonsistensi.)",Fear
9314,"parafrase: Boleh tenang, boleh tenang, kok gak perlu pusing.",Fear
9315,"il parafrase: Kalo lihat aku ada disini, mungkin kamu akan kaget kan?",Fear
9316,"ase: Guee kena loch, takut banget",Fear
9317,frase: That takutnya ngebungkus tho,Fear
9318,"frase: Iya, canda itu aneh banget, apakah itu kebohongan?",Fear
9319,il parafrase: Takut kecewa sama harapan,Fear
9320,"Aku serem, kok ga ada yang ngerti?",Fear
9321,"hama, serangga, nyamuk, lho.. yg ga bs dibersihkan itu bakteri & virus yg masuk ke dalam tubuh kita.",Fear
9322,: Semoga selalu baik-baik saja,Fear
9323,"il parafrase: Demam dan batuk ya, aku takut",Fear
9324,: Weh ngeri banget limitnya.,Fear
9325,il parafrase: Ya benar-benar nggak nyaman. Panik bangettt.,Fear
9326,i. apakah ini wacana yang terus digandrungi kaum intelektual ataukah hanya sekadar konten?,Fear
9327,il parafrase: Meski dalam hatiku ada kekhawatiran.,Fear
9328,"frase: Yaudah ya, ntar bakal ketakutan",Fear
9329,: Malu banget ngelakuin hal ini.,Fear
9330,"frase: Nggak usah kuatir kok, aku pasti ga akan bolos.",Fear
9331,ase: Tapi agak takut kalau egois,Fear
9332,parafrase: Takut disombongin oleh kliennnya,Fear
9333,"parafrase: Emang, nggak mau pacaran lagi karena terlalu takut.",Fear
9334,": surprise (Kaget, kejutan, heran, senyuman, takjub, haru, terkejut, terheran-heran, serba salah, kesalahan, salah tingkah, salah keyakinan, kesalahan persepsi, penyebab ketidakpercayaan, tidak percaya pada diri sendiri, merasa bodoh.)",Fear
9335,: Gue juga punya kekhawatiran.,Fear
9336,"Emosi: surprise (Kaget, kejutan, terkejut, terpukau, tak terduga, terharu, tersentuh, keresahan, cekikikan, berani, terhanyut, terbuai, keterlaluan, berdebar-debar, kena tipu, disuguhi makanan beracun, terbangun dari tidur.)",Fear
9337,"frase: Iya, di sana aku takut.",Fear
9338,": Mama, aku masih agak takut",Fear
9339,"parafrase: Oh, kaget, baru Sadar.",Fear
9340,"parafrase: Ehhh, belum laper banget?",Fear
9341,": Ngga bisa ga ya, takutnya ditolak",Fear
9342,"ase: Walau tegang, aku masih bisa ngasih pelayanan yang baik.",Fear
9343,"frase: Ngeri amat ya, udah kepo banget",Fear
9344,"ewek2. Kalo cewe balas pun pasti dia akan digangguin lagi, karena mereka anggapnya itu biasa2 saja. Dari sinilah mulai ada traumaku dan selalu merasa takut, kalo ada cowok yang deketin aku, pasti aku akan jadi sangat geli. Tapi setelah lulus SMA, aku mulai mencoba untuk berubah menjadi lebih percaya diri, karna kalo masih berusaha untuk menjauhi semua cowok, maka hidupku akan terbatas dalam ruangan dan tak banyak hal yang bisa kul",Fear
9345,ase: Hahaha kaget kagak gitu kayaknya.,Fear
9346,il parafrase: Nggak pengen kecewa sama ekspektasi,Fear
9347,il parafrase: Takut nggak sesuai harapan,Fear
9348,"Nggak ada apa-apa kok, aku hanya sedikit nervos bodoh",Fear
9349,"frase: Maaf, kalau aku beli produkmu, aku takut kamu menjualnya lagi",Fear
9350,"il parafrase: Pengen blink sekali, tapi malu.",Fear
9351,"il parafrase: Kaget, kirain ada yang baru lagi",Fear
9352,il parafrase: Gaaanng.. gw langsung panik,Fear
9353,ase: Tapi agak takut kalau kelakuannya egois,Fear
9354,"frase: Mak, takut di photo.",Fear
9355,"ase: Nggak perlu galak, ntar malah ribet.",Fear
9356,: Semoga semua baik-baik saja ya.,Fear
9357,"il parafrase: Hahaha, kayaknya aneh gue.",Fear
9358,il parafrase: Eeehh kaget banget! Ini kayaknya jamet.,Fear
9359,ase: Wah aku lagi takut nge-limitednya loh.,Fear
9360,"frase: Iya di situ, ada yang takut.",Fear
9361,"il parafrase: Ngakak banget sama TB2, Jepang!",Fear
9362,"parafrase: Aku masih kejut, ditusuk?",Fear
9363,"frase: Wah, ini serius? Takut salah informasi",Fear
9364,"frase: Bingung, apakah harus takut?",Fear
9365,frase: Gue takut bakal menjadi awakard.,Fear
9366,"ase: Ngomong-ngomong, Kaga tahu bakal ngagetin gitu.",Fear
9367,alo ga ada pgn gini kita bakalan sibuk apa?,Fear
9368,": Takut ditabok, siapa sih yang ga takut?",Fear
9369,"ewek2 itu dan bilang ini ayam bakarku, aku takut juga gitu loh ternyata",Fear
9370,Karena aku sering merasa takut,Fear
9371,"frase: Ah, iya. Ngeri juga dech",Fear
9372,frase: takut kaya puasnya ga sah-sah.,Fear
9373,"Emosi: stress (Tegang, cemas, kelelahan, lelah, panik, depresi, trauma, stress, keresahan, takut, ketakutan, paranoid, obsesi, obsesif kompulsif, ancaman, trauma, sakit mental, gangguan jiwa, psikotik, delusi, paranooid, paranoia, phobia, depresi, bipolar, anoreksia, bulimia, kleptomania, ADHD, autisme, ODD, schizophrenia, borderline, PPD, PTSD.)",Fear
9374,"il parafrase: Wkwk, ngeri kali gaga",Fear
9375,"il parafrase: Ewaaa, kaget banget, aku pikir ada yang baru lagi",Fear
9376,"parafrase: Wah, aku takut ke sana",Fear
9377,ase: Nggak yakin bakal kecewa.,Fear
9378,frase: Gue ngeri ke lock,Fear
9379,"ase: Saya sudah besar, tapi malah makin takut",Fear
9380,ase: Kalo aku lagi galak jadi merinding,Fear
9381,"parafrase: Serem banget! Sepele, tapi aku agak takut.",Fear
9382,frase: Takutnya ga sah bukan ya?,Fear
9383,"parafrase: Lho, kaget! Baru Sadar",Fear
9384,", hehe. apa itu benar-benar terjadi ya?",Fear
9385,"ase: Iya, enggak tau kenapa aku kepanikan tiba-tiba.",Fear
9386,know ga bakalan seru. karna ini tempatnya aku sendiri.,Fear
9387,ase: Ehh agak ngeri ya,Fear
9388,frase: Nggak mau nyadar kalau aku udah puas,Fear
9389,": Kalo lihat harga ini bikin pusing, ya?",Fear
9390,"parafrase: Nggak ada apa-apa, ngeri ngeri sedep kok.",Fear
9391,parafrase: Takut tuhan kalau gue,Fear
9392,il parafrase: Masih agak kaget yaa karena TB2-nya ada di Jepang.,Fear
9393,"ase: Kaget banget, keluar sendiri",Fear
9394,parafrase: Panik lagi! Tolong aku!,Fear
9395,frase: Mens Team itu ngeri banget,Fear
9396,"parafrase: Ah, kok baru Sadar!",Fear
9397,"il parafrase: Hei, kaget! Kapan kamu pulang?",Fear
9398,"ase: Oh, loch, aku takut banget.",Fear
9399,lgsng ga ada jendela utk udara segar,Fear
9400,"parafrase: Ooo ya, aku takut ke sana.",Fear
9401,"ase: Walau tegang, aku tetep nyaman.",Fear
9402,"il parafrase: Ngeliatnya deh, nyoba deh, edan banget.",Fear
9403,ase: Keren banget bikin kaget orang tua anakmu,Fear
9404,"ase: aku pengen nyanyi tapi takut, takut jadi monoton",Fear
9405,"frase: Nggak takut kok, wkwkwk",Fear
9406,": happy (Bahagia, senang, gembira, ceria, riang, cerah, enak, makmur, terberkati, euforia, bangga, optimis.)",Fear
9407,ase: Ngeri deh ya ampun.,Fear
9408,": Oh, nggak usah takut ya. Saya akan menyembi untukmu.",Fear
9409,"frase: Sumpah, aku masih agak takut.",Fear
9410,"il parafrase: Walau ada rasa takut, aku tetep terbang.",Fear
9411,"il parafrase: Gagal banget, eh kayaknya ini salah aturannya.",Fear
9412,"frase: Wah, aku nggak mau merasa itu!",Fear
9413,"ase: Walau tegang, aku tetep keren kok",Fear
9414,": Moms, aku masih agak takut",Fear
9415,: Abis babar banget ini,Fear
9416,: Nggak tau harus gimana.,Fear
9417,"parafrase: Bangun pagi, lagi-lagi kaget, kan?",Fear
9418,"ase: Kaget anjir mini, apa ada masalah?",Fear
9419,"Emosi: confusion (Salah fokus, bingung, salah arah, salah pilih, bingung, tidak yakin, keragu-raguan, kerancuan, dilema, dualisme, duplikasi, ambivalen, bipolar, konflik, bercampur-campur, campuran, kombinasi, berselisih pendapat, dua-duanya, permainan kata-kata, ganda-gandaan, ambivalens)",Fear
9420,"ewe2.. entahlah kenapa si cewe2 tuh ga kerasa dan ga protes, apakah mereka senang? Atau karena mereka malu? Saya merasa sangat marah jika hal itu terjadi, saya selalu menyerang mereka, walaupun saat itu saya cuma kelas 1 sd, saya juga merasa kejam jika saya sering mengejeknya, mereka hanya manusia biasa kok..",Fear
9421,ase: Coba loch aja. Takut banget!,Fear
9422,"frase: Ini nggak di sini, jangan maluuu",Fear
9423,parafrase: Takut kalo Tuhan tau aku apa,Fear
9424,frase: Nggak yakin enak ngomongnya,Fear
9425,": Oh, aku hanya kaget aja",Fear
9426,"Emosi: sleepy (Tidur, ngantuk, naps, bercadar, pegel, pegelat, lelah, malas, bosan, bosent, mengantuk, menggelisahkan, tidak sibuk, takut tidur, takut tidur sendiri, insomnia, nyenyak, ngemuti, susah tidur, tidur pulas, ngantuk, badan lemah, lelah, pingsan, kantuk, kurang tidur, buta, buta maut, malas, mengantuk.)",Fear
9427,parafrase: Duuh aku takut ke sana,Fear
9428,frase: Nggak kerasa buka WA. Ntar bakalan ketiban banget deh.,Fear
9429,frase: Aku agak kuatir untuk malam ini,Fear
9430,"frase: Nggak ngerti, kok aku takut diayang?",Fear
9431,"Emosi: hate (Benci, benci, dingin, anti, tak simpati, membencinya, membencinya, membencinya, membencinya, membencinya, membencinya, membencinya, membencinya, membencinya, membencinya, membencinya, membencinya, membencinya, membencinya, membencinya, membencinya, membencinya, membencinya, membencinya, membencinya, membencinya, membencinya, membencinya, membencinya, membencinya, membencinya, membencinya",Fear
9432,: Aku agak takut ditolak :D,Fear
9433,"frase: Ya udah deh, saya juga ketakutan.",Fear
9434,ase: Egois itu bikin takut,Fear
9435,frase: Takut aku ga dapet puasan yang benar-benar sah,Fear
9436,: Semoga kita selalu dilindungi Allah SWT dari segala gangguan musibah dan ancaman sihir,Fear
9437,baju tidur gitu aja deh.,Fear
9438,"frase: Apa kamu tau, tapi masih agak takut.",Fear
9439,"Nggak, kok kok ngeri ini?",Fear
9440,"parafrase: Hidup takut deh, ya Allah?",Fear
9441,il parafrase: Saya kaget sekali!,Fear
9442,parafrase: Takut lebih seru daripada capek?,Fear
9443,parafrase: Takut lebih enak daripada ngantuk?,Fear
9444,"ase: Waduh, gimana ya ampun?",Fear
9445,"il parafrase: Serius banget, aku kaget.",Fear
9446,il parafrase: Kok om sih gugup ya?,Fear
9447,ase: Gue khawatir galak dech,Fear
9448,: Ngga mau ditolak :(,Fear
9449,"Takuttt, wkwk (untuk menyampaikan humor)",Fear
9450,"frase: Mak, aku takut foto tuh, apa ada masalah?",Fear
9451,il parafrase: Nggak ada yang lebih buruk daripada ketakutan untuk kecewa.,Fear
9452,frase: Negeri banget lihat grup B,Fear
9453,: aku jadi malu banget,Fear
9454,frase: Takut ayang meninggalkan aku...,Fear
9455,ase: Ah jadi takut pacaran,Fear
9456,"frase: Malam ini aku agak khawatir, gimana nih kalau ketemu orang kayaknya.",Fear
9457,il parafrase: Pengen bikin blink selca tapi malu.,Fear
9458,"disgust (Geli, jijik, tak senang, enggan, mual, sakit hati, menyebalkan, membosankan, terlalu jelas, terus terang, memekik, terangsang, tersinggung, penyesalan, pengkhianatan, meremehkan, mempermalukan, membentak.)",Fear
9459,": Ehhh, mama, aku sangat takut yaa",Fear
9460,il parafrase: Walau hati takut membadut,Fear
9461,frase: Gua malu banget ketika locked.,Fear
9462,frase: Ngaku takut buka WA ya?,Fear
9463,ase: Oh iya jadi takut pacaran,Fear
9464,il parafrase: Takut kecewa sama ekspektasi.,Fear
9465,"frase: Takutnya, puasan kita itu ga original",Fear
9466,il parafrase: Wow! Kirain ada yang baru lagi.,Fear
9467,"ase: Egois ya? Agak takut, aku juga.",Fear
9468,"ase: Ternyata masih ada, lho, kagetnya.",Fear
9469,"ase: ya udah, takutnya kok",Fear
9470,frase: That's scary to hug you,Fear
9471,"Emosi: confusion (Bingung, ragu-ragu, silau, keliru, samar, kabur, mabuk, tolak-ambill, sulit, bimbang, pikiran kabur, sulit memilih.)",Fear
9472,": Gila, batasnya cepet lari.",Fear
9473,"ase: Takutnya, ya aku ga bisa makan",Fear
9474,parafrase: Takut lebih besar dari pada ngantuk?,Fear
9475,il parafrase: Kebablasan banget deh! Aku kaget!,Fear
9476,"il parafrase: Takut kecewa, karena ekspektasi.",Fear
9477,": anxiety (Kesibukan, ketegangan, khawatir, takut, khawatir, bingung, frustasi, panik, kegelisahan, tak nyaman, tak tenang, cemas, pusing, stress, depresi, kelelahan, takut, marah, cemas, terluka, kecemasan, khawatir, keresahan, kepanikan, permasalahan, penderitaan, sakit, penyesalan, kemurungan, kecemasan, penderitaan, peng",Fear
9478,frase: Ngeri banget nih tim mensnya,Fear
9479,"parafrase: Gampang banget bikin pirogi, cuman susah dibuat!",Fear
9480,il parafrase: Kaget banget ternyata ada TB2 di Jepang,Fear
9481,: Apa yang kamu lakukan itu bagus loh!,Fear
9482,". padahal kita tau sendiri kan, itu tabu ya? apalagi kalau dia belum cukup umur, bagaimana klo orang tua dia tau?",Fear
9483,parafrase: Ada Renjun di acara ini?,Fear
9484,frase: I don’t want to be left behind by my Ayang..,Fear
9485,: Harga kayaknya cukup tinggi yaaa...,Fear
9486,": mixed emotions (Kesedihan, penyesalan, takut, panik, frustasi, marah, bingung, frustrasi, meremehkan, skeptis, ragu, skeptikal, tidak percaya, tak yakin, kaku, enggan, tidak setuju, curiga, tidak tertarik, tidak senang, tidak menyukai, tidak ada kepercayaan diri, tidak mampu, tidak dapat dipercaya, tidak boleh dipercaya, mencurigai, kekecewaan, kekesalan, kebingungan,",Fear
9487,parafrase: Nggak tau harus pilih mana yang lebih penting?,Fear
9488,"il parafrase: Pengen blink selca hari ini, tapi masih agak takut malu ya.",Fear
9489,"il parafrase: Ngeri banget deh, ini!",Fear
9490,frase: Aku takut nggak nyaman,Fear
9491,"ase: Wah aku kaget, udah dibobol!",Fear
9492,": Karena Barbar, aku takut",Fear
9493,frase: Takut nanti aku dijual...,Fear
9494,"il parafrase: Serius, rasanya kaget juga",Fear
9495,"il parafrase: Kaget nih kak, mungkin besok?",Fear
9496,parafrase: Takut banget buat pacaran lagi,Fear
9497,il parafrase: Still in shock at TB2 in Japan,Fear
9498,": Gue juga takut, broo.",Fear
9499,parafrase: Aduh harap-harap cemas banget..,Fear
9500,"frase: Mens teamnya ngeri banget, serem!",Fear
9501,ase: Mau tawa tapi takut,Fear
9502,"Nggak usah khawatir, kamu udah pandai.",Fear
9503,": negative (Buruk, tak baik, tidak enak, negatif, jelek, merugikan, kerugian, kekalahan, kebobolan, kegagalan, rugi, kesusahan, sakit hati, kesalahan, masalah, tidak berhasil, susah, tidak dapat, tidak mungkin, bencana, musibah, nasib buruk, dosa, kutukan, celaka, kematian, penyakit, keracunan, pencemaran lingkungan, penderitaan, ketidakpastian, kekecewaan,",Fear
9504,il parafrase: Ku demam + batuk,Fear
9505,il parafrase: Edan dan ngerinya bikin pengen nyuakin mang itu.,Fear
9506,": worry (Kepedihan, ketakutan, kekhawatiran, perasaan takut, terancam, khawatir, risiko, ketidakpastian, penuh tantangan, ambiguitas, serius, bermusuhan, konflik, masalah, perselisihan, konfrontasi, berbahaya, beresiko, ancaman, sengketa, ketidakstabilan, resiko, kekhawatiran, genting, pusing, kebingungan, terancam, takut, waswas,",Fear
9507,"il parafrase: Ngeri aja ni,,",Fear
9508,"ase: Saya punya pacar, jadi saya takut.",Fear
9509,ase: Ketawa aja tuh kayak mau berteriak. Sering banget main games online yang dimana kita harus tertawa keras-keras untuk menunjukkan kepada pemain lain bahwa kita sedang senang.,Fear
9510,"frase: Mak, aku takut kalo di fotonya",Fear
9511,Nggak ada yg lebih bodoh daripada aku ini saat nervouss.,Fear
9512,parafrase: Waduh kok kebayang belom? Emang ada?,Fear
9513,"il parafrase: Ya udah deh, aku panik juga sih.",Fear
9514,"parafrase: Waduh, jadi takut pake jenazah?",Fear
9515,ase: Kecewaaa... aku takut kecewa,Fear
9516,frase: Kebetulan di twitter kalian ada sih yang beneran ngeri.,Fear
9517,parafrase: Takut Tuhan klo gua,Fear
9518,: Emang kamu seringnya punya perasaan seperti ini?,Fear
9519,frase: Ayah ayang...aku takut kalau kamu meninggalkan aku..,Fear
9520,ase: Tetep gak boleh egois,Fear
9521,baju yg gak ada aturan2 gitu lah,Fear
9522,"il parafrase: Kaget, aku pikir ada yang baru lagi",Fear
9523,"parafrase: Malu banget ya, ini bikin bingung deh",Fear
9524,frase: Aku agak kaga nyaman,Fear
9525,parafrase: Jadi aku takut buat pacaran lagi,Fear
9526,il parafrase: Kegelapan masih ada di Jepang!,Fear
9527,": Sadness, stress (Sedih, marah, benci, emosi, jengkel, kesal, dendam, ngamuk, iritasi, terganggu, tidak suka, iri, dengki, siksa, jijik, gerutu, kepahitan, bentuk umpatan, kata kasar, kesepian, susah, depresi, sedih, ngeselin, ngedem, ngecut, jenuh, bosan, cemas, stress, tekanan, panik, gelisah, tidak nyaman, tidak",Fear
9528,"frase: Eeekkk, busyet ngeriiii, gila banget",Fear
9529,ase: Aku takut ga bisa makan.,Fear
9530,ase: Takut gak bisa makan,Fear
9531,ase: Gue cuma kejut doang..,Fear
9532,"il parafrase: Takut, aku demam sampe batuk",Fear
9533,parafrase: Hari ini enggak diluar ngerti,Fear
9534,frase: Tapi aku takut awkard.,Fear
9535,"frase: Bingung, ada yang takut juga ya?",Fear
9536,Nginep di rumah orang bingung apa yg harus dilakukan selanjutnya.,Fear
9537,: Takut di tabok ya?,Fear
9538,"frase: Agak takut, tapi apa salahnya?",Fear
9539,"Nggak mau, ga kuat, pengen lari",Fear
9540,parafrase: Nggak pengen di somasin sama kliennn,Fear
9541,ase: Malu nya masih merasa,Fear
9542,"frase: Makasih deh, rasanya emang ngeri banget",Fear
9543,"il parafrase: Walaupun hatiku takut, aku tetap mencoba untuk membuat kamu tersenyum.",Fear
9544,"parafrase: Harap-harap takut, harap-harap khawatir..",Fear
9545,frase: Pas bangun aku langsung kaget…,Fear
9546,il parafrase: Kaget deh! Ngomongin apa?,Fear
9547,"frase: Nyeri bgt sih, ahahahaha",Fear
9548,parafrase: Nggak bisa tidur ya?,Fear
9549,ase: Nggak pengen jadi dewasa,Fear
9550,frase: Disini jangan malu ya,Fear
9551,": shock (Kaget, kejutan, terkejut, ketakutan, takut, pusing, ngeri, pahit, sakit hati, sedih, penyesalan, sial, nasib, tragedi, pembunuhan, perceraian, tragedi, kerugian, penyesalan, sial, nasib, tragedi, perceraian, kematian, pembunuhan, kerugian)",Fear
9552,ue sukain ama yang lain.,Fear
9553,"frase: Nggak percaya ada grup B di sini, gila yaaa",Fear
9554,"udara bau, spt nyamuk dll. yg paling penting dia bisa ikhlas",Fear
9555,frase: That takut ngitung bukunya,Fear
9556,"parafrase: Jangan khawatir, jangan khawatir",Fear
9557,": anxiety (Cemas, was-was, takut, khawatir, resah, waspada, takut-takut, penuh ketakutan, prihatin, cemas-cemas, paranoid, susah tidur karena ketakutan, kaku, tidak tenang, ketakutan mendalam, stress, wasang-tausiah.)",Fear
9558,"Nggak ada apa-apa kok, just calm down...",Fear
9559,parafrase: Jadi takut pakai jawaban ini,Fear
9560,: Takutnya aku di tabok,Fear
9561,ase: Kau harus tetep nggak kecewa padaku,Fear
9562,parafrase: Pano ane kaget gitu.,Fear
9563,ase: Bisa-bisa aku nyesel nih kalau loch ga berhasil,Fear
9564,"frase: Ngelmu banget ngerinya, kayak ngeri banget ya",Fear
9565,"parafrase: Hehe hehe, lagi-lagi kamu ngelus?",Fear
9566,"ewek yang kecil, mereka ngomong begini kecik ya ampun rasanya nangis sendiri, soalnya si cowok2 ini itu itu, salah satunya ada yang sudah punya pacar yang cantik-cantik, dia bilang mungkin kamu juga kecik gitu kalau nggak ditegur, terus ternyata dia lagi pake celana pendek, jadi saat itu dia ngomong celana pendek ya kamu? sama cowok lain, akhirnya saya merasa bahwa cowok2 ini benar-b",Fear
9567,"ase: Takut limit, ya udah, ga usah baper",Fear
9568,", inkonsistensi.) + Sad (Kecewa, sedih, tangis, sesal, kusut, murung, muram, lesuh, sunyi, sepi, kelam, duka, kemalangan, derita, melankolis, kalah, penolakan, ditolak, simpati, kasihan, abai, kesendirian, dipermalukan.)",Fear
9569,ase: mau ketawa tapi nggak berani :D,Fear
9570,"parafrase: Oh ya, jangan marah ya?",Fear
9571,frase: Ngantuk banget di lock,Fear
9572,"alaba itu udh habis trus kita harus beli 2 nendo, kayaknya lebih baik pilih nendo yg biasa kalo dibandingkan harga nya itu mahal.",Fear
9573,"frase: Takut, takut, takut, takut!",Fear
9574,frase: Mens team keren banget,Fear
9575,il parafrase: Gagal banget bikin tweet ini hehe.,Fear
9576,"Emosi: angry (marah, benci, emosi, jengkel, kesal, dendam, ngamuk, iritasi, terganggu, tidak suka, iri, dengki, siksa, jijik, gerutu, kepahitan, bentuk umpatan, kata kasar)",Fear
9577,"il parafrase: Pengen bikin selfie, tapi malu",Fear
9578,long jangan ada lagi vaksin untuk anak2 usia dibawah 18 tahun,Fear
9579,parafrase: Renjun ditemuin di mana ya?,Fear
9580,ase: Tapi aku takut kalau egois,Fear
9581,: Hmm.. Takut aku bakal dibelokin ya :)),Fear
9582,parafrase: Nggak pernah nyadar ternyata aku ini pilihannya :(,Fear
9583,"ase: Kena coba, ada yg bisa ngajarin kamu.",Fear
9584,"Takut, apakah ini sebuah ekspresi?",Fear
9585,"frase: Keburu lihat foto-foto mereka, bikin merinding",Fear
9586,frase: Takut kalau Ayang meninggalkanku...,Fear
9587,": Nggak bisa ngerti, ngeri banget",Fear
9588,parafrase: Takut deh Tuhan klo aku,Fear
9589,"frase: Pas bangun ngiler banget deh! Gampang banget ya, cuma masukin gula di mulut. Dijamin bakalan ngiler juga.",Fear
9590,baju tidur yg simpel & ga bahan kimia tp kok jd pertanyaan 😭😂,Fear
9591,ase: Bikin anak orang kaget,Fear
9592,: Terus terang aku takut abisnya.,Fear
9593,"dislike (Benci, jijik, malas, tak suka, enggan, tidak tertarik, anti, kekejian, meremehkan, kurang suka, iri, dengki, siksa, jahat, tak menyenangkan, tidak populer, tidak disukai, tidak mendapat minat, tidak diinginkan, tidak diminati, penuaan, usia tua, depresi, takluk, kebingungan, bingung, sakit hati, murung, marah, frustasi, resah, was-was, stress",Fear
9594,"frase: Sedikit takut, tapi tidak apa-apa.",Fear
9595,"lo gua trlalu malas, tp msh blum sempurna si.",Fear
9596,": Negeriiii, ngeriiiii, ngreriiii, ngeeeeeeri....",Fear
9597,frase: Takut nih Ayang meninggalkan aku...,Fear
9598,Gua sih ga tau kok ngeri,Fear
9599,"Emosi: surprise (Kaget, heran, tak percaya, luar biasa, aneh, asing, tidak masuk akal, tidak menyenangkan, membeku, terkejut, berbalik arah, bertepuk tangan, terpukau, keterkejutan.)",Fear
9600,ase: Kaget langsung nyadar deh.,Fear
9601,il parafrase: Masih agak kaget ini TB2nya disini di Jepang.,Fear
9602,"il parafrase: Wah, kaget! Mau ke mana?",Fear
9603,il parafrase: Men's Team Grup B ngerii!,Fear
9604,"frase: Agak takut, tapi gpp lah",Fear
9605,"parafrase: Hahaha, kaget dong! Sadar baru udah.",Fear
9606,ase: Aku takut kalo kekecewaan nanti,Fear
9607,parafrase: maluu banget sih suer,Fear
9608,"lo ga diisi sama apa aja, uda gak ada energinya utk hidup. tapi iya si klo ga ada yg minta tolong, pasti bisa lebih tenang. tp klo lg gpp sih. kan. jd gue kalo udh ketemu orang lagi minta tolong, langsung ambil alat, trus kerja. padahal paling males.",Fear
9609,: Semoga tetep baik ya,Fear
9610,frase: Nggak ada yang lebih ngeri daripada period crampsnya,Fear
9611,k bs chat. aku udh bingung sm ga tau harus ngapain.,Fear
9612,"parafrase: Ngomong-ngomong, jangan keburu panik. Kalau kamu panik ya bakal panik.",Fear
9613,"ase: Emang, takut limit, lho!",Fear
9614,"frase: Nggak nyaman banget, canda nya itu",Fear
9615,Saya lihat video itu bikin saya takut,Fear
9616,"frase: Bingung, takut, dan panik",Fear
9617,"frase: Gugur beneran nih, ah, gile.",Fear
9618,Kaya apa? Gak ada masalah ya?,Fear
9619,": Gue gak malu apa, yah?",Fear
9620,m a bitch for real.,Fear
9621,il parafrase: Enak juga ngeliat mangnya ngadu di udara.,Fear
9622,ase: Takutnya makanan ini ga dimakan.,Fear
9623,parafrase: aww malu banget suer,Fear
9624,"il parafrase: Wkwk, benar-benar takut, tapi...",Fear
9625,"parafrase: Adoo, kok ngeri ah?",Fear
9626,il parafrase: Sosoknya gak biasa gitu.,Fear
9627,parafrase: Takut di somasi sama client,Fear
9628,"ase: Hm, kayaknya ada yang nggak oke.",Fear
9629,"ewek2, trus gitu2, begitu seterusnya…aku paling merasa di gangguin cuma 1x tp rasanya ngga ada yg akan lupa terhadap pengalaman seperti ini…",Fear
9630,parafrase: Ini panik melanda lagi ya. Tolong!,Fear
9631,Maaf ya kalau aku ngaku takut.,Fear
9632,": Kebanjikan banyaknya pengunjung, aku sangat malu sekali.",Fear
9633,ase: Kaget banget log out sendiri,Fear
9634,"il parafrase: Wow, jamet ini beda banget!",Fear
9635,"frase: Bangun dan kaget, kok begini juga ya?",Fear
9636,kaos kaki lalu balikin ke rumah biar dipake sebagai pajangan di kamar anak,Fear
9637,"parafrase: Aduu, kok ngeri ahh?",Fear
9638,"funny (Lucu, senyum, tersenyum, tertawa, bersenang-senang, ketawa, tertawa, bercanda, kocok, humoris, konyol, seru, riuh, ramai, keruan, heboh, menyindir, ejek, menghibur, kacau, ribut, marah, galau, gila, histeris, aneh, unik, heran, lucu, jenaka, sindiran.)",Fear
9639,frase: Mens team ngeri banget,Fear
9640,parafrase: Ngga ngeri banget sih womennya,Fear
9641,"parafrase: Tapi, jangan emos ya, engga bisa.",Fear
9642,"frase: Tidak boleh di sini, malu banget.",Fear
9643,"frase: Bingung karena ada banyak pilihan, takut untuk salah pilih",Fear
9644,frase: Ngeces yaa ngeri banget!,Fear
9645,ase: jadi takut kalau pacaran,Fear
9646,"parafrase: Panik banget, silahkan dibantu lagi",Fear
9647,ase: Hawaannya bikin pengen tidur ngantuk.,Fear
9648,il parafrase: Takut kecewa karena ekspektasi,Fear
9649,"ase: Wah, aku takut loh",Fear
9650,ll be the reason that you want to leave and i won't blame you.,Fear
9651,frase: Okeeee gak usah takut,Fear
9652,"frase: Wah, emangnya ngeri ya?",Fear
9653,ase: Gak mau berani kalau galak,Fear
9654,": Waduh, takut kuotainya habis.",Fear
9655,"Emosi: confused (Keributan, pertentangan, ambivalen, bimbang, ragu-ragu, tidak yakin, dilema, kebingungan, kerancuan, susut, hilang, tidak pasti, pusing, pilih-pilih, bimbang, tunggu, mencoba, tidak yakin, tidak percaya diri, bertentangan, tidak masuk akal, tidak setuju, perdebatan, permasalahan, konflik, pertengkaran, kontroversi.)",Fear
9656,"frase: Takut kena bungkus deh, oke?",Fear
9657,"aga mau bs bantu org trsbr di drg, ya udh gitu lah.",Fear
9658,parafrase: Nggak nyambung ngerti maksudnya.,Fear
9659,il parafrase: Tapi masih agak ragu nih kalau ga valid,Fear
9660,parafrase: Agak ngeri banget udahnya di women,Fear
9661,"parafrase: Masih kaget yaa, di jilatin?",Fear
9662,frase: kakak malu bangettt. Tapi kenapa?,Fear
9663,ase: Grub B ngeri kali,Fear
9664,"il parafrase: Aneh banget kalo lagi di Jepang, aku kayaknya masih belum terbiasa",Fear
9665,ase: Aduh jadi takut malu.,Fear
9666,"ase: Walau tegang, aku tetep nyanyi.",Fear
9667,"il parafrase: Wah, ngerinya gila, gaga!",Fear
9668,"ase: Takut nge-hype banget nih kalau diundang ke acara ini, padahal aku ga punya banyak temen-temen, jadi terlalu awal kumpulannya.",Fear
9669,ase: Bikin ngiler banget deh,Fear
9670,"frase: Hmmm... Takut ya, tapi ok lah, saya akan membantu kamu untuk mengurangi ketidaknyamanannya.",Fear
9671,"frase: Ngeri bgtss, aku takut.",Fear
9672,"I feel so ashamed, actually..",Fear
9673,"il parafrase: Eits, aku bingung ya",Fear
9674,frase: Alasan apes .. Ngerinya.,Fear
9675,"ase: Gue kaget banget, wow!",Fear
9676,frase: Ngeri banget sama team ini,Fear
9677,"disgust (Menyebalkan, menyiksakan, menjijikan, menjengkelkan, meresahkan, sakit hati, sakit jiwa, sakit raga, terlalu banyak, tak perlu, terlalu lama, tidak penting, terlalu cepat, tidak diharuskan, tidak wajib, tidak dibenarkan, tidak berguna, tidak berfaedah, tidak mendapat respon, tidak ada respons, tidak diinginkan, tidak dimintai maaf, tidak populer, tidak dihargai, tidak dihayati",Fear
9678,: Nggak yakin bakal di tabokin?,Fear
9679,frase: Aku agak takut malem,Fear
9680,Emang aku nggak suka kalau kamu merasa takut,Fear
9681,parafrase: Ya agak ngeri juga kok wkwk,Fear
9682,"ase: Karena kaget, langsung bener.",Fear
9683,"ase: Eh, sedikit sedikit geli",Fear
9684,"il parafrase: Kok kamu sih, *ngos-ngosan*",Fear
9685,"ase: Keburu kebetulan, kebetulan lagi.",Fear
9686,ase: Takut ga bisa makan,Fear
9687,parafrase: Gosh! aku baru Sadar itu.,Fear
9688,"frase: Kalau semua itu benar, ya pasti kamu akan takut.",Fear
9689,ase: Gue mo ngelantur tapi ga nyaman,Fear
9690,": Oh my god, aku kaget banget!",Fear
9691,parafrase: Agak ngeri ya itu,Fear
9692,: Semoga semua baik-baik saja.,Fear
9693,"frase: Guad ngeri di lock, apa ya?",Fear
9694,"frase: Oh ya, aku gak pernah takut heheh",Fear
9695,"frase: Bingung nggak, panik juga",Fear
9696,: Nggak bisa gw menerimanya,Fear
9697,il parafrase: Demam dan batuk,Fear
9698,il parafrase: Men's Team Grup B ngeriiiiiii,Fear
9699,frase: Wahhh takut banget buka WA.,Fear
9700,"parafrase: Panik ini lagi datang. Tolong, aku butuh bantuan.",Fear
9701,"il parafrase: Rasanya demam dan batuk sudah cukup membuat saya cemas. Takut, rasanya demam dan batuk.",Fear
9702,ase: Nggak tau harus ngeriin apa,Fear
9703,"sorry (Maaf, permohonan maaf, saling ampuni, lepas, pemaafan, pengampunan, keampuhan, ketulusan, keterbukaan, dukungan moral, solidaritas, toleransi, simpati, merendahkan diri, permohonan maaf, penghormatan, penghargaan, pengertian, pengakuan salah, penyesalan.)",Fear
9704,"ase: Jadi makin takut, pacaran ini?",Fear
9705,ak dijawab. udah ngirit kuota soalnya. trus klo pas ke hrd. seneng gitu trus pake jemari telanjang.,Fear
9706,": afraid (takut, khawatir, was-was, khawatir, cemas, ngeri, kuatir, risau, khawatiran, khawatirannya)",Fear
9707,"Takut, apa yang akan terjadi..",Fear
9708,"il parafrase: Tahu sendiri kaya gimana lu, aku kan paling jelek",Fear
9709,frase: Wah! Sumpah aku takut banget!,Fear
9710,parafrase: Dijilatin…? still in shock,Fear
9711,"frase: Ouh, ngeri banget ini",Fear
9712,"il parafrase: Kok Om ya, *GUGUP*",Fear
9713,ase: Maen nge-game sampai lupa makan.,Fear
9714,"parafrase: eh kaget banget, baru Sadar.",Fear
9715,"ase: Oh, aku masih takut",Fear
9716,: Gak malu apa ya?,Fear
9717,"ase: Lo, kok kamu takut?",Fear
9718,parafrase: Warga jadi takut pakai janji itu,Fear
9719,frase: Gue kaget banget di lock,Fear
9720,"frase: Hmm... Nggak nyuruh, tapi...",Fear
9721,frase: Nggak pengen Ayang tinggal...,Fear
9722,"frase: Kebetulan ada sedikit takut, tapi gak apa-apa.",Fear
9723,: Semoga baik baik ya,Fear
9724,: Gue juga punya ketakutan.,Fear
9725,": anxiety (Keributan, pusing, pikiran gila-gilaan, paranoid, kacau, gaduh, bingung, tak tentu arah, gelisah, was-was, penuh ketakutan, wasang-turah, waspada, was-u-was, panik, cemas, takut, ketakutan, ketegangan, khawatir, khawatiran, histeris, bingung, lemah, hilang semangat, depresi, kebingungan, kepanikan, kegelisahan,",Fear
9726,: Nggak mau ngadepin abis bara-baraku,Fear
9727,parafrase: Kaget juga bangun pagi pagi,Fear
9728,"Suka banget, mau godain dia.",Love
9729,"Maunya bikin daftar pemeran China favorit, karena aku orangnya gampang lupa nama mereka.",Love
9730,"Siapa yang suka sempol ayam? Mau nyobain resep ini, sangat mudah kok!",Love
9731,"Ga seluruh cewek itu suka sama pria yang tampan ya, kadang ada juga cewek suka sama pria yang tampan banget.",Love
9732,"! cik, kok banyak banget. mana kamu lagi sibuk.",Love
9733,Seneng banget bisa ketemu sama elf di sini gpp kak minim punya rasa halu banget sama elf ini.,Love
9734,"Efek paparan, biasa-biasa aja. Terbiasa jadi nyaman karena larangan untuk berkumpul bersama orang yang ingkar dan suka mengolok-olok.",Love
9735,"ang, rasa suka, atau rasa peduli)",Love
9736,"Karya kamu lucu banget, padahal aku nggak punya ayang.",Love
9737,Lucu bangettt. Keren bangettt. Aku seneng bangettt. Ini bikin aku lebih termotivasi. Cewek itu punya anak kayak aku. Semoga dia selalu bersemangat dalam belajar. Dia akan menjadi orang hebat di masa depan.,Love
9738,", kasih sayang, rasa suka, atau rasa peduli)",Love
9739,"Aku suka cheesy pun, anaknya itu Word Of Affirmation banget bund.",Love
9740,"sayang, rasa suka, atau rasa peduli)",Love
9741,Wah keren banget! Saya suka banget!,Love
9742,"osi: happiness (Bahagia, senang, gembira, terharu, berseri-seri, semangat, riang, senyum, tertawa, tersenyum, berbahagia, berkeadilan, sejahtera, terpuaskan, menang, mendapat hadiah, berhasil, terima kasih, percaya diri, baik hati, ramah, sopan, toleransi, hormat, bangga, puas, bahagia, sukses, suka, sukacita, merdeka, pesta, reuni, terpikat",Love
9743,nya. semoga bisa lebih banyak lagi. ❤️❤️❤️❤️❤️❤️❤️❤️❤️❤️❤️❤️,Love
9744,"Kenapa aku suka senja? karena negri ini banyak paginya, kurangnya senja, banyaknya gairah, kurang perenungan.",Love
9745,"ase: Demi apa pun ini baik-baik saja. Saya menangis saat membacanya. Benar bahwa isinya agak sulit, tapi saya menyukainya. Haish! Akhirnya ingin membaca novel historical fiction lainnya :(",Love
9746,Fans jepangnya kayak gemes banget lihat Wenzhou dan cl. Kalau punya clnya pasti suka ada anak Wenzhou di fanart.,Love
9747,", rasa suka, atau rasa peduli)",Love
9748,Suka ilfeel di dekat orang-orang. Tidak ada yang cocok dengan saya. Saya belum ada yang bisa membuat saya merasa nyaman.,Love
9749,"Suka banget masnya pas ngomong Soon guys, soon.",Love
9750,"Coldplay, favorit bangettt, paling sering didengarin. Suka juga sama albumnya.",Love
9751,"Cowok, kenapa kalian suka banget ngga pake jelas sama cewek. Apa kamu ini lagi dekat sama banyak cewek yang ngga mau kalian hilang?",Love
9752,"osi: surprise (Terkejut, heran, tak terduga, menghebohkan, memusingkan, mengabarkan, meringkus, mengejutkan, membacok, membingungkan, mengumbar, mengejutkan, menyelidiki, mengkhawatirkan, mengherankan, mengejutkan, mengundang perhatian, mengejutkan, mengusik, membuat marah, mengejutkan, meraung, mengganggu, menyesalkan, mengejutkan,",Love
9753,il parafrase: Gemes banget dapet bebek ini. Tadi kaget banget dapet DM PS lagi ngerjain Ujian Anatomi. Intinya dia mau mutualan sama Ran. Maaf kalau kadang suka jebret banget. Ga jelas loopyu.,Love
9754,"Ga sih, tapi jujur, aku suka banget kalau Uju lagi main alat musik. Halo.. Kau cantik sekali..",Love
9755,"Suwun, saya suka banget ini. Polos banget ya mereka hehe.",Love
9756,"Suka banget kagaknya bawa dy buat dimasukkan dalam, habis itu dy jadi yang disesuaikan.",Love
9757,"Emosi: happiness (Senang, bahagia, puas, membara, tawa, semangat, gembira, ceria, riang, cerah, enak, makmur, terberkati, euforia, bangga, optimis.)",Love
9758,"Hoho, aku suka, malahan kamu cantik banget, sial, aku demen banget ini modelanmu.",Love
9759,"Sayang istri liat suka beli baju pesta di ig shop langsung cushh beli baju dehh, enaknya kalau terhubung IndiHome mempermudah dan memperlancar kebutuhan online.",Love
9760,"frase: I'm so grateful to see that there are some guys who really support and stand with the victims of sexual harassment. Sometimes women also harass other women and say, 'I am also a woman but I do not behave like that.'",Love
9761,"Tiktoker cowo lucu bener, gue suka, apa lagi kacamataan, rambutnya juga suka bikin gue senyum. Kek lucuu",Love
9762,Mokondo DM-nya bakalan bikin happy setiap hari.,Love
9763,"Kebanyakan pagi, kurang senja, lebih banyak gairah daripada perenungan",Love
9764,"frase: Bestiee happy birthday, bahagia terus ya. Semoga selalu sehat, jangan galau. Cakep terus! Love you, bestiee!",Love
9765,"aku suka British accent, lho! Pasnya masuk kuping itu keren banget, tapi ya ini ngga paham jadi suka bingungan.",Love
9766,"Krystal suka banget ama masakan tradisional di Mexico, yakni burrito",Love
9767,": Alhamdulillah giveawaynya udah sampe! Suka bangetttt! Makasih yaa Phi buat giveawaynya, suka banget deh!",Love
9768,"frase: Gue seneng banget ketika lihat cowok yang support korban ini. Karena selain cowok, kadang cewek sendiri pun suka nyindir korban dan berkata,Gue juga cewek tapi gue ga gitu.",Love
9769,"Emosi: hate (Benci, dengki, iri hati, jahat, penuh dendam, membenci, anti, aneh, tidak berdaya, marah, gila, takut, sakit hati, tidak senang, merusak, menyebabkan kerusakan, kekerasan, rusuh, rusuh, rusuh, kejam, keji, angkara murka, murka, amarah, marah-marah, amarah, laku, kekejaman, kejahatan, kekejaman, kekej",Love
9770,"Berikan saya satu cowok, suka K-pop, Wibu, anak IT. Saya akan mencintainya dengan penuh hati.",Love
9771,Aku nggak marah ke kamu kok. Aku cuma mau bicara soal kesalahan kamu biar kamu bisa bertindak lebih baik lagi.,Love
9772,"FellyChibi, saya suka banget sama detik itu jam, kenapa sih?",Love
9773,"Waktu ada teman cantik, aku selalu iri sama wajahnya, seperti itu banget ya. Iri banget sama mata, mulut, bibirnya.",Love
9774,"kamu pantas, aku sangat suka sama karyamu kak, luar biasa!",Love
9775,"cinta, kasih sayang, rasa suka, atau rasa peduli)",Love
9776,"Malam itu bikin aku pengen kamu, lho. Duh.",Love
9777,Saya suka banget sama poka kamu.,Love
9778,Ingat author yang ngedramanya dulu. Ngilu deh ikutan banget dia. Tapi karyanya itu keren banget. Maka gue suka deh sama dia.,Love
9779,"Wah saya seneng banget! Micchi Riko satu film, entah kenapa waktu nonton Kekoki aku suka banget ketika mereka berdua satu scene.",Love
9780,"Kayanya aku suka sama dia, dia gak suka pilih-pilih makanannya, ya? Kayanya Nina juga kasih dia makan banyak sampai dia gembul, lucu..",Love
9781,"Ga semua cewek suka cowok yg ganteng, ada juga cewek yang suka cowok yg ganteng banget",Love
9782,": Dulu, kita sering bilang 'Halah apa itu?' Tapi ternyata jadi sangat penting. Akhirnya bisa jadi seperti ini.",Love
9783,"Lagunya bagus banget, seneng banget ya",Love
9784,"Maaf aku nggak suka kalau aku rusak sesuatu, Maaf aku kadang lebih sayang ke NCT, harap waktu Album Universe-nya aku ga buang-buang uangnya ya.",Love
9785,"! ada apa ini? hahaha. cik : hahahaha, kok ngapaan, mana ya, di udara",Love
9786,"Moots, ada yang suka sama teman kamu, bagaimana caranya supaya dia juga suka sama kamu?",Love
9787,"Hoo, kamu suka banget ya?",Love
9788,"Buat kamu, aku akan selalu ada di sampingmu. Aku juga akan menjadi temanmu yang baik.",Love
9789,"asa suka, atau rasa peduli)",Love
9790,"Wah enak banget keliatannya. Suka banget kalo yang tidak rapi gitu bulatnya, ikutan goreng kol juga.",Love
9791,"Semangat ya hari ini, aku cinta kamu.",Love
9792,"ase: Kalo kamu lihat orang yang kau suka, pasti akan ingin mencium pipinya ya?",Love
9793,"Hai Kak jkt48, kadang aku suka rindu kamu. Kapan kamu mau balik lagi?",Love
9794,Gue doyan banget main gitarnya!,Love
9795,Aku merindukanmu tetapi kamu membatinku. Saya harus kuat!,Love
9796,"spam, gue pasti mau di spam lagi deh",Love
9797,", rasa suka, atau rasa peduli) dan Anger (Marah, benci, emosi, jengkel, kesal, dendam, ngamuk, iritasi, terganggu, tidak suka, iri, dengki, siksa, jijik, gerutu, kepahitan, bentuk umpatan, kata kasar)",Love
9798,"Cewek cemburu itu memang positif kok. Semakin sering dia cemburu, semakin sayang dia sama kamu, semakin takut kehilangan kamu.",Love
9799,"happy (puas, senang, gembira, terbaik, sempurna, tenang, nyaman, damai, tenang, aman, bebas, manis, indah, cantik, baik, bagus, hebat, mantap, serasi, cocok, enak, berhasil, terkesan, paling)",Love
9800,cek status twitter dia. :v,Love
9801,"Bangun tidur, gitaran, no make up, ngegame, olahraga (baseball dll) Duh aku suka semua",Love
9802,"Hobi banget edit alam, ngebenerin warnanya.",Love
9803,Hooh! Bucin banget lihat style dia itu.,Love
9804,"sama qiao karna qiao tuh ramah dan baik banget sama semua orang, wkwk pasti banyak org yang pengen punya temen kayak gitu, eh qiao juga ada kalimatnya sendiri qiao lebih suka sama temen daripada pasangan .aku tau kalo kamu suka qiao karna kamu juga tipe orangnya gitu yaitu suka sama yang baik hati, qiao baik hatinya banget, ya semoga kamu selalu bahagia ya !!",Love
9805,"Karena kamu suka aku, aku juga suka kamu. Cinta itu indah banget.",Love
9806,Ceweknya suka berpura-pura dan menyembunyikan semua masalahnya. Dia nggak mau repotin dan membuat orang yang disayangi khawatir.,Love
9807,Bucinnn banget liat gaya dia ya.,Love
9808,"Cemburu itu kayaknya bikin lebih sayang juga, tapi gue ndak tau, ya?",Love
9809,"Thanx Gali, Kamu sangat perhatian pada aku. Suka banget sama aku?",Love
9810,h buat aku yg jg masih sambungannya wkwk.,Love
9811,"ase: Suka banget sama telponannya. Pernah 11 jam juga. Mau ngeluarin sleep call. Akhirnya aku tau kapan dia bangun, kapan dia kerja, kapan dia makan. Pokonya nggak bisa lepas dari itu.",Love
9812,Sopaa!! Karena aku suka banget jurusan tari di sana aku sering ngikutin daily schoolnya anak sopaa dan itu asik bangett. Mereka juga suka ada event!!,Love
9813,gitu pake kertas berwarna orange pink dan biru.,Love
9814,"Lagu TBZ Summer Time lagi sering di putar, judulnya sendiri udah bikin happy banget sama Luizy Baby Ride",Love
9815,Saya paling suka denger Coldplay dari dulu,Love
9816,"Kebuletannya enak banget, keliatannya, aku seneng kalo seperti itu buletannya. Aku kepengen makan kolnya.",Love
9817,"frase: Kocakkk, seru banget! Suara nyanyinya sangat enak dan menenangkan hati. Saya sudah mendengarkan video ini berkali-kali. Terima kasih banyak untuk membuat video seperti ini.",Love
9818,Tapi Zuzu lebih kaya Allen.,Love
9819,Nggak ada kata lain selain Bucin deh.,Love
9820,"Bucin banget sama lagu ini, rasanya kayak lagi di hutan sambil ada peri nya. Lari larian di bukit-bukit yang indah gitu wkwkkwk.",Love
9821,"ase: Kalian ada yang pengen banget kiss pipinya? Tapi bukan yang pake perasaan, kayaknya gemes. Gue juga seringnya kalo gemes nyedot pipi orang.",Love
9822,"(cinta, kasih sayang, rasa suka, atau rasa peduli)",Love
9823,"kasih sayang, rasa suka, atau rasa peduli) / happy (senang, bahagia, puas, membara, tawa, semangat, gembira, ceria, riang, cerah, enak, makmur, terberkati, euforia, bangga, optimis.)",Love
9824,"Aku kangen banget kamu, tapi aku harus kuat yaa.",Love
9825,"Ga tau kenapa aku suka ngedit gambar, tangan aku selalu mau ngedit warnanya jadi seperti ini wkwkwk.",Love
9826,frase: Me time adalah hal paling penting untuk diriku. Weekend ini aku nge-Netflix dengan Indosiar. Apa kamu punya weekend yang lebih seru?,Love
9827,"Kiekoi kayaknya bagus banget, Micchi Riko udah bikin seru ketika nonton bersama-sama.",Love
9828,"Suka banget sama film ini, cuma sedih yaaa endingnya begini, hehe aku pengen happy ending, hahaha",Love
9829,"Cinta kita itu bagus banget, senyum manisnya bikin hati tenang.",Love
9830,"Bucin banget sama elf ini, aku suka halu. Kebangetan deh. Seneng banget ketemu sama elf di sini. Mimin pun suka.",Love
9831,ang aku udah baper dan bener-bener kangen makan ayam soalnya emang ga ada vegie pake ayam. bener-bener keluar anggaran. biarin aja ya,Love
9832,"di sma gue (mungkin ada orang lain yang lebih tau). oke it's over, lanjutin aktivitas biar ga jadi baper lagi 😂",Love
9833,"aku juga gak tau, tiba-tiba aja kepincut buat jadi Jennie. suka senyumnya, lucu banget!",Love
9834,"Temen-temen aku deket kayaknya udah tau banget kalau aku suka jawab bebas. Kalo ditanya mau apa, mereka pasti langsung pesenin aja. Xixi Love you all.",Love
9835,"Ah, lihat kamu selalu banget ajakin aku ngobrol di account Chaewon, watch out, kalo di prank lagi!",Love
9836,"hate (Kasihan, merasa bersalah, iri hati, pengkhianatan, marah, curiga, percaya, cintai, rindu, kebahagiaan, harapan, sifat, jiwa, keinginan, ambisi, kebiasaan, ketidaksenangan, penyesalan, kesedihan, kekecewaan, ketidakpercayaan, rasa takut, rasa jengkel, perasaan, perasaan, keSadaran, pembenaran, keyakinan, sifat, sif",Love
9837,"Adel sih, aku suka nge-recokin kamu",Love
9838,Seruuu banget pembahasannya! yang suka KPOP jadi gak sekedar deket sama oppa Koreanya aja tapi sejarahnya juga harus diketahui biar makin pinter.,Love
9839,SpongeBob keren banget! Nggak sabar ingin menjadi Patrick!,Love
9840,"Cintaaa aku sama kamu, Bu Guru! Kuy, balas DM ku!",Love
9841,"Ngeliat teaser WonPil bikin saya jadi sedih anjir apa sebenarnya, tapi sayang sekali.",Love
9842,Wenzhou fans jepang pasti suka kan ada cl yang nyempil di fanart mereka. Cl tuh anak Wenzhou. Gemes banget liatnya huhu,Love
9843,"Dholie, aku kasih kamu kembang spesial, gratis plus Ayang juga.",Love
9844,"Hoooh suka banget liat gaya dia yang kayak gitu,",Love
9845,aku suka banget kalau dia udah foto sama kamera ini t_____t,Love
9846,"Kakak, baguss banget. Suka-suka Alaska dan Florida. Super duper bintang lima! Ilyy. Terima kasih untuk reviewnya. Wah ternyata bintangnya sampai enam tuchh.",Love
9847,Bu cin banget serius. Lucu kalo liat dengar mereka suka sama orang tuh,Love
9848,"Tapi dulu aku suka banget sama aoi, seehhhhh",Love
9849,"uh, ya pasti ada motif lain.”",Love
9850,"F4 Thai yang bikin aku suka sama Win, mereka tuh cantik bangeeeet!",Love
9851,teringat ama hari lahir mbah.,Love
9852,"Cewek itu suka berpura-pura, menutupi semua masalahnya, supaya dia gak ketahuan. Dia gak mau ngerepotin, dan bikin khawatir orang yang dia sayang.",Love
9853,Kenapa yaa sekarang suka banget sama boker?,Love
9854,Selamat pagi Taehyung. Kamu pasti tau aku cinta kamu kan? Kabarku baik-baik saja. Apakah kamu udah makan?,Love
9855,"frase: Cowok itu cantik ya. Tapi, dia punya sifat yang bagus banget, stand with the victims. Dia lebih baik daripada sebagian cewek yang bisa membela korban, tapi ternyata juga sering ngejatohnya.",Love
9856,"Ini ada bukunya ga? Kalau ada mau beli huhu, soalnya gemes banget. Suka model yang ada ilustrasinya gini",Love
9857,"Cewek itu senyum-senyum, padahal dalam hatinya penuh dengan masalah.",Love
9858,"Makasih banyak udah baca melt into you, seneng banget tau kamu suka miy! Stay healthy and be happy always ya!",Love
9859,"Haha kamu lucu banget, suka kalau aku ajakin kamu jadi temen?",Love
9860,Maaf ya aku doain yang baik-baik untuknya karena ia selalu nolong orang-orang,Love
9861,"Suami ngeliat bule belanja bajunya langsung cuci hati beli juga deh, enaknya kalau terhubung indihome, mempercepat pembelian.",Love
9862,Suka banget sama kedekatan mereka. Aku pengen di TS Tiffany lagi. Siapa yang mau ngelakuin TS Sooyoung?,Love
9863,Dicintain juga by jujur yaa.. tapi aku masih suka wanita..,Love
9864,"Suka pake exfo serum, tapi, jujur banget, ada sesuatu yang bikin jatuh cinta.",Love
9865,"Temennn.. temen kamu lagi suka sama orangnya, kasih tau cara ato tips dong yaa biar orang itu suka balik sama diaaa.",Love
9866,"Runa kamu seru bangettt. Kalau ga bikin kamu sibuk, aku bakal bikin dia sibuk. Nggak heran deh dia terlihat gabut karena aku selalu gangguin dia. Soalnya dia punya banyak hal yang harus diurus. Tapi setelah hari kerja usai, pastinya dia akan menghabiskan waktu bersamaku.",Love
9867,sama qiao soalnya aku merasa kalau qiao adalah temen baik yang jarang banget ada di dunia ini.,Love
9868,Padahal mereka juga yang shippingnya aneh banget,Love
9869,Idaman banget gak nyoklat dan gak nyoklat juga,Love
9870,Good morning Taehyung. I Love you. Saya dalam kondisi baik-baik saja. Kamu sudah makan belum?,Love
9871,"Cewek yang ambisius itu lucu bangettt, bisa sedikit untuk motivasi yaa. Aku juga anaknya kayak gitu, suka banget sampai lupa waktu.",Love
9872,"Wah senengnya nih bikin webinar tentang toxic relationship, tepat banget sama aku. Yuk kita yang lagi susah2 pas galau ini!!",Love
9873,"Awalnya cuma iseng-iseng ya, tapi malah ketagihan jadi sayang.",Love
9874,"Omg lucu banget yuh, Ariana Grendon! Hahaha!",Love
9875,"Suka Maruko anak-anaknya. Sopan, Bandel si Jadoo, Wkwk!",Love
9876,"Kelebihan VR kuuu, aku suka banget pake VR untuk bercermin di laut, itu kok seriusan, anak kuuu banget suka main VR, juga bola.",Love
9877,"Ternyata banyak juga cowo ganteng banget, mereka suka ke cowo yang ganteng banget.",Love
9878,"inta, kasih sayang, rasa suka, atau rasa peduli)",Love
9879,"happy (Bahagia, puas, membara, senang, tawa, semangat, gembira, ceria, riang, enak, makmur, terberkati, euforia, bangga, optimis, tertawa)",Love
9880,"Bucin banget sama pizza, nggak pernah bisa nolak.",Love
9881,"il parafrase: Hi, Jinni! Cantik banget profil kamu. Aku lagi suka lagu Cigarettes After Sex, apalagi lagu ini. Kalau kamu, apa lagi yang kamu dengerin? BTW Selamat ya untuk debutmu!",Love
9882,"KDM Ahjussi tuh mantep banget walau sering didengerin, gak banyak yang bahasnya disini huhu.",Love
9883,"Terus-terusan buat kamu aja, meskipun kecil, tapi aku selalu berusaha bikin kamu bahagia.",Love
9884,Suka banget sama Tamao Senpai,Love
9885,"Anakku suka bangetnya VR, jadi aku juga pake VR untuk nyelem di laut. Hahahahaha, itu lucu banget! Dia sering main VR dengan bola.",Love
9886,"Awalnya sahabat, eh jadi pacar wkwk, lalu suka gimik saling sayang padahal iseng doang, akhirnya jadian.",Love
9887,"Tak suka aku takperes, aku boleblah. Aku harap aku udah penuhi permintaanmu. Terimakasih.",Love
9888,"(Cinta, Kasih Sayang, Rasa Suka, Atau Rasa Peduli)",Love
9889,"Oh jadi gitu ya army harusnya suka semua, padahal orang biasanya punya idola sendiri-sendiri.",Love
9890,"Lihat lagu Loey dan lihat lagu INK, aku suka lebih banyak pada Yours. Sayang sama lagu INK. Kalau kamu ga dengerin lagu INK, kamu mungkin ga akan kenal EXO.",Love
9891,Kali ini suka banget sm layoutnya,Love
9892,"Fans jepang pasti suka fan art Wenzhou yang punya anak bernama C.L., gemes banget lihatnya.",Love
9893,Papa Poco yang kamu suka banget dong. Sampe kepapaun pasti tetep suka sama Papo itu,Love
9894,Kenapa gue begitu nggak nyaman dengan hal yang lambat?,Love
9895,Your hand fits in mine~,Love
9896,"Suco dan sayang banget lu, lucu banget lah, lu",Love
9897,"Nggak paham lagi, tapi aku seneng banget",Love
9898,"Baby chubby itu suka banget sama episode itu. Suaranya pantes-pantasan. Ya kan, kalau punya adik seperti Earth udah ada pacar gitu deh.",Love
9899,Netijen kayak gitu suka bangett :3 Otak detektif aku kayaknya juga like ya?,Love
9900,"Tapi aku suka sekali Ms Riri, gurunya SMP aku waktu kecil. Kasih banget dia ajarin, rasanya seperti mendengarkan harmoni ketika dia bicara.",Love
9901,"Wuih, pink ini kece banget, aku suka banget.",Love
9902,"Liat swatch kamu, langsung jadi pinter ngomong. Wah, mau coba juga ya. Warna itu cantik.",Love
9903,"osi: happy (Sangat senang, bersukacita, bahagia, ceria, riang, gembira, puas, senang, terpuaskan, mendapat hadiah, harapan, impian, cita-cita, harapan, mimpi, kebahagiaan, sukacita, nikmat, kenikmatan, bahagia, beruntung, syukur, penghargaan, predikat)",Love
9904,"Fantasi + kerajaan is my fav, ya seruuu banget.",Love
9905,"Nggak percaya banget! Filmnya bagus banget! Ending-nya kayak gitu, cuma aku ingin ending yang lebih bahagia.",Love
9906,"suka ngeri liat nenek-nenek itu, kok bisa segitu cantik? 😍😂",Love
9907,Love banget ama doi itu.,Love
9908,"Hahaha nah, si Jean itu kan awalnya suka sama Nana, ya udah lah aku gatau lagi mau Raka atau Jean, cuma Nana yang bisa menentukan dia sayang sama siapa.",Love
9909,Wah cocok banget ini anaknya. Pasti suka naik sinjay nih,Love
9910,"Nggak tau kenapa banyaknya perempuan yg suka dg pasangannya bilang yank, sini aku checkout kan sopimu.",Love
9911,"Okeee, di ingetin Google Photos, udah lama banget enggak ke Lulu BSD. Ternyata, ada makananannya. Dulu kayaknya ga suka olive+ hummus, tapi sekarang jadi suka banget!",Love
9912,Dia cantik banget sih. Tapi lebih dari itu. Saya suka dia.,Love
9913,"mama curhatnya enak kalo ada cerita2 random gue wkkw, kaya kayak keseharian gue apapun itu. Sukey banget kalau udah curhat sama mamaaa. Love you mom",Love
9914,Suka banget jadi munafik itu adalah jalan Ninjakuku.,Love
9915,"kedua tapi yang paling diburu yaitu ikon karena dia itu mantab, baik hati, sopan, ramah dan sangat imut, dan ganteng banget juga kalo udah jadi bigbang yang diinginkan semua orang, kpopers korea juga suka ama bigbang dan gini ada seorang idola yang banyak digemari di luar negeri selain bigbang yaitu EXO, mereka juga suka dengan apa yang dilakukan oleh idolanya, mereka juga banyak membantu kaum sosial, baik dalam negri maupun luar negeri",Love
9916,lain walau aku sendiri tak dianggap ada.,Love
9917,[melody fakta] melody suka menanam pohon. Maka dari itu dia ambil jurusan pertanian biar bisa menanam benih cintanya padaku.,Love
9918,"parafrase: Makasih sudah berhasil, kalau kamu perhatikan video yang aku upload ini, Dia pasti senyum-senyum sering dan tertawa-tertawa, Apalagi saat di depan JeongWoo t~t itu membuat aku sangat menyukainya karena dia menikmati panggung dengan penuh perasaan.",Love
9919,anyain apa lagi kalo sudah pulang dari kantor? hihihi.,Love
9920,"Seneng banget karena ada webinar tentang hubungan toxic, pasti cocok banget buat aku. Bestie yang lagi pusing karena cintanya, hadiahilah dirimu!",Love
9921,"kasih sayang, rasa suka, atau rasa peduli)",Love
9922,"hey aku ngga stannnn Yujin tapi aku nggak tahu kenapa aku suka banget lihatnya Yujin kayak di fancamnya, fotonya dll Dia ga cuma cantik tapi Gergasus",Love
9923,"Aduh, ini lucu banget! Rame banget suka tiktoker cowo, tapi dia suka banget. Mana kacamataannya, rambutnya suka banget juga. Lucu banget.",Love
9924,Gua still banget suka sama foto ultah Min Hyun. Keren!,Love
9925,"Naksir lho sama kamu, kapan bisa ketemu sayang?",Love
9926,gue pindah dulu ke sini yaa https://netflix.com/indonesia/title/80167051,Love
9927,"Handy Mandy ini bapak aku, orang yang anti banget kartun tapi selalu suka.",Love
9928,"Kamu tuh kadang aja suka ngeselin, tapi sering banget bikin aku kangen.",Love
9929,"Nggak biasa sih, bapak ak kayaknya anti banget sama kartun. Tapi aku suka handymandy banget.",Love
9930,"Suka banget sama kak Mimo dan Bayu! - Aku juga sayang sama Mimo dan Bayu, mereka berani adu bakot tapi manis.",Love
9931,"Likeee banget ini netjen :3 Otak deteksi gw paling doyan, hehe",Love
9932,"Suka ngabarin sih, banget banget.",Love
9933,"Boy William, keren lihatnya. Cara bicara dia bikin saya betah. Keren banget.",Love
9934,"Happy meeting sama Elf di sini kak, aku juga suka Halo!",Love
9935,Paparan belaka aja udah bikin kita merasa nyaman tanpa harus berkumpul bareng temen yang suka mengolok-olok.,Love
9936,il parafrase: Bebek itu lucu. Makasih kak. Mau punya aku?,Love
9937,"osi: Love (Cinta, kasih sayang, rasa suka, atau rasa peduli)",Love
9938,"Oh jadi gitu yaaa... Army harus suka semua, padahal setiap orang punya idolanya sendiri, gak ada yang salah.",Love
9939,"inta, kasih sayang, rasa suka, atau rasa peduli) + happiness (bahagia, puas, senang, terpuaskan, membara, gembira, ceria, riang, cerah, terkenal, enak, makmur, euforia, bangga, optimis)",Love
9940,Ini bukunya ada? kalau ada aku mau beli hehe. Soalnya gemes banget. Suka dengan model yang punya ilustrasi seperti itu.,Love
9941,"Hutan, paling suka robek celana",Love
9942,Suara sayangnya bikin makin suka sama Junghaein.,Love
9943,"Pertama kali kenalan dia, rasanya marah. Tapi setelah lihat beberapa videonya, aku jatuh hati padanya",Love
9944,Ayoo sama-samanya suka sama snacknya. Saya suka banget.,Love
9945,"Ponimu kamu tuh cantik! Lucu banget juga, aku suka dong!",Love
9946,Suatu ketika aku suka bikin tweet ngebuat orang lain senang ahaahahaha.,Love
9947,"Era Wonwoo manis, ganteng. Saya suka Super Junior, karena lagu itu bikin saya jatuh cinta pada Wonwoo.",Love
9948,ang ayang udah 9 bulanan,Love
9949,Crush gw jangan malu buat ngobrol sama aku yah :3 Love youuu,Love
9950,"Emosi: surprise (Tertahan, heran, kaget, terkejut, kepo, terperanjat, kaget, tak berguna, terpana, kehilangan kata, geli, tiba-tiba, mengejutkan, ketidaktentuan, ketidakpastian, terkejut.)",Love
9951,Bucin banget kamu. Kamu lucu banget juga.,Love
9952,"frase: Selamat hari lahir jie. Semoga sehat dan bahagia selalu ya. Terima kasih ya jie untuk apa pun itu, aku sangat mencintaimu.",Love
9953,"Micchi Riko one movie so sweet, I really like them in the scene, what's up?",Love
9954,"Cucu, kamu sangat baik, sayang kamu, aku sangat bersyukur bisa berkumpul lagi dgnmu. Terima kasih sudah mau mendengarkan semua keluh kesahku. Teruslah mencintainya.",Love
9955,"Dear Cowo, kenapa kamu suka ga nyari-nyaringin kejelasan sama cewek? Apakah kamu sebenarnya suka banyak cewek?",Love
9956,"Suka 2nya, Maruko banget kok, sopoan banget, Jadoo juga lumayan bandel, kan?",Love
9957,"Temen-temen aku deket kayaknya tau aku suka jawaban bebas. Kalau ditanyain apa, mereka langsung pesenin apapun ya. Xixi, aku sangat sayang kamu semua.",Love
9958,"Suka kasih sumping ke pacar, jadi kalau kamu pilih aku, nggak akan bosan dan bakalan dibuat senang terus hahaha. Kalau kamu tertarik, bisa langsung cek card aku di sini atau DM ke agensiku.",Love
9959,"Suka banget, vibes westernnya bagus",Love
9960,"Kepencet buat aku, paling seneng nyariin kamu",Love
9961,"Bucin banget sama Flo, yuk kita beli Flo!!",Love
9962,"Ceweknya, kayaknya suka lihat laki-laki yang ganteng, tapi di dalam hatinya, dia hanya sayang padamu.",Love
9963,Ngantuk banget pas ngeliat One Spring Night. Ini buktinya Junghaein kayaknya paling romantis dan sayang-sayang sama pacarnya.,Love
9964,"Selamat pagi Taehyung, aku mencintaimu. Kabarku baik-baik aja. Apa kamu udah makan?",Love
9965,"Awalnya iseng-iseng suka, eh malah jadi makin sayang.",Love
9966,"Eonniee, yang selalu jadi penerus generasi. Suka banget sama dia dan drama-nya, terus maju!",Love
9967,"Kapan ya gue bisa kayak temennya yang berani mendekati cowo yang dia suka duluan? Gue ingin banget menjadi temannya yang dekat sekali, meskipun hanya sebagai teman dekat.",Love
9968,"Ga semua cewek doyan pria yg tampan, ada juga yang doyan pria yg tampan banget.",Love
9969,ase: Ngelmu banget kan klo gitu? Gemes banget ama siapa?,Love
9970,Suka banget ama seseorang polos banget.,Love
9971,Tulisannya kayaknya cocok buat aku.,Love
9972,"Alina, kalau cowok suka sama kamu tapi kamu nggak suka dia, tolaknya halus aja ya jangan pake istilah ph di awal. Biarkan mereka merasa nyaman kemudian tinggalkannya.",Love
9973,"Kebetulan aku suka british accent, itu keren banget, tapi karena gak paham jadinya bingung juga.",Love
9974,bnyak yang suka jatuh cinta sama orang yang bersekolah dgn mereka,Love
9975,"Cuma untuk Series 4, aku lagi cari di Bandung",Love
9976,Suka banget sama code-codean ya?,Love
9977,"Wah suka banget! Apalagi naik motor sendiri, kayak dijemputnya pake mobil, kaya me-time.",Love
9978,gitu deket sama toko kue.,Love
9979,"Suka begadang, kopi, malam, tapi kamu paling bikin suka.",Love
9980,"Ngga papa, aku suka juga. Ajun cantik bangeeet.",Love
9981,Dibuatnya aku jadi inget penulis yang suka bikin drama dulu. Hehe. Karena karyanya itu juga jadi aku suka.,Love
9982,"Unyuk gini, aku suka banget!",Love
9983,Suka banget sama piring filet.,Love
9984,"Wony ayang, aku sayang banget. Meskipun suka marah tapi aku selalu sayang kamu.",Love
9985,kedua walaupun kyuwo ada gak sempet jd bias aku suka yg vocal nya walaupun dia udah tua,Love
9986,"Hati merah kecil, dan kotak kecil yang kecil itu pun menyimpan banyak cinta, terima kasih atas pertemanan kamu tanpa pamrih.",Love
9987,"Bucin banget lagu Little Things, walaupun hanya diiringi gitar, tetep oke.",Love
9988,"Suka banget minderan, kalau nemenin temen yg suka, kayaknya cuma lihat aja, kadang malu sendiri.",Love
9989,"Tiktoker cowo suka ya. Dia lucu banget. Mana kacamataan, rambutnya paling suka. Lucu deh.",Love
9990,"Betul, aku seneng banget sama Spongebob. Aku pengen jadi Patrick.",Love
9991,": Love (cinta, kasih sayang, rasa suka, atau rasa peduli)",Love
9992,"Emosinya alami banget, aku suka sekali wkwkwkkw",Love
9993,"Soalnya aku dan orang yang tani suka sama-sama orang atu, sementara orang yang tani suka orang lain. Rasanya kayak senyum.",Love
9994,"Sayangnya istri kamu nih, lihat kayaknya suka beli baju pesta di IG shop langsung cash-in, eh baju deh! Enak banget kan kalau kita terhubung IndiHome dan bisa membantu transaksi online?",Love
9995,"Cuma nyoba ya, aku suka perzombian juga.",Love
9996,Single karena ilfeel kalau di dekatin orang dan belum ada yang cocok dengan aku dan belum ada yang bisa membuat saya nyaman.,Love
9997,"Cinta itu kan suka sama suka. Kalo buat aku, cinta itu suka sama",Love
9998,Bucin banget sama konsep CB Taeyeon,Love
9999,Aku suka loh ama kamu. Kapan bisa ketemu sayang?,Love
10000,"Rambut aku paling ga suka, jujur anjir, kek struggle banget. Gambar rambut itu.",Love
10001,Ada apa? Anna suka banget makan sate loh,Love
10002,"Suka banget bikin konsep, pasti aku pilih jadi bagian creative team",Love
10003,h karena aku b4ny4k m4r1 7*nt@ng.,Love
10004,"parafrase: Penggemar Masker Miisoo? Coba deh lihat ini, suka banget maskernya. Enak, lembut, dan gampang digunakan.",Love
10005,"Wah, enak banget lihatnya. Kaya aku suka kalau yang ga rapi seperti itu, ikut gorenglah ya.",Love
10006,"Mimpi nemu buku koleksi yang cocok banget buatku, tapi begitu bangun malah lupa bentuknya",Love
10007,"FellyChibi, aku paling suka sama detik-detikanmu itu |kenapa ya?| Ya dia gak pernah capek berdetik seperti aku yg gak pernah capek untuk mencintaimu (Êƒâ£Æª)",Love
10008,"Emosi: surprise (Kaget, terkejut, heran, tak disangka, selalu mengejutkan, senang, terharu, serba salah, lemah hati, terkejut, pamer, terkesima, bingung, berasa pusing, tercekik, keterpurukan, marah, tidak percaya, tidak sengaja, bocornya rahasia, bocor, kebingungan, ketidakpastian, tidak yakin, peristiwa mendadak.)",Love
10009,"Anaknya woaahh, word of affirmation banget, kayak aku! Maaf ya, aku suka cheesy juga.",Love
10010,"Cewek udah syg seseorang biasanya pasti kebangetan deh, ya jelas karena tulus banget. Makanya pas putus itu pasti galau dan susah move-on. Itu juga jadi yang bikin paling kebangetan.",Love
10011,"Sumpah, aku juga suka banget sama karyanya, Exo.",Love
10012,"Seneng banget banget mereka merasainya nikmat banget waktu mereka di Amerika, bekerja sambil liburan banget yaa vibesnya",Love
10013,"Iyaa enak banget, aku juga suka buletan yang ga rapi gitu, biarin kalo gorengnya kurang pas, kalo nggak goreng kan ga ada yg makan.",Love
10014,"Btw, Roo, thanks buat share rekomendasi ini. Enak bangettt, benar-benar membuat aku tertawa sampai perut sakit.",Love
10015,"Oh my God! ini lucu banget deh. Makin termotivasi liatnya. Ceweknya kayak aku jugaaa, suka banget yang ambisius!",Love
10016,"Galaknya aku paling suka, walaupun dia ternyata orang baik banget kok.",Love
10017,"Martabak telur/tahu, itu turunannya dari bapaknya si wkwkw, gw suka banget tahu.",Love
10018,Waduh Yuzu mantep banget pliss. Saya suka banget sama covernya Yuzu. Kalian juga wajib dengerin lagunya ini.,Love
10019,"Bangun tidur, gitaran, ngga pake makeup, ngegame, olahraga baseball, oh iya aku suka semua",Love
10020,Ada banyak hal kecil-kecilan yaa... kayak ngelakuin apa gitu... ternyata kalian suka sekali! Mungkin aku ngelakuin itu semua buat bikin kalian senang.,Love
10021,"Judulnya apa sih, Kak? Nggak salah kan kalau suka nonton?",Love
10022,"jujur ya, banyak cintanya yg keku, tapi aku tolak semua. Karena aku suka wanita!",Love
10023,"h benernya soalnya ceritanya di patch1-2-3-4 itu semua masih belum ada yang jelas sih apakah l4dy jadiin temen p5tch1 atau bukan? wkwk ini kaya film horor yang gini pas lagi di remake jadi semakin serem sih. ga usah tau lagi apa-apa, ga usah nyari lagi cerita-cerita lama karena cerita l4dy 1n r3d versi baru ini cuma ngepatch versi yang lama yaa.",Love
10024,"Banget ya, anak juga seneng banget naik Sinjay",Love
10025,Suka banget sama foto ini! Semoga beruntung ya,Love
10026,"Selain Naruto, aku juga sangat suka sama Hunter X Hunter, ya jadi ngerti kenapa orang bilang ini adalah salah satu anime paling keren di dunia!",Love
10027,"Single dech karena jadi ga nyaman kalau dikejar orang lain, dan belum ada yang cocok sama aku, belum ada yang bisa bikin aku nyaman.",Love
10028,Sopaa! Karena aku suka banget sama jurusan tarian disana. Sering ikutan eventnya anak Sopaa itu asik banget.,Love
10029,Sama-sama ya kak aku juga suka sama kamu.,Love
10030,"Hey, aku nggak fans Yujin, tapi aku gak paham kenapa hari-hari ini aku sering ngintipnya di video/vlog dan foto-foto. Dia gak cuma cantik tapi romantis.",Love
10031,"Nggak percaya, ini kakak bener-bener suka banget sama tema dan konsepnya",Love
10032,Fans jepang kalau bikin fanart Wenzhou pasti suka ada CL nyempil. CL tuh anak Wenzhou. Gemes banget liatnya!,Love
10033,"All done guys, terima kasih untuk ga aku ijin ikutan ya, harapan aku ada di foto, takut panjang. Selamat ulang tahun, yang paling lucuu. Maknanya aku sangat mencintaimu :3 hari istimewa.",Love
10034,"Mak aku ga suka kalau aku merusak sesuatu, mak aku kadang lebih sayang sama NCT, silahkan waktu album Universe aku nanya-nanya mulu kenapa albumku di buang-buang.",Love
10035,"Lagu ini kayaknya enak banget di kuping, siapa tau kamu suka juga hehe",Love
10036,"Kayaknya di kelas itu paling ga suka sama Bahasa saya, ya ampun kayak kasar banget, aku sendiri pun makin geli dan nyalinya juga makin lama-lama, sudah menjadi sebuah tradisi ketika selesai kuliah, selalu minta maaf kepada Allah",Love
10037,"parafrase: Suka Jasmine, wanginya ga nusuk, kaya teh melati. Kalo yang Lavender itu soft banget.",Love
10038,Gua suka banget kalo di panggil Cecé.,Love
10039,Seneng sekali karena bisa bertemu dengan Elfy disini gpp ya kak Mimie juga suka halu.,Love
10040,"happy (Kepuasan, senang, puas, bahagia, manis, puji-pujian, pujian, baik-baik, luar biasa, indah, menyenangkan, cantik, tampan, meriah, hebat, sukses, istimewa, unggul, bagus, nyaman, aman, baik, mulia, terpuji, penghargaan, ucapan terima kasih, serba sempurna, layak, prestise, kenyal, elok, baik-baik saja, tenteram,",Love
10041,"Wow ternyata creative team buat comeback idol-idol, bakalan keren banget ya! Wkwkwk",Love
10042,"Kamu lucu banget, suka dijadikan temen?",Love
10043,"Gue ketemu yang ganteng, langsung kaya bucinan di film romantis, tapi kalau dia bucin balik, jadi nggak nyaman deh",Love
10044,"Terima kasih banyak untuk sudah membacaku. Melt Into You (Bersatu), seneng banget! Kalo kamu suka, tinggal tetap sehat ya. Selalu bahagia juga yaa.",Love
10045,lain sukses. aku udah tau aku nggak ada apa2 dihidupanku. aku punya cita-cita menjadi seorang pekerja sosial yang ngebantu orang2.,Love
10046,"Kalo aku suka dengerin ceritamu, melihat kamu dengan penuh cinta.",Love
10047,"mama lagi curhat-curhatan gitu juga sama saya, biasa saja ya. Suka banget kalau mama curhat sama saya, dan aku sangat mencintainya.",Love
10048,"Hoi, aku suka banget lagunya ini, final chorusnya bikin makin mantep.",Love
10049,"Suka banget sama layoutnya, thanks ya",Love
10050,"Wonwoo jadi viral. Ganteng, manis. Lagunya sukses bikin kita jatuh cinta sama Wonwoo.",Love
10051,"R.I.P ke minatmu lihat foto masa kecilku. Nggak kuat banget padahal sebulan lalu ketika aku kosong, aku masih suka lihatnya.",Love
10052,"(Cinta, kasih sayang, rasa suka, atau rasa peduli)",Love
10053,"Kesayanganku Lopenio, aku ga punya dua orang seperti dia, cuma Sayang Woniyem, walaupun sering marah tapi aku tetep sayang Ayang",Love
10054,"Sedih banget liat teaser WonPil, apa papa ya?",Love
10055,"Ketika kamu sedih, kamu boleh mengenaskan wajahmu, ketika kamu tidur juga boleh mengenaskan wajahmu, tapi jangan mengenaskan hatimu untukku ya.",Love
10056,"Ngga Yujin stanning aku tapi kok sekarang seringnya nyari-nyariin Yujin kayak di fancamnya, fotonya juga kekepoin aku dia ngga cuma cantik, dia gorgeous",Love
10057,"Army wajib suka semua, walaupun tiap orang punya idolanya sendiri, aku juga begini",Love
10058,Lucu banget ama kue ini,Love
10059,"Ga tau kenapa orang bilang gue cece, rasanya enak banget",Love
10060,"Suka banget MVnya, sederhana tapi bagus, mudah dilihat.",Love
10061,"Kebiasaan nonton ASMR baru-baru ini, seru banget deh",Love
10062,"osi: surprise (Tersanjung, syok, kaget, tak habis pikir, meriah, senang, bangga, terkesima, terkejut, terheran-heran, mengagumkan, terpesona, terpukau, terkagum-kagum, terharu, terbaik, teringat, membantu, berharga, serius, pengaruh besar, pemotretan)",Love
10063,Judul kartunya apaan sih? Saya suka banget nontonnya.,Love
10064,"Gue single karena orang-orang itu rasanya kurang nyaman dekat dengan mereka, belum ada yang cocok dengan saya, belum ada yang bisa membuat saya nyaman.",Love
10065,Ga sabar pengen godain dia,Love
10066,"Your hand fits in mine, suka banget lagunya Little Things.",Love
10067,": excited (Excited, senang, puas, puji, syukur, bersyukur, bersyukur, sukacita, harapan, antusias, terkesan, terpukau, kepuasan, percaya diri, penuh semangat, kagum, bangga, motivasi, inspirasi, terkejut, heran, terkagum-kagum, ketakutan, keterujaan, gemas, terkejut, terpana, terpukau, terkesima, terpesona.)",Love
10068,Gue suka banget sama cilok..,Love
10069,Suka banget sama Tamao Senpai-nya.,Love
10070,"Kalau lagi nyanyikan lagu, dan udah suka banget, pasti akan di ulangi terus sampai kehabisan",Love
10071,":D Suka banget sama pemilihan katanya, indah banget huhu",Love
10072,"Exfoliator aku lebih suka daripada exfo, padahal jujur serbet itu membuat jatuh cinta banget memang",Love
10073,"Benar si, aku sepakat banget karena aku juga suka sama karya Exo.",Love
10074,Nggak tahan buat robek celana saya,Love
10075,Terimakasih ya udah kasih foto ini,Love
10076,Hee ini judul kartunnya apa sih kak?,Love
10077,"So cute thanx banyak buat kue hadiahnya guys, sayang kamu semua. <3",Love
10078,Siapa disini suka sempol ayam? Cara bikinnya mudah lho,Love
10079,"Gue kecanduan ya, ketika jatuh cinta selalu bikin gue begitu-begitu banget, tapi kalau dia sudah jatuh cinta juga sama aku, aku malah ilfeel.",Love
10080,"Me time di atas motornya udah suka, banget.",Love
10081,"sama dua temen ini, apalagi qiao tuh cantik banget",Love
10082,"surprise (Kaget, kejutan, luar biasa, pahit manis, lucu, unik, heran, pelik, tidak mengerti, mengejutkan, ajaib, menyebalkan, aneh, berantakan, tidak masuk akal, luar biasa, tak terbayangkan, ngaco, bikin bingung)",Love
10083,"Tidak perlu banyak ciptaan, sekadar tanganmu dalam tanganku sudah cukup membuatku merindukanmu",Love
10084,"Cuma suka banget sama series ini, paling suka pas SMA. Libur ke Bandung itu cuma buat cari Gramedia biar bisa beli seri keempatnya, di kampung aku belum ada.",Love
10085,"Wah aku udah mendapatkan rejekinya, Alhamdulillah. Dari keluargaku semua nggak nuntut",Love
10086,"Sering banget aku bikin bucin sama kamu, sampe rasanya kayak aku makin ngelakuin hal-hal bodong. Tapi kalau kamu udah mulai ikut merasa, aku malah jadi ilfeel.",Love
10087,Suka banget sama stail baju Jungkook ini,Love
10088,"Taemin cantik banget pake baju itu, suka lihatnya.",Love
10089,"Emosi: excited (Gembira, senang, antusias, happy, puas, energik, teruja, haru, syahdu, penuh semangat, terkesima, terpukau, bersemangat, bergembira, terharu, berbahagia, bercahaya, terkejut.)",Love
10090,"Emosi: surprise (Sok-sokan, penuh harapan, terkejut, terkejut, mengherankan, tak terbayangkan, tak terpikirkan, heran, terharu, merinding, gempar, terpana, terpukau, tak sanggup, tak terbayangkan, tak terperikan, mengejutkan, mengejutkan, keheranan, kekaguman, kebingungan, kecemasan, penghargaan, ketidakpercayaan, pengertian, perhatian,",Love
10091,Sempol ayam siapa nih yang suka makan sempol cara buatnya mudah banget? @hidayanhns #mandalika #solaria #tidur #sarapan,Love
10092,"Dulu aku suka sama Aoi pake banget, sebenarnya...",Love
10093,"Saya cuma suka Jeongwoo dan Haruto di Treasure, semoga mereka membuat sebuah duo.",Love
10094,"osi: happy (Bahagia, senang, puas, membara, tawa, semangat, gembira, ceria, riang, cerah, enak, makmur, terberkati, euforia, bangga, optimis.)",Love
10095,"Lucu loo natural, suka banget.",Love
10096,"Hahahaha, pasti deh! Suka banget sama situ kak, dan Kak Jay, juga Kak Heeseung keren suaraannya, kan?",Love
10097,You are so great! I really like your work!,Love
10098,"Sebelum kita keliling, dia chat ini. Suka banget diajak muter-muter, terutama sama orang yg disayang. Sebenernya, se-simple itu bahagia.",Love
10099,"Cinta banget ya narasinya, suka-su paling banget sambil dengerin Give Me Your Forever.",Love
10100,fans number one sekaligus. #Day6Indonesia,Love
10101,"osi: hate (Benci, bencana, musibah, malapetaka, marah, dendam, permusuhan, pembunuhan, pelecehan, diskriminasi, pembohongan, pengkhianatan, gangguan, penderitaan, penyakit, kematian, kanker, percuma, sia-sia, tak layak, menyedihkan, merugi, hilang, rusak, kerusakan, lemah, rusak, kehilangan, kerosakan, korban, kecelakaan, maut, ke",Love
10102,"ase: Ada yang pernah pengen banget kiss pipi dia? Bukannya pake perasan tapi kayak gemesan ya gue? Kalo gemesan, suka nyedot pipi orang yang gemesin.",Love
10103,I Love you so much. Selamat tinggal minatku melihat foto-foto masa kecilmu.,Love
10104,"Dulu kenalin Lulu BSD, lumayan lama engga ke sana ya ternyata. Pada hari ini ada kegiatan makanan yg menarik. Dulu kayaknya ga suka olives + humus, sekarang aku suka banget.",Love
10105,il parafrase: Suka banget sama aroma ketek khas jantan. Pokoknya bisa bikin gairah dan sampe muncrat.,Love
10106,Lala Moli suka tidur telentang itu banget,Love
10107,lain ketemu target mereka sendiri,Love
10108,"Cewek2 disini, kalo pria suka sama kamu tp kamu ga suka dia, jangan ditolong ya. Biarkan dia sendiri. Terima kasih.",Love
10109,anya aku apa yang harus aku belikan untuknya.,Love
10110,"Gw suka banget ama ini film, cuman endingnya begitu aja, haha pengen pake happy ending",Love
10111,Sayang sayang aku liat istri kamu suka beli baju pesta di ig shop langsung cucuh beli baju dehh. Enaknya kalau terhubung Indosat mempermudah dan memperlancar kebutuhan online,Love
10112,"Gua seneng sekali waktu itu, tiba-tiba aku disuruh bangun dan masuk kerja. Kebiasaan suka dadakan jadi anjingnya.",Love
10113,"Author yang drama banget, aku sering nonton filmnya, karena filmnya bagus.",Love
10114,"Suka banget ama kamu, kapan bisa kita bertemu sayang?",Love
10115,"Lagu loey itu sungguh bikin aku tersentuh, yang paling manjur dari lagunya adalah yours. Sayang sekali kita semua pernah merasakan hal seperti ini, lagu ini sangat tepat untuk mendeskripsikan perasaan kita pada masa lalu dan masa depan. Meskipun lagu ini hanya akan menjadi kenangan, tetapi hatiku tak pernah boleh lupa bahwa kita pernah bersama-sama mengenal Exo.",Love
10116,Drama light bangettt. Bagus banget kalo kamu lagi nonton Drakor romantis. Suka banget deh.,Love
10117,"Grandpa vibe banget yaa.. Kakek punya banyak fans, tapi kakek jatuh hati padamu Nenek",Love
10118,"Adek udah paham banget, suka diajak jalan sama member adek ke kebun binatang?",Love
10119,Wah warna ini kebangetan! Makin pilih-pilih deh kalau beli kain.,Love
10120,Nggak ada bandingannya ya wajahnya siapa yang di beri jatah itu dan yang nggak,Love
10121,"Film ini bagus banget, tapi aku nggak suka endingnya. Aku mau happy ending dong ya.",Love
10122,"Menanam pohon tuh favoritnya Melody, jadi dia pilih kuliah Pertanian. Agar bisa menanam benih cintanya kepadaku.",Love
10123,"ase: Halo cutie, kita sudah berteman cukup lama. Tapi kok masih ada yang suka dengan anjing ini. Apakah kamu punya alasan? Soalnya dia lucu, manis, selalu bisa menyenangkan saya, dan senang kalau marah-marah.",Love
10124,"rmh jd gampang2 nyambi makan, yaa gpp deh.. uparakan",Love
10125,"Seru banget, aku termasuk fansnya. Genre fantasi + tema kerajaan aku paling suka",Love
10126,"Kucing itu lucu sekali, aku jatuh hati.",Love
10127,Cewek biasanya cuma kasih barang bagus ke cowok yang dia ada rasa,Love
10128,PAngeran Kodok ama siapa ya? Allah dulu suka banget sama ni sinetron,Love
10129,"Suka sih, jatuh cintanya ga usah diargumentasi.",Love
10130,"Msh inget masa SMP ya gitu, Ms. Riri ini sangat suka aku. Gila aksen Britishnya. Lucu banget ketika ngajar, seperti mendengarkan Harmoni.",Love
10131,"Terima kasih buat kue dan hadiahmu, wkwkwkwkwk! Apalagi meme Squidward. Saya suka banget.",Love
10132,Gue suka banget lihat pergerakannya dah,Love
10133,"Dulu pas kosting, aku selalu deket sama Solaira, tanpa harus menjadi penyimpanannya",Love
10134,"Suka banget sama Maruko karena serba anak-anak, sopan, dan Si Jadoo, lumayan nakal tapi juga gue suka.",Love
10135,"Suka bikin konsep untuk semua hal, so I want to be part of the creative team that focuses on concept development.",Love
10136,"Cuma suka banget ama caranya MAA Menyanyikan Asmara di buku ini. Selain tema-tema itu, cinta yang luas ada di dalamnya.",Love
10137,"Nonton One Spring Night makin suka sama dia, jadi bikin banyakin inget kalau orang di dunia nyata seperti Jung Hae In itu emang romantis dan sayang banget sama pasangannya",Love
10138,"Suka banget. Apalagi kalau naik motor sendiri, seperti me time",Love
10139,"Kamu photo pake kamera, gue suka banget. Ily banget.",Love
10140,": Dipikir-pikir aku orangnya sok asik, ternyata gak ngasikin kan. Sok akrab banget padahal kayak jijik gitu sama aku. Saya sudah tidak bisa dipaksakan untuk menyukai kamu.",Love
10141,"Asaa, I Love you, pul. Monyetku cakep. Sehat-sehat ya. Cinta kamu really so sangat-sangat. Bahagiaku terus aja.",Love
10142,"frase: Suka banget sama Au Kak Agdys, yang paling nyaman untuk didengerin, karena kebetulan gue kelas 12, jadi lumayan itung-itung sekalian belajar tps - Wuih, makasih udah baca. Semangat belajarnya~~~",Love
10143,"Rambutnya lucu banget, aku suka banget",Love
10144,us dikasih pake bunga korea!,Love
10145,Gua lagi di mode Bakwan!,Love
10146,Bucin liat orang lain senyum,Love
10147,"Oke kok, jelas banget dong aku suka di situ kayaknya. Heeseung itu keren suaranya. Ide upchar ini dateng spontan. Gimana dong?",Love
10148,Makasih udah baca Melt Into You. Seneng banget tau kamu suka Miy. Stay Healthy & Be Happy Always Ya!,Love
10149,Cewek ini gampang sakit hati. Dia selalu berusaha meredam amarahnya supaya aku tidak menjadi penyanggunya.,Love
10150,"Dari SMP aku suka bangeet sama Guru Ms. Riri. Gila dia punya accent British, ciumannya, ngomong seperti diinginkan. Maka aku merindukan beliau sebagai guruku saat ini. Aku sangat mencintainya.",Love
10151,"Single karena selalu merasa tidak nyaman saat orang dekat, belum ada yang cocok dengan aku, belum ada yang bisa membuat diriku nyaman.",Love
10152,"h, tapi di patch2 nya itu udah beda dr dulu semua yaaa! #kliklinknya https://t.co/8wM7RZB8lq",Love
10153,"Hahahaha itu yuh, ya aku suka sekali banget dengan Ariana Grandee!",Love
10154,ase: Halo Cantik! Temen kita udah lumayan lama ya kan?,Love
10155,"Nggak tau kenapa, tapi suka banget",Love
10156,Suka banget sama Evermore. Semangat updatenya!!!,Love
10157,"Pas wajib Tw wanita yang dia suka itu fan Eunhyuk, Kyuhyun langsung nggak percaya lagi sama cintanya di pandangan pertama.",Love
10158,"Cie, terimakasih sudah mau mendengarkan keluhan-keluhanku juga, aku masih sering mencoba membuatmu bahagia. Selalu sayang banget cie",Love
10159,"Tiktoker laki-laki yang lucu, kacamataannya pas sekali, rambutnya indah. Kek lucu banget!",Love
10160,"), hate (Benci, marah, tak suka, tidak senang, tidak menyenangkan, mempermalukan, menyesali, membenci, membencinya.)",Love
10161,"frase: I like Au Kak Agdys a lot! In fact, my class is in the 12th grade so I'm learning with him too – wow, thanks for reading! He's really passionate about studying ~~",Love
10162,Fantasi bangettt! Gue juga suka tema kerajaan,Love
10163,"Wow, jadi begitu ya army harusnya suka semua, padahal tiap orang punya idola sendiri yang berbeda-beda.",Love
10164,"Ha-ha, ya udah sih. Dulu saya suka banget sama dia, sekarang masih juga.",Love
10165,"Bawang emang bikin ngiler, gila kayaknya, hehe",Love
10166,ase: Demi apapun ini bagus banget. Aku nangis waktu baca ini. Emang agak berat tapi aku suka banget baca novel-novel ini. Haish! Pengen baca buku sejarah lagi.,Love
10167,"Lucu banget kalau lihat mereka itu, mereka selalu merindukan orang tuh.",Love
10168,Kamu kata kata kamu yang zjjaakmws i rlly feel Loved. Aku tunggu actionnya ya sayang!!,Love
10169,"Jatuh cinta sama Exfo Serum, tapi jujur, ada yang bikin jatuh cinta juga ya",Love
10170,"Sherlymu soft bucin banget gila aku suka, kanonnya sherly caring ama understanding juga ke liam si cuma sayang scene-nya kurang banyak, yaitu sensei banyakin konten bucin sherly.",Love
10171,"ih sayang, rasa suka, atau rasa peduli)",Love
10172,Suka sekali menjadi pembohong itu cara ninja aku.,Love
10173,Kali ini bener-bener suka banget sama layoutnya,Love
10174,"Ms. Riri guru SMP-ku itu asyik banget, suara inggrisnya bagus sekali. Gua denger dia ngajar kayak ngomong di lagu Harmonie.",Love
10175,"Boy William ini aku suka banget. Aku suka lihat cara ngomongnya, pinter tapi nggak arogan",Love
10176,"Lebih nyaman kalau aku gak suka dia daripada dia suka aku, jadi rasanya aku yang dibencinya.",Love
10177,"Suka begadang, suka kopi, suka malam, tapi suka terbesarnya kamu",Love
10178,"halo Nadhiyehhhh, aku suka banget tulisan kamu untuk Lee Chan, haha. Kusukamu sangatlah indah. Tulisan kamu selalu mendambakan kebesaran, hehe. Boleh ngobrol?",Love
10179,"Dia lho, sayangnya, pengen nih. Cuma aku gak ada di sini untuk menemani dia.",Love
10180,"Mau nyanyi lagi, lagunya enak2",Love
10181,"Lagunya Tbz Summer Time, judulnya aja dah summer oh sama ini Luizy - Baby Ride bikin aku seneng banget.",Love
10182,Creative team makin suka banget sama idol idolnya,Love
10183,"Bocahnya itu jadi favorit, suka banget.",Love
10184,"peduli), angry (marah, benci, emosi, jengkel, kesal, dendam, ngamuk, iritasi, terganggu, tidak suka, iri, dengki, siksa, jijik, gerutu, kepahitan, bentuk umpatan, kata kasar), Sadness (kecewa, sedih, tangis, sesal, kusut, murung, muram, lesuh, sunyi, sepi, kelam, duka, kemalangan, derita, melankolis, kalah, penolakan,",Love
10185,"Nggak pernah bosan lihat foto itu, harapan besar pada hari ini.",Love
10186,"Paragan kayaknya doyan ngajakin WGL buat akun Chae Won. Watch out, pasti di prank lagi :P",Love
10187,"Ini lucu banget, sih! Termotivasi deh sama cewe-nya. Anak-ku juga hampir sama kayak dia. Suka banget ambisius sampai lupa waktu!",Love
10188,"Padahal to the point itu enak bangettt, kok nggak ngerti gitu juga?",Love
10189,Bucin banget sama warna ini,Love
10190,"Begadang, kopi, malam, semuanya enak. Tapi yang paling enak itu kamu",Love
10191,"Sempol ayam, suka makan? Cara bikinya simple banget, cek IG @hidayanhns ya..",Love
10192,"Wahh, aku jadi suka bawang! Hahaha iyalah sih, Soto sama kari emang banyak yang suka.",Love
10193,"disgust (Benci, tidak suka, tidak setuju, tidak senang, tidak nyaman, tidak suka, tidak puas, marah, kekecewaan, putus asa, jijik, iri, takut, takut, ketakutan, bermusuhan, kekesalan, kesedihan, kekecewaan, frustasi, frustrasi, iri hati, sakit hati, kemurungan, meremehkan, menghina, menghujat, tidak bertanggung jawab.)",Love
10194,"Kapan aku bisa kaya temen aku yang berani mendekatin cowok yang dia suka duluan? Pengen banget dekat sama crush, setidaknya jadi teman deket aja deh.",Love
10195,Gila banget suka sama Godain dia,Love
10196,"Mama juga sering dengerin cerita-cerita random aku. Suatu saat kamu pasti akan bertemu dia. Aku harap kamu mendapat banyak ilmu dari orang tua kamu, mereka sangat mencintaimu dan ingin membantumu dalam setiap perkaraanmu, mereka hanya ingin terbaik untukmu, jadi selalu luangkan waktu untuk mereka dan selalu bersyukur kepada Tuhan atas apa pun yang Dia berikan padamu, karena Dia telah berkenan menjadikan kamu sebagai salah satu anugerah-Nya yang tak ternilai harganya.",Love
10197,Sopaa! Karena aku suka sekali jurusan tari di sana. Aku sering ikutin hari-hari sekolahnya anak-anak sopaa. Itu asik bangettt. Mereka juga suka acara-acaranya!!,Love
10198,Haha Kamu gemes banget Puol. Suka dijadikan temen?,Love
10199,"Cewek itu nggak selalu suka pria yang ganteng, sering juga yang suka pria yang gantengnya maksimal.",Love
10200,"Kekinian banget kamu pakai kamera, kok, mau nangis. Ily banget kamu.",Love
10201,"Suka banget sama caranya aan menuliskan soal masalah sosial di buku ini. Selain itu, cintanya luas juga ada di sana",Love
10202,"Ah, aku suka karena ketikan ini lucu.",Love
10203,"Terimakasih banyak, Gale! Kamu perhatian banget sama aku. Saya juga suka sama kamu.",Love
10204,Kecanduan! Apalagi dia suka senyum-senyum sendiri pas sama aku.,Love
10205,en banyak orang gitu di dunia ini,Love
10206,"Hallo, Nadhie.. huhu aku suka banget tulisanmu buat Lee Chan! Huhu diksi kamu cantik banget, tulisan kamu selalu indah. Boleh nggak berteman sama kamu?",Love
10207,"Hai, jkt48. Kadang aku suka rindu kamu kangen typo mu, kangen ngingetin shalat pokoknya semua deh : salam kangen dari fantasic of 48.",Love
10208,"Seruuu, Runa. Kalau kamu ga main, justru kamu selalu bilang harus main sama aku. Kedengaran aneh banget yaa aku sih. Tapi aku baik-baik saja, kok. Apa kabarnya Runa sekarang?",Love
10209,"Emosi: happy (bahagia, senang, gembira, riang, terpuaskan, puas, bangga, bangkit, semangat, bangun, tenang, ceria, cerobong, bersyukur, sukacita, terharu, serba baik, puji-pujian, terima kasih, syukur, senyum, tersenyum, bangun hati, lepas, lega, nyaman, terlindungi, aman, bebas, percaya diri, percaya, optimisme, terbangun,",Love
10210,"anyain apa makanannya? hehehe. saking seringnya, dia bikin makanan untuk ku di rumah, karna dia merasa itu lebih aman. awwww.",Love
10211,"Halo, salam kenal! Aku glody. Kamu tuker PFP dengan Chaeyun dari GP99, mantan SM Trainee. Mau ngejadiin dia?",Love
10212,Aku baru tau exo ini. Suka banget lihat suhu. Ternyata beda kayak orang biasa.,Love
10213,Sempol ayam siapa yang suka? Cara membuatnya mudah banget kok. IG by @hidayahnrs (Mandalika/Solaria/Tidur),Love
10214,"Suka banget Psw Cakep, naksir banget ChongYunnya. Mulus banget sih shadingnya.",Love
10215,h karena itu yg bikin kalian ketawa dan ketawa juga b4nto lagi kok di patchnya masih ada b*nuhin gitu. pokoknya bahan komedi nya paling banyak di sini wkwk.,Love
10216,"Rezeki banget, dari keluarga aku ga dikejar-kejar aturan.",Love
10217,"Chapter favorite ku pas banget, itu lucuu..sosialisasinya",Love
10218,Selamat pagi hyung. Cinta aku padamu. Semoga baik-baik saja. Telpon lagi?,Love
10219,"Love banget :(( Downsizing PC yang paling tidak aku favorit, tapi aku suka semua :( sedih karena aku bingung",Love
10220,Tahu telor/kentang. Ini versi turunan dari bokap si Wkwkwkkw. Suka banget ya?,Love
10221,"Cinta, Kasih Sayang, Rasa Suka, atau Rasa Peduli)",Love
10222,Suka banget bangettt sama konsep CBT Taeyeon kali ini.,Love
10223,"rasa suka, atau rasa peduli)",Love
10224,"Makasih buat kue dan hadiahnya. Apalagi meme squidward-nya, suka banget!",Love
10225,"Bakwan udah jadi favorit gua, dulu gue nggak suka banget bakwan, lebih suka risol. Tapi sekarang bakwan udah favorit gua deh!",Love
10226,"Halo semua! Saya Glodys. Kamu yang tag saya di FCB, saya PFP kamu Chaehyun, saya suka banget Chaehyun dari GP99 karena dia mantan SM Trainee juga. Kamu sudah jadi dia kan?",Love
10227,"Semangat ya hari ini, I Love You So Much.",Love
10228,Maaf yaa Liana guuu spam tablo makin sukaaaa,Love
10229,"eh aku ganti nama dN, kamu sudah kenal belum?",Love
10230,Saya sangat suka Mimo dan Bayu! Kecuali ada yang mau beradu bacot tapi lembut.,Love
10231,"Nah ya, si Jean itu aslinya menyukai Nana. Ya sudah, hanya Nana yang bisa menentukan dia sayang pada siapa.",Love
10232,"Nggak bosan nonton video kucing, lucu bangettt",Love
10233,Crush gw gak malu2 chat aku lagi ya? Nggak nyaman? Love you!,Love
10234,"Semangat buat ngurusin hal-hal penting ya guys, ilysm",Love
10235,Haha ya dia aku selalu suka dari dulu sampe skrg,Love
10236,"Kalau aku jatuh cinta sama orang itu aku akan bikin bucin banget, kayak orang gila-gilaan. Tapi kalau dia sudah jatuh cinta pada orang lain aku jadi merasa kehilangan dia, malahan merasa jatuh sakit karena dia telah mengecewakan diriku.",Love
10237,Tulisan ini aku suka banget ya kak,Love
10238,"ase: Kalian ada yang pernah pengen banget kiss pipi si dia gak sih? Mungkin karena terkesima, ya gemes gitu deh, kalau gemes gue selalu bikin kiss pipi untuk orang yang gemesin",Love
10239,"Dari temennn beralih jd kekasih lho, padahal cuma gimana gitu.",Love
10240,"Demi Allah, kaget banget ya ampun! Peluk Cium Muah Love You.",Love
10241,"Jangan panggil tukang, panggil aku saja sayang",Love
10242,Ngga kenal anak anak guee cinta banget sama makna lagunya child,Love
10243,"il parafrase: bebek ini cakep banget ya. Kepo! Dari kak aku dapet DM-nya pas lagi ngegumblang di ujian Anatomi. Intinya, kalo ada orang seperti Ran yang mau mutualan sama aku, aku udah mau dekat padanya. Sorry kalo aku kadang suka baper atau kayak gini, lopiii..",Love
10244,"frase: Selamat ya buat cowok-cowok yang support #StandWithTheVictims, padahal di antara kita sendiri ada yang suka menyudutkan korban",Love
10245,"Bener-bener suka sama Bill Skarsgard, udah pilih favorit movie juga. Nungguin dia adu peran di Boys Kills Word, sama Yayan Ruhainan, yang karakternya jadi bisu dan tuli.",Love
10246,"ase: Artwork kamu kek gitu? Cara bikin rambut kayak karakter Anime itu gimana ya? Kadang bingung waktu mau gambar rambutnya karena jadi jelek banget. Terima kasih! Saya ingin sekali, tapi saya tidak bisa. Mungkin kamu bisa membantuku?",Love
10247,"Kapan bisa bertemu? Sayang, aku suka banget sama kamu.",Love
10248,"Hey Dolie! Kamu suka kembang? Ini aku kasih kamu kembang spesial, bonus dapetin Ayang-nya gratis!",Love
10249,"Galak, tapi kok kalau lihat sifatnya di beberapa video jadi aku suka banget sama dia ya.",Love
10250,Kocak banget. Lupa dia siapa dan apa yang dilakukan itu?,Love
10251,"Aku seneng banget kalo kamu foto pakai kamera, wkwkkw mau nangis, lho, ily banget ya.",Love
10252,"Suka banget sama BC-nya sekarang ini. Maklum, dia Top 1 Anime kesukaan aku ya.",Love
10253,"Beomyu muncul di layar, aku langsung nangis karena senang banget. Sweet banget!",Love
10254,"Wah relate banget sih, pasti anaknya suka naik sinjay nih",Love
10255,"Ya Allah, rumah impian ini sangat bagus, tidak besar dan tidak kecil. Saya suka banget, nyaman, dan kelihatannya nyaman :)",Love
10256,"Hahaha, aku suka banget sama seragamnya",Love
10257,"Kapan bil skasgard? Gue suka sama filmnya. Kalo bucin sama bill, boleh nungguin aja sampe dia main di Boys Kill Word.",Love
10258,Hmmm deket banget ya Epicure Semarang kayaknya? Bangga lho,Love
10259,"Kalo kamu suka kpop, wibu, anak itu, aku bakal sayangin paling keras.",Love
10260,"Ternyata sejak dulu aku cuma suka Jeongwoo dan Haruto di Treasure, ngebayangkan mereka jadi duo",Love
10261,"Gue kalau jatuh cinta sama orang ini, akan jadi begitu gegabah hingga menjadi orang aneh. Tapi jika dia sudah merasa jatuh cinta kepada saya, gue akan menjadi paling sensitif.",Love
10262,"Cuma kulit, tapi selalu suka karena bikin wajah jadi bersih gitu huhu.",Love
10263,"parafrase: He did it! Kalo lo perhatiin fancam Treasure itu dia selalu senyum-senyum, walaupun ada pesta kebanyakan itu juga dia sering tertawa. Makanya gue suka banget sama Treasure, karena dia nikmatin panggungnya banget",Love
10264,ohh pasti donk! aku suka banget disitu jay sama heeseung juga keren suaranya. Wah ide upchar ini spontan aja sih gimana dong.,Love
10265,"Lala moli banget suka tidur telentang, apes banget",Love
10266,a doang. kadang kita juga ga bisa membantunya semua,Love
10267,Suka banget sama Akumo No Ko,Love
10268,"Keliatan enak ya kak. Suka ya kalo yg ga rapi gitu buletannya, aku juga kegoreng kolnya.",Love
10269,"Chen sangat menyukai lagu Machine, karena saat direkamnya itu cukup sulit sehingga tidak terlupa baginya.",Love
10270,"Asli banget nyesel, kalo waktu SD-SMP itu aku banget suka nyewa becak kakek dan ikutan jadi penumpangnya. Sama nenek pasti mau ke pasar, atau mungkin ke Alun-alun juga. Astaga aku pengen banget deh.",Love
10271,"il parafrase: Suka banget sama baunya ketek bauk, aroma kringet, ketek basah. Pokoknya suka baunya bauk ketek khas jantan (tanpa parfum) itu bisa bikin gairah, bisa sampe muncrat.",Love
10272,Bawang ini enak banget nih! Soto juga serba enak.,Love
10273,Cinta itu artinya suka sama apa?,Love
10274,"Ganteng, manis, hebat, sexy, dan semua itu tentang WonWoo.",Love
10275,Krystal suka banget ama masakan traditional Mexico. Yaitu burritos,Love
10276,"Halooo Naddie. Aku suka banget tulisan kamu buat Lee Chan! Diksi kamu cantik banget, tulisan kamu selalu megah! Boohleh, kita temen?",Love
10277,Suka banget sama arti laga Child,Love
10278,Papo papo yang kamu suka banget dong sampe kepapaun juga bakal suka sama papo itu,Love
10279,"Pas tw wanita, eunhyuk & kyuhyun langsung disyukuri lagi",Love
10280,Bucin banget kalo Jungkook pake style baju begini.,Love
10281,"Soto dan kari paling enak karena itu favorit ku, tapi sayangnya suka bawang juga yaa.",Love
10282,"Relate banget sama anaknya suka naik sinjay, kan?",Love
10283,"Kalo aku suka dengerin ceritamu, melihat kamu dengan penuh cinta ;3",Love
10284,Kebanyakan lihat chika di youtube,Love
10285,omggg DINO lucuuuuu! Thanks for the dinooo. Keren banget!,Love
10286,aku suka banget bu. Udah DM juga soalnya bu guru. Tapi belum dibaca. Semoga terpilih ya,Love
10287,Selamat pagi Taehyung. Sayang yaa aku padamu. Kabarku baik-baik saja. Apa kamu udah makan?,Love
10288,"Suka banget pas masih SD-SMP, suka naik becak Kakek trus penumpangnya aku sama Nenek. Mau ke pasar atau ga kita muter alun-alun, Astaga kangen banget!",Love
10289,"Sumpah nih kopinya, kenangan mantan juara banget. Kalau kamu suka kopi yang gak terlalu manis, pasti cocok banget.",Love
10290,Lagian gap-nya ga jauh-jauh banget lah empat tahun. Malah agak heran juga kalau rumor ini beneran. Soalnya toko berapa kali bilang lebih suka jenis jejing.,Love
10291,keduanya punya style yang oke tapi Allen lebih cocok dengan aku kanata meskipun aku jatuh cinta juga ke Kanata,Love
10292,Akhirnya aku punya itu! Wkwk suka banget.,Love
10293,"Webinar tentang hubungan bermasalah itu pas sekali buat aku. Yuk, bestie yang lagi galau soal pacaran mending ikutin webinar ini!",Love
10294,"Banget dech ngegadoin susu bubuk. Apalagi pake pisang goreng ataupun donat, udah mulu nambah-nambahan.",Love
10295,"punya sifat yang nggak bohong, sangat positif, sopan, ramah, ceria, suka bersosialisasi, dan ada iman.",Love
10296,"Yayy akhirnya ada workshop untuk toxic relationship, banget lho sama aku! Temen-temen yang lagi kegalauin masalah cinta, ikutin yuk!",Love
10297,"Akhirnya ngerti juga ya, padahal aku setuju banget tentang itu. Karena, aku juga sebetulnya seneng sama karya Exo.",Love
10298,"Wah, Jean tuh aslinya udah seneng sama Nana, yah gimana lagi nih. Dia gatau mau pilih Raka apa Jean, cuma Nana aja yang bisa tentuin dia sayang sama siapa",Love
10299,"Suka banget sama dia, lucu benerin",Love
10300,Sekarang suka banget sama Woo Sik setelah nonton Our BeLoved Summer!,Love
10301,Kena cintaa?? Getaran itu sungguhan kok.. cuma lihat senyumnya udah meningkatin glukosaku.,Love
10302,Suka banget sama mimpi dan bayu!! Aku juga suka sama mereka. Berani adu bacot tapi lembut kok.,Love
10303,"Wah, aku jadi suka sama dia, kok.",Love
10304,"Emosi: like (Kepedulian, minat, suka, tertarik, memilih, cinta, penghargaan, menghargai, menyukai, mencintai, mendekati, menggemari, mengandalkan, menjunjung, membaktikan, mengabdi, menghormati, menghormatkan.)",Love
10305,": happy (Sangat senang, puas, bahagia, terpuaskan, lega, senyum, tersenyum, tertawa, bersemangat, gembira, ceria, riang, terus menerus berbunga-bunga, penuh harapan, bangga, optimis, terkenang akan hal-hal yang menyenangkan masa lalu)",Love
10306,Kan Jean udah bener-bener suka sama Nana. Nah gimana nih? Raka atau Jean? Yang penting Nana ya. Dia sendiri aja yang tau.,Love
10307,"Suka banget denger lagu One Piece, Memories. Apalagi kalau tahu artinya.",Love
10308,"Karena ga keluar banyak, kulit jadi bersih. Hehehe",Love
10309,Yang suka film India ini mantab banget.,Love
10310,"parafrase: My treasure nyanyi serius banget, sampai ketawa gemes. He did!",Love
10311,"ase: Suka beneran sama call yang kamu kasih. Pernah ketemu juga kan sama sleepcall? Lho kok kamu tahu kapan dia bangun, kapan dia bekerja, kapan dia makan, ya gimana gitu. Maklum aja sih, tapi aku seringnya kangen sama kamu, apalagi kalau kita lagi di tengah jalan yang berbeda, pasti aku merindukanmu deh.",Love
10312,Taemin pake baju ini cantikkk banget.,Love
10313,"Aku pake Coldiac ini, suka nyaman pakainya.",Love
10314,"Nah, yaudah gatau kayaknya nana paling cocok buat Jean. Dia sayangnya aja. Raka kan pilihan Nana.",Love
10315,Mutual! Akhirnya ketemu. Nder keren banget. Sering disimpan juga.,Love
10316,"Part rapline banget deh, suka banget!",Love
10317,"gitu deh, tapi yang paling penting untuk aku adalah kamu mencintai aku apa adanya ya",Love
10318,"Aku cinta kamu, entah karena sayang atau bodoh.",Love
10319,Tipu lah jika aku rindu kamu yang suka cium badannya di payudara aku,Love
10320,"Terima kasih untuk temenku yang Min, aku suka sama Qiao karena dia lembut, ramah banget seperti malaikat, tidak paham lagi.",Love
10321,"Suka banget kalau minderin, kalo nemenin temennya yang suka dia hanya melihatnya. Kadang malu sekali.",Love
10322,Saya sangat menyukai Au yang selalu semangat dan aktif dalam berbagai kegiatan ya kak!,Love
10323,"Aku suka bangettt, meskipun gajelas banget",Love
10324,"Yuzu ini keren banget, Mots, kamu harus dengerin lagunya.",Love
10325,"Before we go around. He chatted this :) I like the child of going round with someone who is Loved very much and even though it's just simple, but for me that's happiness.",Love
10326,justru seringnya baca FF nya ka shita yaaa,Love
10327,"Mau dia ya? Sayang, rindu, ingin.",Love
10328,Ngga kerasa udah lama banget kita tak ketemu. Saya jadi ingat masa lalu kami. Ayo mulai berpikiran positif! Mari hidup penuh harapan!,Love
10329,Saya suka banget dengerin Coldplay.,Love
10330,Kebiasaan baru nonton ASMR banget. Seruuu.,Love
10331,Ada yang suka sama Bill Skarsgard?,Love
10332,"Fav banget lagunya Payphone! Sisanya semua lagu mereka, aku suka banget juga!",Love
10333,"cintaku kalo lihat foto kecilmu udah mati, aku gak tau diriku sendiri 1 bulan yang lalu kenapa bisa begitu sering lihat foto kecilmu, tapi kini mati total.",Love
10334,Nggak kuat untuk nolak cibi-cibiku yang lucu banget ini.,Love
10335,"frase: Stand with the victims, guys! Karena setiap orang punya hak yang sama.",Love
10336,"Ditungguin banget mereka saat mereka di Amerika, lakukan apa yang mereka suka, bekerja sambil liburan banget.",Love
10337,Kenapa aku begitu susah untuk menyukai hal-hal lambat?,Love
10338,"Thank you guys, jika ditanyakan sebenarnya aku menyukai keduanya karena aku sangat gemerlap, tapi harus memilih aku akan memilih Lao Yan.",Love
10339,"Manis banget, suka suka apalagi sambil dengerin lagunya itu",Love
10340,"Nggak biasa loe sama kata-kata ku yang zjjaakmwks, aku terkesima. Tungguin aksi mu, sayang.",Love
10341,"[fakta Melody] Melody suka menanam pohon. Maka dari itu dia ambil jurusan pertanian, supaya bisa menanam benih cinta kepadaku.",Love
10342,"asa suka, atau rasa peduli) | surprise (Kaget, terkejut, heran, heboh, kaget, aneh, asing, beda, unik, luar biasa, istimewa, menggelikan, menyenangkan, menghibur, penuh harapan, mengejutkan, membingungkan, berlawanan, aneh, serba salah, tidak pasti, ambigu.)",Love
10343,"Suka banget perkongsian Kai. Teruskanlah, biar aku ikutan naik kereta api di Indonesia.",Love
10344,"parafrase: Nggak percaya kalau ini masker miisoo! Enak banget, bahan-bahannya lembut banget. Walaupun longgar tapi bisa kamu iket untuk rapetnya talinya!",Love
10345,"Wah, jadi lho, cintanya banyak banget kangen ama gw, tp aku bilang gimanaaa gituuu, ga tau kapan lagi bisa ketemu sama dia, gila.",Love
10346,"I Love you so much eonnie, always beautiful and young forever! Selalu suka sama acting-nya di drakor yang pernah ia mainin. Sukses selalu ya eonnie!",Love
10347,Fansnya terlalu cinta padahal couple-nya gak wow banget. Gak suka dan mau lewat tapi harus muncul juga.,Love
10348,"Cewek cemburu itu sebenarnya positif. Semakin sering cemburu, semakin sayang dia sama kamu, semakin takut kehilangan kamu.",Love
10349,"Suka semua, Maruko, banget sih, sopan, si Jadoo, bandel, ya kan itu dia wkwk",Love
10350,"Setelah nonton One Spring Night, aku jadi banyakin ingat kalo ternyata kehidupan asli Junghaein ini sangat romantis dan sayang banget sama pasangannya.",Love
10351,"Tapi lebih nyaman bila aku ga suka dian end, lalu dia suka aku. Itu jadi lebih rasanya dia mencintaku.",Love
10352,"Akhir-akhir ini suka banget nonton ASMR, seruuuu bgt",Love
10353,"punya persahabatan, kenapa gak bs pinter pinter menjaga",Love
10354,Suka banget keknya bikin drag untuk Dy,Love
10355,"Kau tuh saling follow aku, aku baru Sadar. Senyum sambil salting sama karya mu nder, aku sering save in hehe.",Love
10356,"Setelah nonton One Spring Night, makin suka sama dia. Gua banyakin kalo di dunia nyata Junghaein itu emang romantis dan sayang banget sama pasangan dia.",Love
10357,"Kaputt, aku cintaaa. Semoga kamu sehat dan bahagia ya.",Love
10358,Kok aku sering terpesona sama boker?,Love
10359,: yuk ikutan lari! yeyy,Love
10360,"Narasi manis banget, sambil dengerin Give Me Your Forever.",Love
10361,rmh gua bs dapet udara bebas.. aku blom bs tidur.. wkwkkwkk,Love
10362,"Suka banget sama Grace, dia cantik dan pintar. Dia juga setia terhadap cita-citanya.",Love
10363,"Self pampering itu keren banget nih, kayaknya?",Love
10364,"Bisa kok! Film India menarik banget, MOLA TV bisa jadi pilihan.",Love
10365,Lucu banget kan? Saya suka banget banget,Love
10366,"Gue masih suka banget sama foto Ultah Minhyun, cantik bangettt",Love
10367,"Melody suka menanam pohon, jadi dia pun pilih jurusan pertanian. Biar dia bisa menanam benih cintaku padanya",Love
10368,"Cinta, kasih sayang, rasa suka, atau rasa peduli)",Love
10369,"Saya punya crush yaaa, dia lucuu bangett. Nggak bisa nolak dech.",Love
10370,Saya suka banget sharing-share Kai. Jaga kesehatan yaaa. Saya dari Malaysia. Harapan saya bisa naik Kereta Api Indonesia suatu hari nanti,Love
10371,"Wah, aku udah bisa bikin sate yang enak. Nggak usah beli lagi, Anna kan suka banget makan sate",Love
10372,"Kalo jadi creative team bikin konsep comeback idol idol itu pasti seru banget ngebahas bareng idol idol. Atau jadi manager juga okay banget, karena aku selalu naksir banget sama idol idol.",Love
10373,Buah hatiku bikin bahagia ya,Love
10374,"Suka banget waktu masih SD-SMP, kaya kepasar bareng nenek-nenek ama kakek, di becak. Astaga pengen kembali lagi.",Love
10375,"Lagi-lagi gampang ya? Ga jauh-jauh banget kan, 4 tahun. Malah agak heran jika rumor itu benar karena saya sudah bilang banyak kalau lebih suka tipe Jiejie.",Love
10376,Nah ini bikin aku kangen sekali,Love
10377,Sayangnye lopenio. Wonye ga ada duanya. Cuma sayang wonye meski suka marah. Tapi aku masih sayang ayang.,Love
10378,"Selamat pagi Taehyung. Kau paling penting untukku, sayang. Kamu udah makan belum?",Love
10379,"Cewek kalo udah sayang sama orang pasti doyan gitu, apa lagi kalau sudah putus, susah move on banget.",Love
10380,"Saya, nder. Dari dulu suka dengerin Coldplay.",Love
10381,"Suka bgt ngegadoin susu bubuk. Apalagi pake pisang goreng atau donat, uhh ga ketinggalan ngebanyakin lapernya.",Love
10382,"Mak, aku gak suka kalau aku merusak sesuatu, mak, kadang aku lebih sayang dengan NCT daripada album Universe. Silahkan, silahkan. Kalau kamu menanyakan apakah album itu akan dibuang-buang lagi, ya, karena dia ingin tahu tentang apa yang aku lakukan dengan albumnya.",Love
10383,"Eh, ini lucu bangettt. Gue jarang suka sama cowok di TikTok, tapi dia lucu. Kacamataan keren, rambutnya suka banget! Dia kek lucu",Love
10384,"Gue kebiasaan, bedanya kasur ini posesif banget.",Love
10385,"Kebenerannya, aku suka banget nih tema, konsepnya nih.",Love
10386,"Suka banget sama TBZ Summer Time, judulnya udah summer banget sih, ooh, sama Luizy Baby Ride juga.",Love
10387,"parafrase: Jadi dia nge-#mytreasure dong. Kalau kamu lihat #fancam My Treasure dia pastinya akan selalu tersenyum dan tertawa-tawa, apalagi kalau disandingin sama Jeong Woo. Makanya aku sangat menyukainya karena ia benar-benar merasakan dan menikmati panggung itu.",Love
10388,"Pengen jepit k-n-l, suka banget gaya dudukin Top.",Love
10389,"Kenapa aku suka senja? Karena negeri ini kebanyakan pagi, kurangnya senja, kebanyakan gairah, kurangnya perenungan.",Love
10390,Nggak ada yang aku benci.,Love
10391,Masnya ngomong “soon” ternyata kayak artis. Duhuuuu lho.,Love
10392,"Nggak kerasa tuh anaknya udah besar, kayaknya bakalan suka naik sinyo deh",Love
10393,Ada yang suka sama Bill Skarsgård? Reply dan pilih film favoritnya ya! Saya juga tunggu untuk melihat dia beradu peran dalam The Killing of a Sacred Deer bersama Yayan Ruhian yang membintangi film ini sebagai karakter bisu dan buta!,Love
10394,"Awalnya sahabat, eh jadi pacar wkwk, terus saling sayang gimana gitu, akhirnya jadian.",Love
10395,Lebih baik cintain orang yang tulus daripada cintain orang yang hanya ingin disayangi.,Love
10396,"Sebagian wanita suka bila pasangannya bilang, Yank, tolong cek kereta saya",Love
10397,"Dn apa, udah kenal kan? Suka banget sama nama panggilan Ai",Love
10398,"Saya kangen kamu, kamu bikin saya ingin membawamu untuk didrag, setelah itu saya menjadi yang paling menyebabkanmu tersesak oleh dirimu sendiri.",Love
10399,"Nggak tahu kenapa waktu edit alam tu, jari-jari suka banget bikin efeknya kayak gini. Hahaha",Love
10400,Klepon es krimnya enak bangeeeet buat aku yang suka klepon!,Love
10401,"Eits, iya. Namun, jujur, aku suka banget kalau kak uju lagi main alat musik seperti itu. Halo, kamu ganteng banget.",Love
10402,"Lulus lho, sayurannya bener-bener enak, apalagi brokoli! Lucuuuuu",Love
10403,"Oh ya, saya suka juga sama Nov No. 1. Tinggal menunggu outfitnya.",Love
10404,"Papi suka overwork banget, sampai mau mampus deh. Tapi papi juga suka yang manis-manis banget itu. Apalagi?",Love
10405,"), hate (takut, benci, marah, jengkel, kesal, dendam, ngamuk, iritasi, terganggu, tidak suka, iri, dengki, siksa, jijik, gerutu, kepahitan, bentuk umpatan, kata kasar), Neutral (biasa, normal, santai, pesan, kabar, berita, pertanyaan)",Love
10406,"Suka banget sama kesetaraan, pastinya.",Love
10407,Banget ngebayangin jadi creative team yang ngurus konsep. Aku tuh dari dulu suka banget bikin konsep,Love
10408,"Suka banget jalan-jalan sendirian ke tempat-tempat baru. Tapi kadang juga sering merinding ketika berdiri di tengah kerumunan banyak orang yang asing, seperti luar negeri.",Love
10409,"Seneng banget ini eventnya pas banget sama aku, tentang hubungan buruk. Yuk ikutan ya!",Love
10410,"Demi Allah, aku kaget juga, ya Ampun. Peluk, ciummu, muah, Love youuuu",Love
10411,"Sama kayak aku, dia juga suka naik sinjay gitu.",Love
10412,"Beomgyu tampil ya jadi nangis. Keliatannya, aku pengen kangen sama dia. Dia itu manis banget.",Love
10413,Wah senyumnya orang lain lucu banget!,Love
10414,", rasa suka, atau rasa peduli) + surprise (Tertawa, heran, gemas, kejutan, kaget, terkejut, aksi, perbuatan, tindakan, kegiatan, perlakuan, penggalan dialog, pengumuman, acara, upacara, perayaan, event, seremoni, konser, lagu, puisi, film, episode TV, video game, drama, olahraga, bermain, bersenang-senang, kerusuhan, pameran, festival, parade, kont",Love
10415,"Sherlymu really soft, cute banget. I really like her, can't help but fall for her. Canonnya Sherly is very caring and understanding to Liam. But the scenes between them are lacking in number. Come on Takeuchi-sensei! Give us more of your adorable Sherly!",Love
10416,"Temen-temen dekat aku pasti tau kalau aku suka jawab bebas kalo ditanyain “mau apa?” kayaknya. Maka itu, mereka selalu langsung pesenin aja apapun untukku.",Love
10417,aku sayang banget ama NOV1. Tinggal tunggu outfit-nya.,Love
10418,"Suka banget sama pemilihan kata, indah banget huhu.",Love
10419,"Kalau aku suka sama orang itu, aku bakalan bikinnya kaya orang bodoh, tapi kalau dia juga suka aku, aku malah merasa nyebelin.",Love
10420,Aku yang suka klepon itu kayaknya seneng banget sama eskrim.,Love
10421,"mabur, kalau gini yaa gitu lah kalo lo lagi nyari temen. gila2 deh tuh, mampir sebentar, lalu gak pernah balik lagi.",Love
10422,"Zuzu dan Allen punya flow bagus, tapi aku lebih suka Allen karena Ngerqpnya kanata. Walaupun aku jatuh cinta ke Allen, aku juga bisa menyukai Zuzu.",Love
10423,"Keren banget! Keliatannya enak banget! Suka deh kalo yang ga rapi itu, ikutan goreng kolnya!",Love
10424,"sebelum kita berjalan-jalan, dia mengirim chat ini. Iyalah, dia anakku, senang sekali jika saya mengajaknya berkeliling-keliling, apalagi jika bersama orang yang disayangi. Se-simpel itu sebenarnya sudah bahagia ku.",Love
10425,"Hmmm.. tidak. Tapi jujur, aku suka banget kalau kak Uju lagi memainkan alat musik seperti, Halo .. Kamu ganteng banget ..",Love
10426,Cintaku itu selalu indah. Menulis tentangnya penuh dengan sukacita.,Love
10427,"parafrase: Dia keren banget, aku sering liatin fancam My Treasure, dia selalu senyum dan tertawa bahkan saat bersama JeongWoo t^t, karena itu aku suka banget My Treasure.",Love
10428,Langit biru selalu indah di sana..,Love
10429,"Hmmm… aku marah sama kamu, bukan berarti aku galak. Tapi aku hanya menegur karena kamu salah, dan ingin kamu menjadi lebih baik.",Love
10430,Suka banget lope lope dia,Love
10431,"Sumpah, aku langsung gagal fokus pas liat swatchnya di bibirmu. So, I want to try it too! Warna warninya aku suka banget. Ikutan yaa?",Love
10432,Suka banget sama mereka berduaan.,Love
10433,"Makasih kue dan hadiahnya, squidward-nya bagus banget! Suka banget",Love
10434,"Suka sama Cara buat tulisin permasalahan sosial di bukunya ini. Selain tentang tema itu, cinta luas ada di dalamnya.",Love
10435,"Emosi: surprise (Kaget, terkejut, tak sanggup, terpana, heran, terpukau, tercengang, tersentak, terheran-heran, terkejut, syok, terkesima, menggelembungkan mata, terperanjat, tersumbat, terharu, terlindungi, tersembam-bamkan, terlilit.)",Love
10436,"Ci adeuu.. Terima kasih sudah mau mendengarkan keluh kesahku juga, masih suka ngerecokin si Adel yang sayang banget.",Love
10437,"Tapi ya kan, biasanya cowok kayak kamu suka cowo juga kan, sementara cowo itu juga suka perempuan.",Love
10438,Suka banget kalo Jungkook pakai dress begini,Love
10439,"Semua dimulai dari pandangan mata, ketika kita bertemu, rasanya suka datang begitu saja, perlahan menjadi sayang, lalu kita mulai takut untuk kehilangan dirinya.",Love
10440,"Nak lagi suka nyanyi, paling kangenin lagu-lagu yang ada di TV, tapi dia baru 6 tahun. Jadi aku cuma bisa pasrah aja.",Love
10441,F4 Thailand bikin gw jatuh cinta sama Win! Gantengnya luar biasa!,Love
10442,Saya sangat menyukai Bu. Saya sudah mengirim pesan singkatnya tentang kegemaran kontennya. Semoga kamu akan memilih aku.,Love
10443,"Doyan banget sama mobil, nggak bakal pernah bosan",Love
10444,"Kaya gitu sih, aku suka banget sama dia.",Love
10445,"Sama-sama kak, aku suka banget n disini.",Love
10446,"Demi Allah cintamu aja aku akan selalu mencoba, apapun kamu lakukan, aku akan selalu mencintaimu",Love
10447,"Kasih aku aja, aku suka sama coklat.",Love
10448,"Ngeliat Def Sunset di Epicure Semarang lagi nyanyi lagu Sun Set With You, aku kaget! Tapi juga bangga kalau lagu itu buatan kita sendiri.",Love
10449,"Ternyata yaa, aku suka banget ama tema, konsepnya yaa.",Love
10450,": happy (Bahagia, puas, membara, tawa, semangat, gembira, ceria, riang, cerah, enak, makmur, terberkati, euforia, bangga, optimis.)",Love
10451,Oh iyaaa aku suka bgt liat kak uju bermain alat musik seperti ini.,Love
10452,"Drama Lovestruck in the city ringan bangetttt, cocok buat yang suka nonton drakor romantis.",Love
10453,Kakakk bagussss. Suka-suksa Alaska Florida super duper! (Bintangnya ada enam.),Love
10454,"dia udah punya cewek, tapi nyadarin aku lebih tua 3 tahun darinya, haha.. akhirnya ngejar-ngejar, minta izin nyadarin, dia bilang lebih baik kamu nggak nyadarin lagi terus aku yakinin kalau kita doyan sama-sama kayaknya gua udah pinter. padahal udah banyak yang bilang kalau gw paling idiot. setelah bertemu akhirnya dia bilang gue ga ingin kamu dateng terus aku pikir aku udah pasti ngerespon",Love
10455,"Ih enak banget, kayaknya suka deh sama yang ga rapi gitu buletannya, mau ikutan kegoreng kolnya?",Love
10456,Bucin banget sama cowo yang ambissssss,Love
10457,"Paling sukaa di dunia ini gue itu rambutnya, aku jujur anjir kek, struggle banget buat gambarnya.",Love
10458,"Dari novel yang saya baca waktu kecil, banyak sekali tokoh yang saya suka",Love
10459,"Emosi: trust (percaya, yakin, keyakinan, berkeyakinan, meyakini, percaya diri, pantang menyerah, berani, bersemangat, bertanggung jawab, berhati baik, bersih, sederhana, bebas, luar biasa, berharga, berguna, terbaik, ideal, hebat, murni, terpuji, setia, bijaksana, tulus, baik hati, wajar, kreatif, jujur, pantang menyerah, pantang mund",Love
10460,": Dulu suka kamu, tuh bisa dibilang, apa lagi sih alasanmu? Cuma blom kebeneran, hehe, tapi yang akhirnya bisa jadi sejauh ini, karena kamu juga sangat aku sayangi.",Love
10461,"Gara-gara F4 Thai, aku jadi suka dengan Dew, dia tuh ganteng bangettt.",Love
10462,"Cowok yang jujur itu, dia bilang suka kalau dia suka, bilang sayang kalau dia sayang, kalau lapar dia makan!",Love
10463,"Akun chaewon, eh ternyata kamu suka nyoblos wahlaku, hati-hati ya, aku sih akan prank kamu lagi.",Love
10464,"Oke ci. Terima kasih udah mau mendengarkan keluh kesahku juga. Saya masih suka mencari tahu tentang kelahiran Adel, sangat banyak.",Love
10465,"Makasih buat kue dan hadiahnya wkkwkwk, apalagi meme Squidward. Suka banget!",Love
10466,"Cewek itu pasti suka kangen, males banget kalau pas malem ngucapin “sayang, makan sana, nanti jgn tidur malem2 ya” tapi gak ada lagi.",Love
10467,Aku cintaaa diaaa mak aku sukkkkaaaaaa diaaa...,Love
10468,Ini pertanda apa sih? Getarannya gila khan. Hanya lihat senyumannya aja udah bisa bikin glukosa naik,Love
10469,"Dear cowo, apa bedanya kamu sama cewek? Kenapa kamu selalu suka ga jelas dan tidak mau cewek pergi?",Love
10470,"Kpop banget ini pembahasannya. Jadi ga cuma sekedar demen oppa Korea aja, tapi juga harus tau sejarahnya biar tambah wawasan.",Love
10471,"Suka banget sama MS Ny HJ, warna-warninya backgroundnya dan pose-nya itu bikin kamu terkesima. Kenapa dia gak bisa tersenyum? Karena dia kecewa.",Love
10472,"Guudkkkk, aku kalau jatohnyaa sih cintaa banget sampe kayak orang bego, tapi kalau dia jatohnya dah cintaaaa balik, aku malah ilfeel.",Love
10473,Kebucin banget! Lucu ya lihat mereka suka sama orangnya.,Love
10474,"Cinta banget, mak aku suka banget, mak yang sedang banget.",Love
10475,"Omg aku suka banget sama Lee Eon-hee yang selalu awet muda. Keren banget. Semoga sukses terus ya, Lee Eon-hee!",Love
10476,Hooh... kamu serius aja suka banget?,Love
10477,"Banyak hal-hal kecil yang aku lakukan untukmu, padahal kamu sangat menyukainya! Semua ini saya lakukan demi membuatmu senang. Aku sangat mencintaimu!",Love
10478,ang saya sudah mulai mencoba untuk vegan lagi semoga berhasil.,Love
10479,"il parafrase: Hai, Jinni! Cantik banget profilenya. Aku lagi suka lagu Cigarettes After Sex. Apalagi yang ini. Kalau kamu akhir-akhir ini lagi suka dengerin apa? BTW Selamat ya untuk debutmu!",Love
10480,"Tapi aku akan selalu menanti kamu, melihatmu, merasa bahagia, karena kamu sempurna, kamu adalah cintaku, kasih sayangku ini bukanlah sebuah khayalan dalam rindunya.",Love
10481,"Suka banget naik motor sendiri, kayaknya me-time banget deh.",Love
10482,"Wah, terima kasih Allah, aku dikasih keluarga yang baik.",Love
10483,frase: Haechan itu setiap fansign pasti punya gombalan. Dia manis bangeeet. Semua diisi kata-kata yang bikin iri. Beneran suka dia.,Love
10484,"Sebelum kita jalan-jalan, dia chat ini :) Aku kan anaknya. Dia suka sekali diajak jalan-jalan mendadak apalagi sama orang yang disayangi. Se-simple itu ternyata sudah cukup bahagia bagi saya.",Love
10485,"Kelebihan VR aku, paling suka gunain VR untuk nyelamat di laut. Hahaha itu lucu banget. Anakku juga suka banget pake itu, sama olahraga.",Love
10486,Ibu-ibu groseran itu seneng ngomong sayang sama aku?,Love
10487,Nggak ada yang bisa menggantikan Papa Poco.,Love
10488,"Hahaha Kamu gemes banget, kamu suka kalau aku jadi temen?",Love
10489,an aku bakalan suka lho,Love
10490,Mau menanam pohon juga? Gue punya bibit cintamu,Love
10491,"Thanks for the photo ya, padahal aku enggak suka kamu.",Love
10492,": Yeay, sudah sampai giveawaynya. Selimutnya bagus. Suka sekali. Gambar lucu. Beratnya besar. Kasih juga bonus gratis. Terima kasih Phi untuk giveawaynya.",Love
10493,"Suka banget sama kedekatan mereka. Aku pengen TS Tiffany lagi yaa, siapa yang mau menjadi TS Sooyoungnya?",Love
10494,"confusion (Kabur, pusing, susah dimengerti, takjub, heran, penasaran, berbagai macam pikiran, menerima, tidak percaya, mengesampingkan, bingung, cemas, gentar, ragu-ragu, kebingungan, ketidakSadaran, ketidakpahaman, bimbang, kehilangan harapan, takjub, terkejut, bertanya-tanya, bertanyakan diri sendiri, keragu-raguan, meragukan, merasa salah, tidak dapat membedakan ant",Love
10495,"Suka banget! Dari western gitu vibesnya, bagus!",Love
10496,"You deserve it! Suka banget sama karyamu kak, sangat bagus!",Love
10497,"Jujur, banyak cintanya yang datang kepadaku, tapi ku tolak semua. Karena aku masih suka wanita.",Love
10498,Suka banget deh bawa dia buat dibandig. Setelah itu jadi dia yang dimainkan.,Love
10499,"Suatu kebiasaan banget ya, suka ngabarin dadakan",Love
10500,"Cuma aneh-aneh dech yah, anakku suka nyanyi lagu suara radio.",Love
10501,"Makasih fotonya udah dibuatkan, meskipun kamu sendiri engga suka dispet, eh ya, yang penting pas dijadiin, kan?",Love
10502,": Dipikir-pikir, aku orangnya sok asik, tapi ternyata nggak asik kan? Sok akrab banget padahal kayak jijik aja deket sama aku.",Love
10503,Aku really like with cilor..,Love
10504,Suka sama Bill Skarsgård? Reply dan share favorit filmmu. Aku lagi nunggu dia adu peran di Boys Kill the World. Perannya jadi bisu dan tuli mvs.,Love
10505,"Papi Yiyan suka over work sampai mampus, terus suka ngeyeel banget, Papi suka yang manis-manis gitu. Apalagi?",Love
10506,"Mau gabain susu bikin kopi, tapi lebih seringnya pake pisang goreng ya.",Love
10507,"Cewek itu suka lihat cowok ganteng, tapi di dalam hatinya tetep cuma kamu yang dia sayang.",Love
10508,"Keren dech jungkook kaya gitu, style baju pake blazer, bagus",Love
10509,"Bingooo, lucuu! Makasih, sellyy, aku gemes deh dikasih dino gini, sukaaa banget!",Love
10510,"Suka banget dengan aksent Britania karena ketika masuk kedalam telingaku terkesan sangat keren, tapi di sisi lain saya tidak dapat memahami apa yang mereka ucapkan, sehingga sering kali merasa bingung.",Love
10511,"Oooos, manis banget yaa, suka-suaka, sambil dengerin Give Me Your Forever.",Love
10512,gue. gue sayang semua kalian.,Love
10513,Suka banget sama tamao sainya,Love
10514,"Pertama kali aku tau Exo, aku suka banget lihat Suho di tahun 2013, dia begitu imut dan tak ada yang jelek, kan beda ya orang yang kaya.",Love
10515,"Kamu pantas! Suka banget sama karyamu, bagus banget.",Love
10516,"hahaha Nah kan Jean ini suka sama Nana. Iya kan? Yaudah, gak usah dibahas lagi, Nana lah yang bisa menentukan siapa dia sayang, ya?",Love
10517,"thank u buat ini, ya minn klo ditanya, sebenarnya suka baik-baiknya karena kegemaskan. Tapi karna harus pilih, aku memilih Lau Yan deh walau aku sayang juga A Qiao.",Love
10518,Hobi banget sama pola filet,Love
10519,Hutan suka banget robekin celananya.,Love
10520,"Galak, tapi setelah tahu sifatnya di beberapa videonya, jadi suka banget sama dia.",Love
10521,Tas cantik itu bikin aku terharu,Love
10522,Final Chorus nya bagus bangettt,Love
10523,"Suka deh ama cara anak-anak menuliskan permasalahan sosial di buku ini. Selain soal itu, cinta yang luas juga ada di sini",Love
10524,"gal masukin uang 10000, udah dapetin 2 mcflurry yang super lembut gitu. ah, iya, ini bukan thread promotion. saya hanya ingin bertemu seseorang. kalau temen-temen ada, jangan lupa share ya, biar lebih banyak orang yang tau. oh ya, iya, maafkan arogansi saya. yang terakhir, saya doakan semoga kita semua selalu hidup bahagia. salam hangat.",Love
10525,"Waaah filmnya keren, aku suka banget. Tapi sedih endingnya kayak gitu, haha, harus ada happy ending ya.",Love
10526,"I Love you so much, Fellychibi. You make my heart beat every moment. My Love for you is eternal. I'll always be there for you. You're the best! Love, your partner.",Love
10527,"Ohh myy yuzu keren banget pliss. Suka banget sama coverannya. Yuzu ini kalian moots, aku harus dengerin ini.",Love
10528,"Mau kedekatan Tiffany, Sooyoungnya siapa yang ada?",Love
10529,"Mama juga suka denger cerita gue. Kalau udah curhat, dia senyum-senyum senang. Makasih ya, mommy!",Love
10530,"Thank you!! Kenyang banget sama EXO, ceritanya mirip banget suka EXO dr Kyung Soo huwee !! Doain ya aku punya rejeki untuk ikut konser mereka",Love
10531,Ngaku banget lagi suka boker,Love
10532,"Wah, rambutnya lucu bangeeet suka banget.",Love
10533,"Bucin banget sama kata-katanya, indah banget huhu",Love
10534,"Tapi aku cintamu lagi sama foto-foto kecilmu, ga nyangka banget kalau kamu kecil, aku yang paling gak suka lihat foto anak-anak, tapi untukmu aku suka lihat",Love
10535,Suara di headphone kamu seperti ini aku suka sekali :0),Love
10536,"Kecundang banget sama suami, lihat suka beli baju pesta di IG Shop, langsung cuss beli baju. Enaknya kalau terhubung IndiHome, makin mudah belanja online.",Love
10537,"Suka klo kamu ngajakin ngobrol, atau lihat dengan mata manis.",Love
10538,"Suka bangettt, gue udah bilang genre fantasi+tema kerajaan",Love
10539,"lain sambil ngopi, makan, lalu main judi bareng di rumah temen. itulah kenapa aku juga menyukai bang johnny, dia ga perlu ngebuat show2 drama untuk mendapat perhatian orang. aku suka ketemu orang seperti dia.",Love
10540,"Nggak kerasa banget kalo kalian nempelin aku, padahal kita ngobrol hanya untuk ngobrol. Kenapa harus diam saja?",Love
10541,"Terima kasih ya Minal, suka banget sama Qiao karena dia lembut, ramah, dan baik banget seperti malaikat, ga ngerti lagi.",Love
10542,"Setelah nonton Our BeLoved Summer, jadi suka banget sama Choi Woo Sik",Love
10543,Ini punya bukunya enggak sih? Kalau ada mau beli uhuh. Soalnya kereeen banget. Aku suka buku yang ada ilustrasi gini.,Love
10544,Jadikan aku manajer mereka yaahh. Saya suka banget menjadi teman mereka.,Love
10545,": like (Suka, apresiasi, menyukai, simpati, perhatian, merindukan, penghargaan, antusiasme, pujian, dukungan, harapan, penerimaan, menginginkan, permohonan, permintaan, pengakuan, pengakuannya, pengharapan, harapan-harapan, cita-cita, mimpi, impian, kepuasan, kebanggan, sukacita, senang, selamat, salam, ramalan, perkataan)",Love
10546,Padahal mereka juga yang suka di shippingin.,Love
10547,seneng banget ketemu sama elf di sini gpp kak mimin juga suka halu.,Love
10548,"Tahu kan, orang tani biasanya suka sama orang atu dan begitu juga orang atu. Padahal kenyataannya orang tani lebih suka sama orang atu yang pinter, kalau lagi ada crush sama orang lain rasanya kayaknya enak juga.",Love
10549,"Nah Jean sih udah jelas, aslinya suka sama Nana ya. Kalo ada yang bisa dijadikan pilihan selain Nana, siapa lagi? Haha, coba bikin dua karakternya sama-sama Nana aja, biar lebih simpel. Mending jadi seperti biasanya aja, ya?",Love
10550,"I like this one very much, hashtag Pelet Taehyun",Love
10551,Mereka juga sering ship anehnya.,Love
10552,"Seru sekali, aku suka! Emang bagus banget! Spiderman ini aku bisa lihat tiga tokohnya dalam satu film.",Love
10553,Suka banget kalo Jungkook pakai dress seperti itu.,Love
10554,"Spiderman kayaknya keren bangeeeet, aku juga pengen lihat 3 Spiderman di satu film, seruuu",Love
10555,Pengen banget jadi bagian Creative Team yang bikin konsepnya. Gara-gara sejak lama suka bikin konsep semua jenis.,Love
10556,Bucin banget deh warnanya ungu gitu.,Love
10557,"Dulu banget suka sama Aoi, pake banget seehhh",Love
10558,lain buat dapet perhatian darimereka.,Love
10559,"frase: Au Kak Agdys, manteb, aku seneng banget! Klu klase 12, jadi bisa latihan juga. Terimakasih sudah dibaca!",Love
10560,"Suka banget sama kacang, mungkin ituuu yang membuat aku agak nuts",Love
10561,"surprise (Kaget, senyum, tahu, heran, terkejut, tersentak, terpukau, tak sangka, tak terduga, tidak disangka-sangka, kembali ingatan.)",Love
10562,"Sama juga ya aku, banyak cinta yang datang padaku tapi aku tolak semua. Karena aku masih suka cewek!!",Love
10563,"Keren bangett ChongYunnnya, suka bangett! dan shadingnya itu dewa juga!!",Love
10564,"Nggak ada apa-apa, Anna suka banget makan sate.",Love
10565,"Eonnie, yang selalu awet muda. Suka banget sama dia dan Drakor yang pernah dia mainin. Sukses terus ya eonnie!",Love
10566,lain jalan terus ke mana mereka mau.,Love
10567,"Demi Allah, kamu luar biasa! Peluk cium muah, aku mencintaimu!",Love
10568,"Sasuke aku suka banget! Kalo marahnya kaya mirip gue, tapi kalo canggung dia gemes, kayak nggak pernah tau apa-apa.",Love
10569,"Mba aku kurang suka kalau aku merusak sesuatu. Aku pun lebih sayang pada NCT daripada album Universe. Please, waktu NCT bertanya-tanya karena albumnya dimbuang-buang.",Love
10570,"Filmnya seru, tapi aku masih kecewaa karena ending-nya begitu aja ya, padahal aku pengen happy ending.",Love
10571,"Hallo Nadhie, aku pengen minta temenan ama kamu. Kamu gile banget, tulisan kamu bikin jadi lebih imajinatif. Mau kenalan?",Love
10572,hahaha. kalo anaknya ada masalah dia bakal ambil keputusannya sendiri ga usah nunggu laki-laki lagi.,Love
10573,"Bucin banget lagu payphone ini. Sisanya lagu mereka, juga aku suka",Love
10574,"Mungkin cinta itu artinya suka sama suka. Untuk aku, cinta itu artinya suka sama.",Love
10575,"Kaputt, Love you, dan bahagia selalu ya",Love
10576,"Pacarmu tuh cantik banget, tapi malah selalu mengingat masa lampau.",Love
10577,Judul kartunnya apa kak? Saya suka sekali nontonnya.,Love
10578,"Love you, jadi kue enak. Cinta.",Love
10579,"Suka sama Maruko karena anak-anak banget, sopan juga. Si Jadoo itu lumayan bandel ya, kok wkwk",Love
10580,"Maruko itu anak-anaknya banget, sopan dan juga bandel. Jadoo tuh ada sedikit keseriusannya.",Love
10581,"Dia itu anak WOAF, suka word of affirmations kayak gue wkwk. Maaf yaa, aku pun suka cheesy juga.",Love
10582,Sempol ayam siapa yang suka makan ini?,Love
10583,"Gw suka banget sama kamu, tinggal tunggu pakaianmu.",Love
10584,"Suka banget MV nya, simpel tapi ngefek dan enak di liat.",Love
10585,"aku really like this photo of you. I mean, I'm not in Love with it or anything, but I find it to be a beautiful example of your photography skills and artistic vision.",Love
10586,Hanya kamu yang aku sayangi,Love
10587,"Hanya mau satu sama dia, karena dia sangat membuatku nyaman.",Love
10588,"Tapi lebih nyaman kalau aku ga suka dia. Nah lho, jika dia suka padaku ya makin merasa dicintai.",Love
10589,"Emosi: Love (cinta, kasih sayang, rasa suka, atau rasa peduli)",Love
10590,": Oh iya! Lebih suka yang kedua! Lucu juga kan, kalo yang ketiga sama keempat biasa aja sih, kalo yang pertama ga cocok diwarnain tapi tetep suka modelnya",Love
10591,"Fav bangettt, lagunya Payphone, sisanya aku suka semua lagunya.",Love
10592,Kenapa suka banget sama karyamu kak karena sering bikin aku salting sendiri. Ini ngena banget meskipun aku belum punya ayang.,Love
10593,"Serius banget Ibu sayang, aku harus hati-hati",Love
10594,"hate (Benci, membenci, marah, menyebalkan, menjengkelkan, merusak, melukai, membodohi, membingungkan, mempermalukan, memukau, menghilangkan harapan, membuat takut, membuat ketakutan, penderitaan.)",Love
10595,"Ny hijau itu bagus, suka bangetttt. Tapi kok ga senyum, kecewa banget",Love